timesteps,mean_reward,ci95_low,ci95_high,run01,run02,run03,run04,run05
5.000000000000000000e+03,-2.228956152400000121e+02,-2.264930218399999831e+02,-2.181220831600000167e+02,-2.281526780000000088e+02,-2.249724173999999834e+02,-2.141442775999999810e+02,-2.232051656000000150e+02,-2.240035375999999872e+02
1.000000000000000000e+04,-1.833251859999999738e+02,-1.920182732000000101e+02,-1.727617527999999822e+02,-1.936227580000000046e+02,-1.855989879999999914e+02,-1.632022900000000050e+02,-1.805784629999999993e+02,-1.936234310000000107e+02
1.500000000000000000e+04,-1.155868758000000014e+02,-1.291911159999999938e+02,-9.904763880000000142e+01,-1.247129159999999928e+02,-1.106626770000000022e+02,-8.193745400000000245e+01,-1.270559470000000175e+02,-1.335653849999999920e+02
2.000000000000000000e+04,-2.399687120000000107e+01,-3.363576059999999757e+01,-1.630846840000000242e+01,-2.160941499999999849e+01,-1.343741999999999948e+01,-1.761101599999999934e+01,-4.370743900000000082e+01,-2.361906600000000012e+01
2.500000000000000000e+04,-8.049815320000000440e+01,-9.761883650500000442e+01,-6.147180240000000140e+01,-8.524528800000000217e+01,-7.897501699999999403e+01,-1.084864550000000065e+02,-8.361914699999999812e+01,-4.616485899999999987e+01
3.000000000000000000e+04,-1.196679680000000019e+02,-1.336422258000000056e+02,-1.053321494000000058e+02,-1.381719170000000076e+02,-1.137156569999999931e+02,-1.025856160000000017e+02,-1.399797210000000121e+02,-1.038869289999999808e+02
3.500000000000000000e+04,-1.244403274000000010e+02,-1.432156423999999788e+02,-1.037218929550000155e+02,-1.361600929999999892e+02,-1.125391709999999819e+02,-1.277611480000000057e+02,-1.579984389999999905e+02,-8.774278599999999528e+01
4.000000000000000000e+04,-1.206862857999999932e+02,-1.503174254000000190e+02,-9.061852580000001467e+01,-1.710267320000000097e+02,-9.953807299999999714e+01,-1.223692000000000064e+02,-1.389688580000000115e+02,-7.152856599999999787e+01
4.500000000000000000e+04,-1.046538614000000109e+02,-1.263606021999999882e+02,-8.000009231999999315e+01,-9.441620899999999494e+01,-1.091346690000000024e+02,-1.315532670000000053e+02,-1.297809039999999925e+02,-5.838425800000000265e+01
5.000000000000000000e+04,-1.171317191999999920e+02,-1.392346546000000274e+02,-9.502878380000001357e+01,-1.513367450000000076e+02,-1.088161570000000040e+02,-9.518764199999999676e+01,-1.423418130000000019e+02,-8.797623900000000674e+01
5.500000000000000000e+04,-1.145653068000000019e+02,-1.482044255999999791e+02,-8.112682620000001066e+01,-1.687743250000000046e+02,-1.006430239999999969e+02,-1.024250370000000032e+02,-1.340561289999999985e+02,-6.692801900000000614e+01
6.000000000000000000e+04,-1.192742213999999876e+02,-1.442362952000000007e+02,-9.587705980000001205e+01,-1.212723450000000014e+02,-1.221462819999999994e+02,-1.017092920000000049e+02,-1.660666129999999896e+02,-8.517657499999999970e+01
6.500000000000000000e+04,-1.127025463999999886e+02,-1.365258649999999818e+02,-9.066503671000003806e+01,-9.197405999999999437e+01,-1.203902740000000051e+02,-1.167561249999999973e+02,-1.579663799999999867e+02,-7.642589300000000208e+01
7.000000000000000000e+04,-1.002058782000000008e+02,-1.192705451999999866e+02,-8.137363500000000727e+01,-9.377124600000000498e+01,-1.064949509999999862e+02,-9.655306199999999706e+01,-1.353428059999999959e+02,-6.886732600000000559e+01
7.500000000000000000e+04,-1.094457586000000049e+02,-1.218284579999999977e+02,-8.827249300000001142e+01,-1.239016180000000134e+02,-1.163067520000000030e+02,-1.153729110000000020e+02,-1.220645250000000033e+02,-6.958298700000000281e+01
8.000000000000000000e+04,-1.161166639999999859e+02,-1.374587673999999993e+02,-8.499800299999999709e+01,-1.194629179999999877e+02,-1.440974139999999863e+02,-1.146525450000000035e+02,-1.403490500000000054e+02,-6.202139300000000333e+01
8.500000000000000000e+04,-1.254779127999999844e+02,-1.538840625999999929e+02,-8.764630700000000729e+01,-1.525591550000000041e+02,-1.513751949999999908e+02,-1.067635549999999967e+02,-1.570553840000000037e+02,-5.963627499999999770e+01
9.000000000000000000e+04,-1.156686222000000299e+02,-1.334835648950000007e+02,-8.519457940000000917e+01,-1.208987659999999948e+02,-1.363368059999999957e+02,-1.275661090000000115e+02,-1.365945370000000025e+02,-5.694689300000000287e+01
9.500000000000000000e+04,-1.134624292000000025e+02,-1.366369371750000141e+02,-7.615129820000001359e+01,-1.168297250000000105e+02,-1.416295220000000086e+02,-1.217093150000000179e+02,-1.413642969999999934e+02,-4.577928699999999651e+01
1.000000000000000000e+05,-9.458398780000000272e+01,-1.184495175450000062e+02,-6.865108619999999462e+01,-9.281006700000000365e+01,-1.355408119999999883e+02,-9.808136000000000365e+01,-9.620766899999999566e+01,-5.028003100000000103e+01
1.050000000000000000e+05,-9.055824399999998775e+01,-1.134320747999999810e+02,-6.551277840000000197e+01,-6.370066200000000123e+01,-1.284127019999999959e+02,-1.053357660000000067e+02,-1.024996020000000101e+02,-5.284248800000000301e+01
1.100000000000000000e+05,-9.067959920000001262e+01,-1.158339682350000004e+02,-6.322752239999999802e+01,-6.211462000000000216e+01,-1.380402090000000044e+02,-1.022880980000000051e+02,-1.003767710000000051e+02,-5.057829799999999665e+01
1.150000000000000000e+05,-8.593442279999999300e+01,-1.184577173600000037e+02,-4.654414959999999724e+01,-4.608338200000000029e+01,-1.315290799999999933e+02,-9.077817799999999693e+01,-1.363935710000000086e+02,-2.488790300000000144e+01
1.200000000000000000e+05,-8.915837819999998715e+01,-1.182500569999999982e+02,-4.935439960000000070e+01,-9.182344899999999654e+01,-1.338324059999999918e+02,-8.321332400000000007e+01,-1.158810120000000126e+02,-2.104169999999999874e+01
1.250000000000000000e+05,-7.475998280000000307e+01,-1.047258847999999887e+02,-4.304360060000001198e+01,-6.732809000000000310e+01,-8.298425299999999538e+01,-7.414364899999999636e+01,-1.273858950000000050e+02,-2.195802700000000129e+01
1.300000000000000000e+05,-7.009750780000000248e+01,-1.045995458000000156e+02,-3.665757920000000070e+01,-2.985908500000000032e+01,-9.455664600000000064e+01,-6.285255800000000193e+01,-1.328606660000000090e+02,-3.035858400000000046e+01
1.350000000000000000e+05,-5.307941099999999324e+01,-6.680491905499998495e+01,-3.653396632000001176e+01,-2.788937599999999861e+01,-7.114682399999999518e+01,-6.027832099999999116e+01,-6.870451099999999656e+01,-3.737802299999999889e+01
1.400000000000000000e+05,-5.152410999999999319e+01,-7.034570951499998159e+01,-2.983695639999999827e+01,-2.408268699999999995e+01,-7.539123399999999720e+01,-5.146763800000000089e+01,-8.190310599999999397e+01,-2.477588499999999883e+01
1.450000000000000000e+05,-3.719147240000000210e+01,-4.902891920000000425e+01,-2.535402559999999994e+01,-2.545418599999999998e+01,-4.454704600000000170e+01,-5.834134300000000906e+01,-3.936781799999999976e+01,-1.824696899999999999e+01
1.500000000000000000e+05,-3.739926960000000378e+01,-5.074695718000000255e+01,-2.311513820000000052e+01,-1.749924100000000138e+01,-4.926470700000000136e+01,-4.182984700000000089e+01,-5.902887199999999979e+01,-1.937368100000000126e+01
1.550000000000000000e+05,-3.299681679999999773e+01,-4.278422579999999442e+01,-2.315849580000000074e+01,-2.512853399999999837e+01,-4.316814000000000107e+01,-4.617578199999999811e+01,-3.523328500000000219e+01,-1.527834300000000134e+01
1.600000000000000000e+05,-3.592600879999999819e+01,-4.728503440000000069e+01,-2.204828140000000047e+01,-2.585801000000000016e+01,-5.490348800000000296e+01,-4.101415099999999825e+01,-4.458989400000000103e+01,-1.326450099999999921e+01
1.650000000000000000e+05,-2.684840559999999954e+01,-3.502500599999999764e+01,-1.867180520000000143e+01,-2.105298600000000064e+01,-3.674922999999999718e+01,-2.141482200000000091e+01,-4.010587400000000002e+01,-1.491911599999999893e+01
1.700000000000000000e+05,-3.405659659999999889e+01,-4.072222819999999643e+01,-2.739096500000000134e+01,-2.525080300000000122e+01,-3.772504599999999897e+01,-3.639282500000000198e+01,-4.588411200000000179e+01,-2.503019700000000114e+01
1.750000000000000000e+05,-3.327310140000000871e+01,-4.856517240000000868e+01,-2.036817079999999791e+01,-3.562488700000000108e+01,-6.201582100000000253e+01,-3.560874400000000151e+01,-1.196254300000000015e+01,-2.115351199999999920e+01
1.800000000000000000e+05,-3.069690179999999913e+01,-5.148595774999999719e+01,-1.498193039999999954e+01,-2.182636199999999960e+01,-6.957747200000000021e+01,-3.578898499999999672e+01,-1.289588999999999963e+01,-1.339579999999999949e+01
1.850000000000000000e+05,-3.565507319999998970e+01,-5.146234539999998958e+01,-2.102210922500001899e+01,-2.829094699999999918e+01,-5.641517900000000196e+01,-5.809521099999999194e+01,-1.474624499999999827e+01,-2.072778399999999976e+01
1.900000000000000000e+05,-3.259574920000000020e+01,-4.753854259999999954e+01,-1.933180420000000055e+01,-1.820523800000000136e+01,-5.468909299999999973e+01,-4.804110800000000125e+01,-1.645898100000000142e+01,-2.558432600000000079e+01
1.950000000000000000e+05,-2.713913960000000003e+01,-3.961312299999999453e+01,-1.616610354000000882e+01,-1.531751199999999891e+01,-4.971031200000000183e+01,-3.573689900000000108e+01,-2.173319499999999849e+01,-1.319777999999999984e+01
2.000000000000000000e+05,-3.103575700000000026e+01,-5.045804640000000063e+01,-1.724297019999999847e+01,-1.352843100000000121e+01,-2.984910199999999847e+01,-7.024448999999999899e+01,-2.395553500000000113e+01,-1.760122700000000151e+01
