name,mode,direction,target,model_zip,trajectory_csv,summary_json,steady_action_count,steady_reward_mean,steady_reward_min,steady_reward_max,mean_bias_0,mean_bias_1,mean_bias_2,mean_bias_3,mean_bias_4,mean_bias_5,filtered25_bias_0,filtered25_bias_1,filtered25_bias_2,filtered25_bias_3,filtered25_bias_4,filtered25_bias_5,top20_bias_0,top20_bias_1,top20_bias_2,top20_bias_3,top20_bias_4,top20_bias_5,median_bias_0,median_bias_1,median_bias_2,median_bias_3,median_bias_4,median_bias_5,trimmed20_bias_0,trimmed20_bias_1,trimmed20_bias_2,trimmed20_bias_3,trimmed20_bias_4,trimmed20_bias_5
ppo_turn_right_a20_r03_run01,radius,right,0.3,C:\Users\ytyla\Documents\GitHub\robot_eel\mujoco_simulation\outputs\csv_png\ppo_turn_right_a20_r03_run01_eval\best_model\best_model.zip,C:\Users\ytyla\Documents\GitHub\robot_eel\mujoco_simulation\outputs\csv_png\policy_rerun_best_once\ppo_turn_right_a20_r03_run01_policy_rerun_trajectory.csv,C:\Users\ytyla\Documents\GitHub\robot_eel\mujoco_simulation\outputs\csv_png\policy_rerun_best_once\ppo_turn_right_a20_r03_run01_policy_rerun_summary.json,400,-0.11336736072416909,-0.26468729157846405,-9.635091396575923e-05,-0.3499999940395355,-0.3499999940395355,-0.3499999940395355,-0.14237248258898036,-0.026310409231809898,-0.3499999940395355,-0.3499999940395355,-0.3499999940395355,-0.3499999940395355,-0.25645865784026683,-0.14683983877145995,-0.3499999940395355,-0.3499999940395355,-0.3499999940395355,-0.3499999940395355,-0.34039503410458566,-0.28189656329923307,-0.3499999940395355,-0.3499999940395355,-0.3499999940395355,-0.3499999940395355,-0.3499999940395355,-0.1257101632654667,-0.3499999940395355,-0.3499999940395355,-0.3499999940395355,-0.3499999940395355,-0.1642179456190209,-0.026310409231809898,-0.3499999940395355
ppo_turn_right_a20_r03_run02,radius,right,0.3,C:\Users\ytyla\Documents\GitHub\robot_eel\mujoco_simulation\outputs\csv_png\ppo_turn_right_a20_r03_run02_eval\best_model\best_model.zip,C:\Users\ytyla\Documents\GitHub\robot_eel\mujoco_simulation\outputs\csv_png\policy_rerun_best_once\ppo_turn_right_a20_r03_run02_policy_rerun_trajectory.csv,C:\Users\ytyla\Documents\GitHub\robot_eel\mujoco_simulation\outputs\csv_png\policy_rerun_best_once\ppo_turn_right_a20_r03_run02_policy_rerun_summary.json,400,-0.14083975981202912,-0.3476955032557554,-7.352701270546547e-05,-0.3499999940395355,-0.34048182513564823,-0.34676852092146876,-0.20640406575024828,-0.13338368961180094,-0.3303722123242915,-0.3499999940395355,-0.34668847744663556,-0.34893205523490906,-0.26978785745915956,-0.2029449007473886,-0.34164993370572727,-0.3499999940395355,-0.349601461365819,-0.3499999940395355,-0.3438255127519369,-0.3343191710766405,-0.34875545985996725,-0.3499999940395355,-0.3499999940395355,-0.3499999940395355,-0.3499999940395355,-0.23178493976593018,-0.3499999940395355,-0.3499999940395355,-0.3499999940395355,-0.3499999940395355,-0.250190992187709,-0.17284361969272133,-0.3499999940395355
ppo_turn_right_a20_r03_run03,radius,right,0.3,C:\Users\ytyla\Documents\GitHub\robot_eel\mujoco_simulation\outputs\csv_png\ppo_turn_right_a20_r03_run03_eval\best_model\best_model.zip,C:\Users\ytyla\Documents\GitHub\robot_eel\mujoco_simulation\outputs\csv_png\policy_rerun_best_once\ppo_turn_right_a20_r03_run03_policy_rerun_trajectory.csv,C:\Users\ytyla\Documents\GitHub\robot_eel\mujoco_simulation\outputs\csv_png\policy_rerun_best_once\ppo_turn_right_a20_r03_run03_policy_rerun_summary.json,400,-0.12980727644620532,-0.2751909064662219,-0.0006420337343733262,-0.28303434677422046,-0.26211161732673643,-0.2372507143765688,-0.1740721655264497,-0.1662097037397325,-0.04894396149087697,-0.29492504090070726,-0.25715776801109314,-0.23735723565022152,-0.1735870504875978,-0.1714801248908043,-0.05103083931530515,-0.3138260619714856,-0.25713648907840253,-0.23765034191310405,-0.17580053536221385,-0.17428818698972465,-0.0536893576849252,-0.30246807634830475,-0.26914481818675995,-0.2394600287079811,-0.16640448570251465,-0.17183105647563934,-0.046622518450021744,-0.2888304997235535,-0.2631923514604568,-0.23813583735376617,-0.17498079162091018,-0.16772859359160058,-0.04871936558745808
ppo_turn_right_a20_r03_run04,radius,right,0.3,C:\Users\ytyla\Documents\GitHub\robot_eel\mujoco_simulation\outputs\csv_png\ppo_turn_right_a20_r03_run04_eval\best_model\best_model.zip,C:\Users\ytyla\Documents\GitHub\robot_eel\mujoco_simulation\outputs\csv_png\policy_rerun_best_once\ppo_turn_right_a20_r03_run04_policy_rerun_trajectory.csv,C:\Users\ytyla\Documents\GitHub\robot_eel\mujoco_simulation\outputs\csv_png\policy_rerun_best_once\ppo_turn_right_a20_r03_run04_policy_rerun_summary.json,400,-0.13407561602732404,-0.4996868806755461,-9.00651249224893e-06,-0.3499999940395355,-0.3499907135218382,-0.3498824366927147,-0.1683584854763467,-0.14035684910462806,-0.16436173353882622,-0.3499999940395355,-0.3499876200159391,-0.3499498310685158,-0.2535505813996618,-0.23861106860885534,-0.2080526664032368,-0.3499999940395355,-0.3499999940395355,-0.3499999940395355,-0.34334970293566586,-0.3435102380346507,-0.2779700200771913,-0.3499999940395355,-0.3499999940395355,-0.3499999940395355,-0.3499999940395355,-0.3499999940395355,-0.1663932204246521,-0.3499999940395355,-0.3499999940395355,-0.3499999940395355,-0.21085879829828597,-0.17904349584923687,-0.17624388142256073
ppo_turn_right_a20_r03_run05,radius,right,0.3,C:\Users\ytyla\Documents\GitHub\robot_eel\mujoco_simulation\outputs\csv_png\ppo_turn_right_a20_r03_run05_eval\best_model\best_model.zip,C:\Users\ytyla\Documents\GitHub\robot_eel\mujoco_simulation\outputs\csv_png\policy_rerun_best_once\ppo_turn_right_a20_r03_run05_policy_rerun_trajectory.csv,C:\Users\ytyla\Documents\GitHub\robot_eel\mujoco_simulation\outputs\csv_png\policy_rerun_best_once\ppo_turn_right_a20_r03_run05_policy_rerun_summary.json,400,-0.11490497529695119,-0.25601450770749123,-0.002182345338183511,-0.3499999940395355,-0.3499999940395355,-0.3499999940395355,-0.06453978584846481,-0.1714367671385844,-0.3499999940395355,-0.3499999940395355,-0.3499999940395355,-0.3499999940395355,-0.1878443452126036,-0.25604076353619654,-0.3499999940395355,-0.3499999940395355,-0.3499999940395355,-0.3499999940395355,-0.31774265989661216,-0.3402997413650155,-0.3499999940395355,-0.3499999940395355,-0.3499999940395355,-0.3499999940395355,-0.3038730174303055,-0.3499999940395355,-0.3499999940395355,-0.3499999940395355,-0.3499999940395355,-0.3499999940395355,-0.06453978584846481,-0.18315395909179644,-0.3499999940395355
ppo_turn_right_a20_r05_run01,radius,right,0.5,C:\Users\ytyla\Documents\GitHub\robot_eel\mujoco_simulation\outputs\csv_png\ppo_turn_right_a20_r05_run01_eval\best_model\best_model.zip,C:\Users\ytyla\Documents\GitHub\robot_eel\mujoco_simulation\outputs\csv_png\policy_rerun_best_once\ppo_turn_right_a20_r05_run01_policy_rerun_trajectory.csv,C:\Users\ytyla\Documents\GitHub\robot_eel\mujoco_simulation\outputs\csv_png\policy_rerun_best_once\ppo_turn_right_a20_r05_run01_policy_rerun_summary.json,400,-0.09865021543966847,-0.24752986265786311,-0.00034546923877889487,-0.17866022199392317,-0.20988963454961776,-0.19503100780770183,-0.08719910105224699,-0.0711924504954368,-0.0398588207969442,-0.17923918570081393,-0.20487172722816469,-0.19037069243689378,-0.07720275487129886,-0.07280480659256379,-0.04158592745040854,-0.18173192217946052,-0.197938503138721,-0.19031556006520986,-0.06116036726161837,-0.07606135769747198,-0.0428074809955433,-0.17853371053934097,-0.21246042102575302,-0.19798585027456284,-0.09265070036053658,-0.06935980916023254,-0.04164043627679348,-0.17886160328984255,-0.21105223856866345,-0.1960044352337715,-0.08712816436775016,-0.07161866759881393,-0.04002023055218155
ppo_turn_right_a20_r05_run02,radius,right,0.5,C:\Users\ytyla\Documents\GitHub\robot_eel\mujoco_simulation\outputs\csv_png\ppo_turn_right_a20_r05_run02_eval\best_model\best_model.zip,C:\Users\ytyla\Documents\GitHub\robot_eel\mujoco_simulation\outputs\csv_png\policy_rerun_best_once\ppo_turn_right_a20_r05_run02_policy_rerun_trajectory.csv,C:\Users\ytyla\Documents\GitHub\robot_eel\mujoco_simulation\outputs\csv_png\policy_rerun_best_once\ppo_turn_right_a20_r05_run02_policy_rerun_summary.json,400,-0.09739924011533464,-0.32059837662844215,-0.00020701927305131207,-0.20843364894390107,-0.19313056552782654,-0.17563928505405785,-0.1387527268193662,-0.05949583767913282,-0.05441394843823218,-0.20559632867574693,-0.19678589465717475,-0.182372020855546,-0.14112060882151126,-0.06130140616248051,-0.06037006540699319,-0.20256193224340677,-0.19957574345171453,-0.18740552878007294,-0.14298571133986115,-0.06350676566362382,-0.06857285478763515,-0.2029624581336975,-0.18923798203468323,-0.1830073669552803,-0.14045798033475876,-0.06025845557451248,-0.05131440982222557,-0.2080229945480817,-0.19285608123987935,-0.17617030983790768,-0.13890730986371672,-0.059220558507367856,-0.053420494385645806
ppo_turn_right_a20_r05_run03,radius,right,0.5,C:\Users\ytyla\Documents\GitHub\robot_eel\mujoco_simulation\outputs\csv_png\ppo_turn_right_a20_r05_run03_eval\best_model\best_model.zip,C:\Users\ytyla\Documents\GitHub\robot_eel\mujoco_simulation\outputs\csv_png\policy_rerun_best_once\ppo_turn_right_a20_r05_run03_policy_rerun_trajectory.csv,C:\Users\ytyla\Documents\GitHub\robot_eel\mujoco_simulation\outputs\csv_png\policy_rerun_best_once\ppo_turn_right_a20_r05_run03_policy_rerun_summary.json,400,-0.2913260127517247,-1.659684121550505,-0.0014975676493711898,-0.253133537909016,-0.1907551195472479,-0.20393962521804496,-0.11528056399896741,-0.1020676132105291,-0.08426814591599395,-0.2503143654266993,-0.19673959928254287,-0.2003539373166859,-0.1207316768169403,-0.09816469176361958,-0.0814810269139707,-0.2279421809129417,-0.19720565294846892,-0.16808607743587345,-0.1314717996865511,-0.08309752335771918,-0.060807138953532555,-0.27016571164131165,-0.19508888572454453,-0.21563805639743805,-0.11224225535988808,-0.10827276483178139,-0.09200657531619072,-0.26003067523240975,-0.193785089924931,-0.21258715867996167,-0.11462156843394018,-0.10454918542876847,-0.08886531704105448
ppo_turn_right_a20_r05_run04,radius,right,0.5,C:\Users\ytyla\Documents\GitHub\robot_eel\mujoco_simulation\outputs\csv_png\ppo_turn_right_a20_r05_run04_eval\best_model\best_model.zip,C:\Users\ytyla\Documents\GitHub\robot_eel\mujoco_simulation\outputs\csv_png\policy_rerun_best_once\ppo_turn_right_a20_r05_run04_policy_rerun_trajectory.csv,C:\Users\ytyla\Documents\GitHub\robot_eel\mujoco_simulation\outputs\csv_png\policy_rerun_best_once\ppo_turn_right_a20_r05_run04_policy_rerun_summary.json,400,-0.18346352861048754,-1.3039678760408504,-0.00012101382849487584,-0.20566837668418883,-0.1594479748979211,-0.13529621765948832,-0.08388705817051231,-0.06515740281669423,-0.05664724845439196,-0.21552310893932977,-0.16035915213326613,-0.132757192303737,-0.08823984003315369,-0.07299534044228494,-0.05277403457090259,-0.23791160024702548,-0.14876288333907722,-0.10946029359474778,-0.09127040258608758,-0.09687766572460532,-0.0358405813574791,-0.2116190791130066,-0.16041536629199982,-0.14089570194482803,-0.08077827095985413,-0.067814901471138,-0.05974188446998596,-0.20405966050922897,-0.1606563931517303,-0.13690192077308855,-0.08423810999840498,-0.06473637954331923,-0.0572357654757797
ppo_turn_right_a20_r05_run05,radius,right,0.5,C:\Users\ytyla\Documents\GitHub\robot_eel\mujoco_simulation\outputs\csv_png\ppo_turn_right_a20_r05_run05_eval\best_model\best_model.zip,C:\Users\ytyla\Documents\GitHub\robot_eel\mujoco_simulation\outputs\csv_png\policy_rerun_best_once\ppo_turn_right_a20_r05_run05_policy_rerun_trajectory.csv,C:\Users\ytyla\Documents\GitHub\robot_eel\mujoco_simulation\outputs\csv_png\policy_rerun_best_once\ppo_turn_right_a20_r05_run05_policy_rerun_summary.json,400,-0.10955703775741736,-0.35534250967121034,-7.7407498181703e-05,-0.22892820293083788,-0.19064182497095317,-0.19545459382236005,-0.1781203893199563,-0.06350542079309549,-0.028001893680775537,-0.2228757395843665,-0.21784793216735124,-0.21319428487370412,-0.18019247829914092,-0.07375640020193562,-0.00823298104883482,-0.2278828864917159,-0.251697448361665,-0.2452185579575598,-0.20094196777790785,-0.09427499138982967,0.012674060621066019,-0.22203492373228073,-0.2236449345946312,-0.20262061059474945,-0.17655569314956665,-0.07058415561914444,-0.019855606369674206,-0.23296087596565487,-0.19695152107626218,-0.2003696044161919,-0.1813143918849526,-0.06452844074461597,-0.02802927465760146
ppo_turn_right_a20_r07_run01,radius,right,0.7,C:\Users\ytyla\Documents\GitHub\robot_eel\mujoco_simulation\outputs\csv_png\ppo_turn_right_a20_r07_run01_eval\best_model\best_model.zip,C:\Users\ytyla\Documents\GitHub\robot_eel\mujoco_simulation\outputs\csv_png\policy_rerun_best_once\ppo_turn_right_a20_r07_run01_policy_rerun_trajectory.csv,C:\Users\ytyla\Documents\GitHub\robot_eel\mujoco_simulation\outputs\csv_png\policy_rerun_best_once\ppo_turn_right_a20_r07_run01_policy_rerun_summary.json,400,-0.07300687048907317,-0.35809963687065743,-0.0003118148781159188,-0.3499999940395355,-0.3499999940395355,-0.34992808632552624,0.3499999940395355,0.10270081072638276,-0.04161351798422402,-0.3499999940395355,-0.3499999940395355,-0.34998151938120525,0.3499999940395355,0.06677689939194048,-0.0809712064693061,-0.3499999940395355,-0.3499999940395355,-0.3499999940395355,0.3499999940395355,0.0391366229421692,-0.12689815491321496,-0.3499999940395355,-0.3499999940395355,-0.3499999940395355,0.3499999940395355,0.21352118998765945,-0.04360539652407169,-0.3499999940395355,-0.3499999940395355,-0.3499999940395355,0.3499999940395355,0.11542285017261752,-0.05379667325265482
ppo_turn_right_a20_r07_run02,radius,right,0.7,C:\Users\ytyla\Documents\GitHub\robot_eel\mujoco_simulation\outputs\csv_png\ppo_turn_right_a20_r07_run02_eval\best_model\best_model.zip,C:\Users\ytyla\Documents\GitHub\robot_eel\mujoco_simulation\outputs\csv_png\policy_rerun_best_once\ppo_turn_right_a20_r07_run02_policy_rerun_trajectory.csv,C:\Users\ytyla\Documents\GitHub\robot_eel\mujoco_simulation\outputs\csv_png\policy_rerun_best_once\ppo_turn_right_a20_r07_run02_policy_rerun_summary.json,400,-0.21354893081001589,-0.3968129180813637,-0.0698932742282401,-0.17750558398664,-0.18838237207382919,-0.1730131623148918,-0.06510924248956144,-0.08543945495039225,0.011607876334146568,-0.17765310928225517,-0.19525776738921802,-0.16527149140834807,-0.059966149690250554,-0.0897843549773097,0.016573471202160968,-0.17328593358397484,-0.21434721481055022,-0.15059691220521926,-0.05118945334106684,-0.1022691854275763,0.027690657833591103,-0.17482532560825348,-0.1856836974620819,-0.17780745029449463,-0.06604008376598358,-0.08519109338521957,0.011567157693207264,-0.17656906042247997,-0.18830545168370016,-0.1733799502626059,-0.06479773451574147,-0.085419127661735,0.011542097133624354
ppo_turn_right_a20_r07_run03,radius,right,0.7,C:\Users\ytyla\Documents\GitHub\robot_eel\mujoco_simulation\outputs\csv_png\ppo_turn_right_a20_r07_run03_eval\best_model\best_model.zip,C:\Users\ytyla\Documents\GitHub\robot_eel\mujoco_simulation\outputs\csv_png\policy_rerun_best_once\ppo_turn_right_a20_r07_run03_policy_rerun_trajectory.csv,C:\Users\ytyla\Documents\GitHub\robot_eel\mujoco_simulation\outputs\csv_png\policy_rerun_best_once\ppo_turn_right_a20_r07_run03_policy_rerun_summary.json,400,-0.19001235517128495,-0.3838329695457442,-0.0024643411143424137,-0.16887386173009872,-0.13104811790399254,-0.14683956000953913,-0.12061027855612337,-0.05511104266095572,-0.003671303397786687,-0.1618811442454656,-0.12811180585374435,-0.14494227613011995,-0.12701494280248882,-0.06876021286305331,0.02557120204990497,-0.14803274562582375,-0.1241368159186095,-0.1376412053592503,-0.133196631539613,-0.08650476897601038,0.06703046894399449,-0.17510223388671875,-0.12564998865127563,-0.14699915051460266,-0.11889419332146645,-0.05562197417020798,-0.007579997181892395,-0.17000139698386196,-0.13054016087204193,-0.1473417058214549,-0.12029063999652853,-0.05541430935729287,-0.0026791394751489845
ppo_turn_right_a20_r07_run04,radius,right,0.7,C:\Users\ytyla\Documents\GitHub\robot_eel\mujoco_simulation\outputs\csv_png\ppo_turn_right_a20_r07_run04_eval\best_model\best_model.zip,C:\Users\ytyla\Documents\GitHub\robot_eel\mujoco_simulation\outputs\csv_png\policy_rerun_best_once\ppo_turn_right_a20_r07_run04_policy_rerun_trajectory.csv,C:\Users\ytyla\Documents\GitHub\robot_eel\mujoco_simulation\outputs\csv_png\policy_rerun_best_once\ppo_turn_right_a20_r07_run04_policy_rerun_summary.json,400,-0.129052896633873,-0.31199237626256066,-0.015807495326406656,-0.3499999940395355,-0.3499999940395355,-0.3499999940395355,0.13404430202324874,0.08751840930170146,0.3125229514017701,-0.3499999940395355,-0.3499999940395355,-0.3499999940395355,0.1827725692729776,0.10230787258013152,0.3084006435672442,-0.3499999940395355,-0.3499999940395355,-0.3499999940395355,0.276681922149146,0.11229098188923672,0.32663804907351734,-0.3499999940395355,-0.3499999940395355,-0.3499999940395355,0.3226291835308075,0.11689192056655884,0.3499999940395355,-0.3499999940395355,-0.3499999940395355,-0.3499999940395355,0.1569742621399928,0.0961140134904417,0.31645497512072357
ppo_turn_right_a20_r07_run05,radius,right,0.7,C:\Users\ytyla\Documents\GitHub\robot_eel\mujoco_simulation\outputs\csv_png\ppo_turn_right_a20_r07_run05_eval\best_model\best_model.zip,C:\Users\ytyla\Documents\GitHub\robot_eel\mujoco_simulation\outputs\csv_png\policy_rerun_best_once\ppo_turn_right_a20_r07_run05_policy_rerun_trajectory.csv,C:\Users\ytyla\Documents\GitHub\robot_eel\mujoco_simulation\outputs\csv_png\policy_rerun_best_once\ppo_turn_right_a20_r07_run05_policy_rerun_summary.json,400,-0.22252536825455965,-1.249653088014608,-0.0006651097901185947,-0.3497840128839016,-0.3498257215321064,-0.3228738922206685,0.1652883653536992,0.08103054183535278,0.0870059569132718,-0.3499999940395355,-0.3499999940395355,-0.32158217710753284,0.1838128026018967,0.08360363339772447,0.08142493529837035,-0.3499999940395355,-0.3499999940395355,-0.34985098615288734,0.17165207387115516,0.0041520396684063595,-0.005983627462410368,-0.3499999940395355,-0.3499999940395355,-0.3499999940395355,0.17472315579652786,0.08631423115730286,0.09370590001344681,-0.3499999940395355,-0.3499999940395355,-0.3433082797378297,0.17644095328600065,0.07510769519023602,0.0871459538442284
ppo_turn_left_a20_r03_run01,radius,left,0.3,C:\Users\ytyla\Documents\GitHub\robot_eel\mujoco_simulation\outputs\csv_png\ppo_turn_left_a20_r03_run01_eval\best_model\best_model.zip,C:\Users\ytyla\Documents\GitHub\robot_eel\mujoco_simulation\outputs\csv_png\policy_rerun_best_once\ppo_turn_left_a20_r03_run01_policy_rerun_trajectory.csv,C:\Users\ytyla\Documents\GitHub\robot_eel\mujoco_simulation\outputs\csv_png\policy_rerun_best_once\ppo_turn_left_a20_r03_run01_policy_rerun_summary.json,400,-0.15624258834649007,-0.6070496930738465,-0.00015655862584651461,0.3297571115475148,0.3499410317093134,0.34951428189873696,0.19461936366424198,0.1558374739640567,0.2793309758226678,0.3392498178531726,0.3499999940395355,0.3499572801589966,0.24763385970960372,0.21130678025908614,0.3108884321789568,0.3499999940395355,0.3499999940395355,0.3499999940395355,0.3414522150414996,0.3171600310190115,0.34860494900494815,0.3499999940395355,0.3499999940395355,0.3499999940395355,0.3499999940395355,0.3499999940395355,0.3499999940395355,0.34976764798164406,0.3499999940395355,0.3499999940395355,0.22036803301103677,0.17440619023676845,0.29919363897293844
ppo_turn_left_a20_r03_run02,radius,left,0.3,C:\Users\ytyla\Documents\GitHub\robot_eel\mujoco_simulation\outputs\csv_png\ppo_turn_left_a20_r03_run02_eval\best_model\best_model.zip,C:\Users\ytyla\Documents\GitHub\robot_eel\mujoco_simulation\outputs\csv_png\policy_rerun_best_once\ppo_turn_left_a20_r03_run02_policy_rerun_trajectory.csv,C:\Users\ytyla\Documents\GitHub\robot_eel\mujoco_simulation\outputs\csv_png\policy_rerun_best_once\ppo_turn_left_a20_r03_run02_policy_rerun_summary.json,400,-0.17077126655534555,-0.5169249691063904,-0.0011130039213376186,0.33929201677441595,0.32767497781664134,0.26575957467779515,0.26408374754711983,0.1152021663216874,0.03692880013710237,0.3416865022480488,0.3302728419999282,0.2764227750649055,0.25838757380843164,0.10164959096039335,0.027310569386269586,0.3469220018014312,0.34643325451761486,0.29412897741422056,0.2562666581943631,0.08783686100505292,0.020684279755187163,0.3499999940395355,0.3499999940395355,0.26793965697288513,0.2645682543516159,0.1173224225640297,0.03443959914147854,0.3485836216062305,0.3365321067720648,0.2723522882536054,0.26775768365710995,0.11636570028960691,0.03636886298059825
ppo_turn_left_a20_r03_run03,radius,left,0.3,C:\Users\ytyla\Documents\GitHub\robot_eel\mujoco_simulation\outputs\csv_png\ppo_turn_left_a20_r03_run03_eval\best_model\best_model.zip,C:\Users\ytyla\Documents\GitHub\robot_eel\mujoco_simulation\outputs\csv_png\policy_rerun_best_once\ppo_turn_left_a20_r03_run03_policy_rerun_trajectory.csv,C:\Users\ytyla\Documents\GitHub\robot_eel\mujoco_simulation\outputs\csv_png\policy_rerun_best_once\ppo_turn_left_a20_r03_run03_policy_rerun_summary.json,400,-0.11784515287111069,-0.3713481308946662,-0.002164130165550837,0.3499999940395355,0.3499999940395355,0.3499999940395355,0.07301541344029829,0.12321784391300752,0.34632282653823493,0.3499999940395355,0.3499999940395355,0.3499999940395355,0.2044561100099236,0.22697822124076386,0.3461952797820171,0.3499999940395355,0.3499999940395355,0.3499999940395355,0.3499999940395355,0.3382131215184927,0.3471100047230721,0.3499999940395355,0.3499999940395355,0.3499999940395355,0.3499999940395355,0.24918577820062637,0.3499999940395355,0.3499999940395355,0.3499999940395355,0.3499999940395355,0.07301541344029829,0.13675522192614137,0.3499999940395355
ppo_turn_left_a20_r03_run04,radius,left,0.3,C:\Users\ytyla\Documents\GitHub\robot_eel\mujoco_simulation\outputs\csv_png\ppo_turn_left_a20_r03_run04_eval\best_model\best_model.zip,C:\Users\ytyla\Documents\GitHub\robot_eel\mujoco_simulation\outputs\csv_png\policy_rerun_best_once\ppo_turn_left_a20_r03_run04_policy_rerun_trajectory.csv,C:\Users\ytyla\Documents\GitHub\robot_eel\mujoco_simulation\outputs\csv_png\policy_rerun_best_once\ppo_turn_left_a20_r03_run04_policy_rerun_summary.json,400,-0.14485722135735812,-0.6322395775891372,-0.00037252044033109227,0.3499999940395355,0.3499999940395355,0.34654258847236635,0.12109666202333756,0.12750942742219196,0.349745056219399,0.3499999940395355,0.3499999940395355,0.3487214994430542,0.23847659779712557,0.24562890395366896,0.34966007694602014,0.3499999940395355,0.3499999940395355,0.3499999940395355,0.3419191841967404,0.33805429297499356,0.3499999940395355,0.3499999940395355,0.3499999940395355,0.3499999940395355,0.3499999940395355,0.3499999940395355,0.3499999940395355,0.3499999940395355,0.3499999940395355,0.3499999940395355,0.13382126007345493,0.14690354985883475,0.3499999940395355
ppo_turn_left_a20_r03_run05,radius,left,0.3,C:\Users\ytyla\Documents\GitHub\robot_eel\mujoco_simulation\outputs\csv_png\ppo_turn_left_a20_r03_run05_eval\best_model\best_model.zip,C:\Users\ytyla\Documents\GitHub\robot_eel\mujoco_simulation\outputs\csv_png\policy_rerun_best_once\ppo_turn_left_a20_r03_run05_policy_rerun_trajectory.csv,C:\Users\ytyla\Documents\GitHub\robot_eel\mujoco_simulation\outputs\csv_png\policy_rerun_best_once\ppo_turn_left_a20_r03_run05_policy_rerun_summary.json,400,-0.15447791755388857,-0.7295302986720875,-0.0002463930190881314,0.3496272549778223,0.3499999940395355,0.30689949977444486,0.17425114127177949,0.17682742573058932,0.3004272993095219,0.34993434240420657,0.3499999940395355,0.30296842988580464,0.1491383578296033,0.1522698003236049,0.30050157455106574,0.3499999940395355,0.3499999940395355,0.32215373367071154,0.18777747489511967,0.18296081172884443,0.3156326238065958,0.3499999940395355,0.3499999940395355,0.3499999940395355,0.3499999940395355,0.31158456206321716,0.34528960287570953,0.3499999940395355,0.3499999940395355,0.3278589172661301,0.20317725917626375,0.2012639937104541,0.30900672283023634
ppo_turn_left_a20_r05_run01,radius,left,0.5,C:\Users\ytyla\Documents\GitHub\robot_eel\mujoco_simulation\outputs\csv_png\ppo_turn_left_a20_r05_run01_eval\best_model\best_model.zip,C:\Users\ytyla\Documents\GitHub\robot_eel\mujoco_simulation\outputs\csv_png\policy_rerun_best_once\ppo_turn_left_a20_r05_run01_policy_rerun_trajectory.csv,C:\Users\ytyla\Documents\GitHub\robot_eel\mujoco_simulation\outputs\csv_png\policy_rerun_best_once\ppo_turn_left_a20_r05_run01_policy_rerun_summary.json,400,-0.15226727549175828,-2.101355630271196,-0.00012893695213791467,0.24632196247577667,0.2947487621381879,0.20326111904345454,0.20781817549839615,0.09458952262997627,0.010841208603851555,0.24834661888579526,0.30498989020784695,0.21073695562779904,0.21830597216263414,0.08982239730656147,0.015271587493334664,0.27074261400848626,0.3381544478237629,0.24159103985875846,0.24426749926060437,0.07730910615064204,0.02323518712364603,0.26073502004146576,0.32070326805114746,0.23338105529546738,0.2210780531167984,0.09458011016249657,0.012350876815617085,0.252599254138768,0.30716753777116496,0.21155977007001603,0.21830967236310236,0.0942216394841668,0.012005431887846498
ppo_turn_left_a20_r05_run02,radius,left,0.5,C:\Users\ytyla\Documents\GitHub\robot_eel\mujoco_simulation\outputs\csv_png\ppo_turn_left_a20_r05_run02_eval\best_model\best_model.zip,C:\Users\ytyla\Documents\GitHub\robot_eel\mujoco_simulation\outputs\csv_png\policy_rerun_best_once\ppo_turn_left_a20_r05_run02_policy_rerun_trajectory.csv,C:\Users\ytyla\Documents\GitHub\robot_eel\mujoco_simulation\outputs\csv_png\policy_rerun_best_once\ppo_turn_left_a20_r05_run02_policy_rerun_summary.json,400,-0.2691302192405841,-0.5774406025628669,-0.09609248879598331,0.34571924395859244,0.3499999940395355,0.3499999940395355,-0.08565505169215612,-0.19548701722589612,0.15737295924409408,0.34617177069187166,0.3499999940395355,0.3499999940395355,-0.008654322839186837,-0.14910228367206096,0.13643278997022815,0.3499999940395355,0.3499999940395355,0.3499999940395355,0.18822643291787244,-0.045157324746833184,0.08202126942414907,0.3499999940395355,0.3499999940395355,0.3499999940395355,-0.270491823554039,-0.32702696323394775,0.16418809443712234,0.3499999940395355,0.3499999940395355,0.3499999940395355,-0.08702071331324987,-0.22250898522739612,0.16254803132265813
ppo_turn_left_a20_r05_run03,radius,left,0.5,C:\Users\ytyla\Documents\GitHub\robot_eel\mujoco_simulation\outputs\csv_png\ppo_turn_left_a20_r05_run03_eval\best_model\best_model.zip,C:\Users\ytyla\Documents\GitHub\robot_eel\mujoco_simulation\outputs\csv_png\policy_rerun_best_once\ppo_turn_left_a20_r05_run03_policy_rerun_trajectory.csv,C:\Users\ytyla\Documents\GitHub\robot_eel\mujoco_simulation\outputs\csv_png\policy_rerun_best_once\ppo_turn_left_a20_r05_run03_policy_rerun_summary.json,400,-0.28241795471340436,-1.2069007577255952,-0.004104281120895203,0.23007610289379954,0.18623463055861067,0.17188709306530656,0.14579876768868416,0.0848909276294944,0.012240306257008343,0.2255705437809229,0.17209587492417389,0.1641963531449437,0.14119389258945983,0.08162989543930356,0.009092792571949152,0.18512832140550017,0.11080430131914909,0.12290579257532955,0.10587304926011712,0.05191130607363448,-0.008571056830260205,0.24341553449630737,0.1977420449256897,0.18653907626867294,0.15649349242448807,0.09261156618595123,0.004480316303670406,0.2375028944388033,0.19433688458055257,0.1803026697784658,0.1513665983453395,0.09195431498810644,0.011919051564036632
ppo_turn_left_a20_r05_run04,radius,left,0.5,C:\Users\ytyla\Documents\GitHub\robot_eel\mujoco_simulation\outputs\csv_png\ppo_turn_left_a20_r05_run04_eval\best_model\best_model.zip,C:\Users\ytyla\Documents\GitHub\robot_eel\mujoco_simulation\outputs\csv_png\policy_rerun_best_once\ppo_turn_left_a20_r05_run04_policy_rerun_trajectory.csv,C:\Users\ytyla\Documents\GitHub\robot_eel\mujoco_simulation\outputs\csv_png\policy_rerun_best_once\ppo_turn_left_a20_r05_run04_policy_rerun_summary.json,400,-0.3315158163206485,-0.7981902708364329,-0.0028198606480157374,0.30553978549025484,0.2715706855856115,0.285661500536371,0.22894214178631955,0.046254567310897984,0.17717584682395682,0.3231555458934357,0.30051800965952374,0.3074724686316525,0.2621297802239618,0.053048166730538165,0.21061587342216323,0.33902782229706646,0.334976788428321,0.33758969632908703,0.3262081724125892,0.071220694945805,0.2971630208659917,0.3499999940395355,0.3265193998813629,0.3499999940395355,0.3000754117965698,0.057415131479501724,0.21591639518737793,0.3445830553025004,0.2942607863619927,0.309027666598558,0.24656862078234554,0.05068903215462342,0.19358461542753486
ppo_turn_left_a20_r05_run05,radius,left,0.5,C:\Users\ytyla\Documents\GitHub\robot_eel\mujoco_simulation\outputs\csv_png\ppo_turn_left_a20_r05_run05_eval\best_model\best_model.zip,C:\Users\ytyla\Documents\GitHub\robot_eel\mujoco_simulation\outputs\csv_png\policy_rerun_best_once\ppo_turn_left_a20_r05_run05_policy_rerun_trajectory.csv,C:\Users\ytyla\Documents\GitHub\robot_eel\mujoco_simulation\outputs\csv_png\policy_rerun_best_once\ppo_turn_left_a20_r05_run05_policy_rerun_summary.json,400,-0.11583144083224148,-1.0126520096644653,-0.0005494304330100341,0.20011055305600167,0.18161545801442117,0.18286895556375385,0.07914873451845779,0.08449750165556907,0.04634019403136335,0.2031487314403057,0.18694414337476095,0.1882016963015,0.08719743044581264,0.09222927621536656,0.044324648616214594,0.20323075409978628,0.185264701442793,0.1874458092264831,0.08248160870862194,0.08563322443515062,0.04802252524386859,0.2032547891139984,0.1978404000401497,0.19165121763944626,0.07905487716197968,0.07630812749266624,0.05531789921224117,0.2023521052673455,0.18923221208155208,0.19010080784559222,0.07919419221201678,0.08349196424111159,0.04837593860458575
ppo_turn_left_a20_r07_run01,radius,left,0.7,C:\Users\ytyla\Documents\GitHub\robot_eel\mujoco_simulation\outputs\csv_png\ppo_turn_left_a20_r07_run01_eval\best_model\best_model.zip,C:\Users\ytyla\Documents\GitHub\robot_eel\mujoco_simulation\outputs\csv_png\policy_rerun_best_once\ppo_turn_left_a20_r07_run01_policy_rerun_trajectory.csv,C:\Users\ytyla\Documents\GitHub\robot_eel\mujoco_simulation\outputs\csv_png\policy_rerun_best_once\ppo_turn_left_a20_r07_run01_policy_rerun_summary.json,400,-0.1799549509563695,-0.6933729127234387,-0.0031470419746896716,0.11116954359225929,0.12665086248889565,0.09879478701855987,0.07737318590283394,0.08980800252407789,0.01992401667635022,0.10626187924295664,0.12684264118472735,0.08798600797230999,0.07069807084898154,0.07328175877531369,0.021919974990002325,0.09534414843656122,0.12720375964418054,0.0649369043065235,0.05451236930675805,0.03732053004205227,0.02488861610763706,0.11376351490616798,0.12681522965431213,0.1024162620306015,0.07780826464295387,0.09362107887864113,0.01879444345831871,0.11146929686889066,0.12614879578351956,0.09936606934294105,0.07769271072000246,0.09004694334231302,0.019685826716595328
ppo_turn_left_a20_r07_run02,radius,left,0.7,C:\Users\ytyla\Documents\GitHub\robot_eel\mujoco_simulation\outputs\csv_png\ppo_turn_left_a20_r07_run02_eval\best_model\best_model.zip,C:\Users\ytyla\Documents\GitHub\robot_eel\mujoco_simulation\outputs\csv_png\policy_rerun_best_once\ppo_turn_left_a20_r07_run02_policy_rerun_trajectory.csv,C:\Users\ytyla\Documents\GitHub\robot_eel\mujoco_simulation\outputs\csv_png\policy_rerun_best_once\ppo_turn_left_a20_r07_run02_policy_rerun_summary.json,400,-0.07503229992747718,-0.43337842832097834,-0.000583895863732182,0.17267650071531535,0.14309495769441127,0.14183366886340082,0.08496532397344708,0.07242222007829696,0.061173471217043696,0.17524854538341364,0.14030080676078796,0.14362621775517861,0.07574594169855117,0.08042794882009427,0.06863270005832116,0.17867864770814776,0.1380343443714082,0.1446145622059703,0.06507420781999826,0.08994525340385735,0.0772654328495264,0.17692167311906815,0.15156516432762146,0.1440168172121048,0.08899052068591118,0.06976337730884552,0.05903763882815838,0.1737995407730338,0.1447175214625898,0.1425173473358153,0.08646199127659203,0.07223674732260395,0.06068004252389077
ppo_turn_left_a20_r07_run03,radius,left,0.7,C:\Users\ytyla\Documents\GitHub\robot_eel\mujoco_simulation\outputs\csv_png\ppo_turn_left_a20_r07_run03_eval\best_model\best_model.zip,C:\Users\ytyla\Documents\GitHub\robot_eel\mujoco_simulation\outputs\csv_png\policy_rerun_best_once\ppo_turn_left_a20_r07_run03_policy_rerun_trajectory.csv,C:\Users\ytyla\Documents\GitHub\robot_eel\mujoco_simulation\outputs\csv_png\policy_rerun_best_once\ppo_turn_left_a20_r07_run03_policy_rerun_summary.json,400,-0.23021594644063959,-1.3817414941211306,-0.00026344597049503856,0.17306969489902257,0.1539783668331802,0.13539609966799618,0.0505964000113454,0.08772801717146649,0.032797098811715844,0.16985409386456013,0.1543323094646136,0.12960908046923578,0.0503604183444016,0.08538940410052116,0.024742496128504474,0.1837161577306688,0.15928178876638413,0.14314495760481805,0.05199378314464411,0.09566529655567138,0.04016529263317352,0.18795528262853622,0.1562185287475586,0.14143110066652298,0.05223489925265312,0.08632118254899979,0.032649559900164604,0.1758542626723647,0.15571279011666758,0.13674010228365643,0.05123107761610302,0.0881355419568718,0.03407717281486837
ppo_turn_left_a20_r07_run04,radius,left,0.7,C:\Users\ytyla\Documents\GitHub\robot_eel\mujoco_simulation\outputs\csv_png\ppo_turn_left_a20_r07_run04_eval\best_model\best_model.zip,C:\Users\ytyla\Documents\GitHub\robot_eel\mujoco_simulation\outputs\csv_png\policy_rerun_best_once\ppo_turn_left_a20_r07_run04_policy_rerun_trajectory.csv,C:\Users\ytyla\Documents\GitHub\robot_eel\mujoco_simulation\outputs\csv_png\policy_rerun_best_once\ppo_turn_left_a20_r07_run04_policy_rerun_summary.json,400,-0.08568104428134388,-0.6809141575424559,-0.0001926375031493193,0.3499999940395355,0.3486824543774128,0.34793625958263874,-0.16995706687590428,0.020762119166902265,-0.28656303029507396,0.3499999940395355,0.3494763367374738,0.34902476261059445,-0.15802349495114565,0.036509935058032475,-0.2904958393673102,0.3499999940395355,0.3499999940395355,0.3499999940395355,-0.15457590265432372,0.04648048807866871,-0.29277385137975215,0.3499999940395355,0.3499999940395355,0.3499999940395355,-0.17202576249837875,0.04141688346862793,-0.2866389751434326,0.3499999940395355,0.3499999940395355,0.3499999940395355,-0.1745036537898705,0.030932033159188042,-0.2929654822126031
ppo_turn_left_a20_r07_run05,radius,left,0.7,C:\Users\ytyla\Documents\GitHub\robot_eel\mujoco_simulation\outputs\csv_png\ppo_turn_left_a20_r07_run05_eval\best_model\best_model.zip,C:\Users\ytyla\Documents\GitHub\robot_eel\mujoco_simulation\outputs\csv_png\policy_rerun_best_once\ppo_turn_left_a20_r07_run05_policy_rerun_trajectory.csv,C:\Users\ytyla\Documents\GitHub\robot_eel\mujoco_simulation\outputs\csv_png\policy_rerun_best_once\ppo_turn_left_a20_r07_run05_policy_rerun_summary.json,400,-0.09147038046436254,-0.9447162788981164,-0.0010457645235892876,0.16085919635370374,0.1515786316804588,0.10027398911319324,0.11892307760193944,0.041171070481141214,0.046723159504836076,0.16326239511370658,0.15275715331236522,0.09293734060542193,0.12247526586055756,0.04787067659791016,0.04607210064462076,0.15204982906579972,0.14268813962116839,0.0807838890235871,0.12094401363283395,0.05933934999811754,0.041604241816094144,0.1688765212893486,0.15813253819942474,0.09867553040385246,0.11651431769132614,0.04532570391893387,0.04957515187561512,0.16168128380551955,0.1526072679087515,0.10042531613260491,0.11863617086783024,0.04291276997370014,0.0474316338216885
ppo_turn_right_a20_y03_run01,yaw,right,0.3,C:\Users\ytyla\Documents\GitHub\robot_eel\mujoco_simulation\outputs\csv_png\ppo_turn_right_a20_y03_run01_eval\best_model\best_model.zip,C:\Users\ytyla\Documents\GitHub\robot_eel\mujoco_simulation\outputs\csv_png\policy_rerun_best_once\ppo_turn_right_a20_y03_run01_policy_rerun_trajectory.csv,C:\Users\ytyla\Documents\GitHub\robot_eel\mujoco_simulation\outputs\csv_png\policy_rerun_best_once\ppo_turn_right_a20_y03_run01_policy_rerun_summary.json,400,-0.05385497249426265,-0.2430587438842706,-0.00034761572571662125,-0.22340648858924397,-0.2557485632348107,-0.22317600231304824,-0.2045955910126213,0.1981713816174306,-0.03090455604396993,-0.23979798045009373,-0.2674123205749008,-0.23626877094696586,-0.22272518580468992,0.1914878852168719,-0.03338851278162717,-0.25211655659077226,-0.27312717780005186,-0.24147913987399078,-0.23615135659929365,0.18657547780312597,-0.0356391747998714,-0.3499999940395355,-0.3499999940395355,-0.3499999940395355,-0.3499999940395355,0.194361612200737,-0.03844696842133999,-0.2600642362103102,-0.2876678473874927,-0.2515303409964693,-0.23109245417290353,0.1988788960315285,-0.03222795967623815
ppo_turn_right_a20_y03_run02,yaw,right,0.3,C:\Users\ytyla\Documents\GitHub\robot_eel\mujoco_simulation\outputs\csv_png\ppo_turn_right_a20_y03_run02_eval\best_model\best_model.zip,C:\Users\ytyla\Documents\GitHub\robot_eel\mujoco_simulation\outputs\csv_png\policy_rerun_best_once\ppo_turn_right_a20_y03_run02_policy_rerun_trajectory.csv,C:\Users\ytyla\Documents\GitHub\robot_eel\mujoco_simulation\outputs\csv_png\policy_rerun_best_once\ppo_turn_right_a20_y03_run02_policy_rerun_summary.json,400,-0.021822681971994013,-0.07378292411097766,-6.977892733761593e-05,-0.232878844961524,-0.17616228932514788,-0.09875900296494365,-0.04836298699025065,-0.09216988332569599,-0.011838164329765278,-0.23054549942413965,-0.18803636193275453,-0.09852572890619436,-0.04503759179885189,-0.0900245117644469,-0.01120452668289848,-0.21757394149899484,-0.2037804789841175,-0.09546195520088077,-0.038037195592187344,-0.08385045994073152,-0.010242863109579049,-0.24037055671215057,-0.1838473230600357,-0.0941518098115921,-0.04805515147745609,-0.0965634398162365,-0.008209467399865389,-0.23551509507000454,-0.17819734610617194,-0.0979633237421514,-0.04843302651308487,-0.09329802408814443,-0.011344965121479637
ppo_turn_right_a20_y03_run03,yaw,right,0.3,C:\Users\ytyla\Documents\GitHub\robot_eel\mujoco_simulation\outputs\csv_png\ppo_turn_right_a20_y03_run03_eval\best_model\best_model.zip,C:\Users\ytyla\Documents\GitHub\robot_eel\mujoco_simulation\outputs\csv_png\policy_rerun_best_once\ppo_turn_right_a20_y03_run03_policy_rerun_trajectory.csv,C:\Users\ytyla\Documents\GitHub\robot_eel\mujoco_simulation\outputs\csv_png\policy_rerun_best_once\ppo_turn_right_a20_y03_run03_policy_rerun_summary.json,400,-0.03687123183612329,-0.1847907002764432,-0.00019443387926532107,-0.11195346505381167,-0.2591251514432952,-0.21057003108784556,0.004808167499868432,-0.010576166327809914,0.034964844381902366,-0.1131425521026055,-0.2509383763807515,-0.20708557871480782,0.0030458794336300343,-0.015084546705475077,0.03922783582936972,-0.1088482556398958,-0.24203208312392235,-0.20689619313925506,0.03604174280917505,0.007177320268237963,0.07259692666993942,-0.10769269615411758,-0.2953021675348282,-0.22523492574691772,0.00524087599478662,-0.019720972515642643,0.046298371627926826,-0.11215189332142447,-0.26784156966954425,-0.2132488276064394,0.0043290758891089565,-0.010850739370798685,0.039978453612420646
ppo_turn_right_a20_y03_run04,yaw,right,0.3,C:\Users\ytyla\Documents\GitHub\robot_eel\mujoco_simulation\outputs\csv_png\ppo_turn_right_a20_y03_run04_eval\best_model\best_model.zip,C:\Users\ytyla\Documents\GitHub\robot_eel\mujoco_simulation\outputs\csv_png\policy_rerun_best_once\ppo_turn_right_a20_y03_run04_policy_rerun_trajectory.csv,C:\Users\ytyla\Documents\GitHub\robot_eel\mujoco_simulation\outputs\csv_png\policy_rerun_best_once\ppo_turn_right_a20_y03_run04_policy_rerun_summary.json,400,-0.009473619729680744,-0.07303410544463873,-3.8245919972701437e-05,-0.1860079405270517,-0.17050548896193504,-0.13668125351890922,-0.12548019021749496,-0.06103255472611636,-0.00793720252100684,-0.18839808488885562,-0.1724808285633723,-0.13807648258904617,-0.12677353903651237,-0.061708571147173645,-0.008311762202574756,-0.19503726828843354,-0.16044510919600724,-0.13080088905990123,-0.11400797795504332,-0.07230629306286573,-0.019121381427976303,-0.18596124649047852,-0.17005497962236404,-0.13812611252069473,-0.12605348974466324,-0.06371495872735977,-0.01014887448400259,-0.18621404826641025,-0.17087464731186625,-0.13674931257963197,-0.12598620692268006,-0.061242268346250184,-0.008301975200756696
ppo_turn_right_a20_y03_run05,yaw,right,0.3,C:\Users\ytyla\Documents\GitHub\robot_eel\mujoco_simulation\outputs\csv_png\ppo_turn_right_a20_y03_run05_eval\best_model\best_model.zip,C:\Users\ytyla\Documents\GitHub\robot_eel\mujoco_simulation\outputs\csv_png\policy_rerun_best_once\ppo_turn_right_a20_y03_run05_policy_rerun_trajectory.csv,C:\Users\ytyla\Documents\GitHub\robot_eel\mujoco_simulation\outputs\csv_png\policy_rerun_best_once\ppo_turn_right_a20_y03_run05_policy_rerun_summary.json,400,-0.05266392664084181,-0.30814282990764685,-0.0048964591419602185,-0.2061541260406375,-0.1544024834409356,-0.09704062256030738,-0.10999136032070965,-0.025370181083562784,-0.033529549485792814,-0.20815913836161296,-0.15277261830866337,-0.09507369957864284,-0.11190756496042013,-0.026732588466256858,-0.036215325933105,-0.2081672867760062,-0.12655055737122894,-0.07402178510092199,-0.10614376971498132,-0.03901642890414223,-0.04534903698950075,-0.2047724574804306,-0.16453035175800323,-0.09622756019234657,-0.11032167077064514,-0.025292175821959972,-0.032416800037026405,-0.20579000480473003,-0.15490636827424178,-0.09761072060093286,-0.11053231006488201,-0.025280858939513554,-0.03370191690279163
ppo_turn_right_a20_y05_run01,yaw,right,0.5,C:\Users\ytyla\Documents\GitHub\robot_eel\mujoco_simulation\outputs\csv_png\ppo_turn_right_a20_y05_run01_eval\best_model\best_model.zip,C:\Users\ytyla\Documents\GitHub\robot_eel\mujoco_simulation\outputs\csv_png\policy_rerun_best_once\ppo_turn_right_a20_y05_run01_policy_rerun_trajectory.csv,C:\Users\ytyla\Documents\GitHub\robot_eel\mujoco_simulation\outputs\csv_png\policy_rerun_best_once\ppo_turn_right_a20_y05_run01_policy_rerun_summary.json,400,-0.029702376118747154,-0.15582596006980984,-0.00018903768813864906,-0.3428745825402439,-0.3499999940395355,-0.3499999940395355,-0.3499999940395355,0.0367918658319104,0.1766852166641547,-0.3477435708542665,-0.3499999940395355,-0.3499999940395355,-0.3499999940395355,0.020285645110804277,0.16003691836236006,-0.3454357638955116,-0.3499999940395355,-0.3499999940395355,-0.3499999940395355,0.0018157173020881602,0.1308972842500225,-0.3499999940395355,-0.3499999940395355,-0.3499999940395355,-0.3499999940395355,0.0356067530810833,0.1932610273361206,-0.3499999940395355,-0.3499999940395355,-0.3499999940395355,-0.3499999940395355,0.03577586116894968,0.17777393982745726
ppo_turn_right_a20_y05_run02,yaw,right,0.5,C:\Users\ytyla\Documents\GitHub\robot_eel\mujoco_simulation\outputs\csv_png\ppo_turn_right_a20_y05_run02_eval\best_model\best_model.zip,C:\Users\ytyla\Documents\GitHub\robot_eel\mujoco_simulation\outputs\csv_png\policy_rerun_best_once\ppo_turn_right_a20_y05_run02_policy_rerun_trajectory.csv,C:\Users\ytyla\Documents\GitHub\robot_eel\mujoco_simulation\outputs\csv_png\policy_rerun_best_once\ppo_turn_right_a20_y05_run02_policy_rerun_summary.json,400,-0.08158114483459626,-0.35456057629983717,-0.00010455789905170486,-0.28831089846848046,-0.3259520530106965,-0.2569509678898612,-0.19329160164736095,-0.30923862853553147,-0.12191946689767065,-0.2846267070566925,-0.3236343524310117,-0.25523709880110496,-0.19551242377512001,-0.3079752370280524,-0.12354087042389438,-0.2672322516795248,-0.3121139742434025,-0.24400553044397383,-0.17940744241932408,-0.29635410488117486,-0.13283145778768812,-0.3499999940395355,-0.3499999940395355,-0.3499999940395355,-0.30901648104190826,-0.3499999940395355,-0.1193866916000843,-0.32809131473302844,-0.3499999940395355,-0.28820646364241875,-0.23091485901735745,-0.33107635200023616,-0.1180689426837489
ppo_turn_right_a20_y05_run03,yaw,right,0.5,C:\Users\ytyla\Documents\GitHub\robot_eel\mujoco_simulation\outputs\csv_png\ppo_turn_right_a20_y05_run03_eval\best_model\best_model.zip,C:\Users\ytyla\Documents\GitHub\robot_eel\mujoco_simulation\outputs\csv_png\policy_rerun_best_once\ppo_turn_right_a20_y05_run03_policy_rerun_trajectory.csv,C:\Users\ytyla\Documents\GitHub\robot_eel\mujoco_simulation\outputs\csv_png\policy_rerun_best_once\ppo_turn_right_a20_y05_run03_policy_rerun_summary.json,400,-0.023394600031299964,-0.11115587586278282,-0.00013404815798647717,-0.28927731834352016,-0.2689299744367599,-0.24862870931625367,-0.09743904342874884,-0.18346513664349914,-0.01479230081939022,-0.29234653105338415,-0.2682192363838355,-0.24597027232249577,-0.0997238203138113,-0.17944581324855485,-0.01235598566456853,-0.29548658058047295,-0.27297918163239954,-0.24148478489369155,-0.09856371311470866,-0.17901018373668193,-0.011053354221439804,-0.2870393842458725,-0.27011173963546753,-0.25914469361305237,-0.09881746396422386,-0.19296975433826447,-0.017217482440173626,-0.288635894209146,-0.26817683890461924,-0.24949786674231306,-0.09753167955204844,-0.1830033593624831,-0.015145256724645173
ppo_turn_right_a20_y05_run04,yaw,right,0.5,C:\Users\ytyla\Documents\GitHub\robot_eel\mujoco_simulation\outputs\csv_png\ppo_turn_right_a20_y05_run04_eval\best_model\best_model.zip,C:\Users\ytyla\Documents\GitHub\robot_eel\mujoco_simulation\outputs\csv_png\policy_rerun_best_once\ppo_turn_right_a20_y05_run04_policy_rerun_trajectory.csv,C:\Users\ytyla\Documents\GitHub\robot_eel\mujoco_simulation\outputs\csv_png\policy_rerun_best_once\ppo_turn_right_a20_y05_run04_policy_rerun_summary.json,400,-0.08230321148703655,-0.13423031424976176,-0.021715558574691474,-0.26369660556316377,-0.2827153357863426,-0.1948110915720463,-0.10036434502340853,-0.05579126849770546,-0.05225911496170738,-0.2615665756662687,-0.28363856017589567,-0.19749280045429865,-0.10027184230585894,-0.05604888863861561,-0.050149492154596374,-0.253850432112813,-0.29462799448519944,-0.20545159708708524,-0.1190051487646997,-0.05302203637547791,-0.07255411305523012,-0.2689271420240402,-0.2885979115962982,-0.18960483372211456,-0.1044665202498436,-0.05215607210993767,-0.05025860294699669,-0.26427229624241605,-0.2829557580500834,-0.1943573828786617,-0.10108799272216842,-0.055616294909268456,-0.05287987271258309
ppo_turn_right_a20_y05_run05,yaw,right,0.5,C:\Users\ytyla\Documents\GitHub\robot_eel\mujoco_simulation\outputs\csv_png\ppo_turn_right_a20_y05_run05_eval\best_model\best_model.zip,C:\Users\ytyla\Documents\GitHub\robot_eel\mujoco_simulation\outputs\csv_png\policy_rerun_best_once\ppo_turn_right_a20_y05_run05_policy_rerun_trajectory.csv,C:\Users\ytyla\Documents\GitHub\robot_eel\mujoco_simulation\outputs\csv_png\policy_rerun_best_once\ppo_turn_right_a20_y05_run05_policy_rerun_summary.json,400,-0.03242080430740389,-0.23244812598813588,-6.7558997136618615e-06,-0.22447577765211463,-0.23149333257228136,-0.24028016969561578,-0.18130300279706715,-0.11323819283396006,-0.021515509765085882,-0.22837203388412794,-0.2316995967924595,-0.24080814003944398,-0.18378739655017853,-0.11505346511801084,-0.026339777603182787,-0.2215191874653101,-0.2339783625677228,-0.24228887557983397,-0.18304131496697665,-0.11563185639679432,-0.024644717277260496,-0.2267913743853569,-0.24393629282712936,-0.245538167655468,-0.18033313751220703,-0.11271728202700615,-0.020064104348421097,-0.2259241697937252,-0.23286596782505534,-0.24126430690288603,-0.18228619221597914,-0.1140970611572267,-0.02086085554161402
ppo_turn_right_a20_y07_run01,yaw,right,0.7,C:\Users\ytyla\Documents\GitHub\robot_eel\mujoco_simulation\outputs\csv_png\ppo_turn_right_a20_y07_run01_eval\best_model\best_model.zip,C:\Users\ytyla\Documents\GitHub\robot_eel\mujoco_simulation\outputs\csv_png\policy_rerun_best_once\ppo_turn_right_a20_y07_run01_policy_rerun_trajectory.csv,C:\Users\ytyla\Documents\GitHub\robot_eel\mujoco_simulation\outputs\csv_png\policy_rerun_best_once\ppo_turn_right_a20_y07_run01_policy_rerun_summary.json,400,-0.024008779011115252,-0.11608622577747076,-4.175881243515533e-05,-0.3499999940395355,-0.34084913643077014,-0.320545735321939,-0.349796402528882,-0.3499999940395355,-0.3056321621872485,-0.3499999940395355,-0.34115999614199005,-0.32376122479637465,-0.3497937120993932,-0.3499999940395355,-0.31078212335705757,-0.3499999940395355,-0.336997763812542,-0.31652505584061147,-0.3498307380825281,-0.3499999940395355,-0.30434492956846954,-0.3499999940395355,-0.3499999940395355,-0.3499999940395355,-0.3499999940395355,-0.3499999940395355,-0.3499999940395355,-0.3499999940395355,-0.3499999940395355,-0.3408773544430732,-0.3499999940395355,-0.3499999940395355,-0.31439418707042965
ppo_turn_right_a20_y07_run02,yaw,right,0.7,C:\Users\ytyla\Documents\GitHub\robot_eel\mujoco_simulation\outputs\csv_png\ppo_turn_right_a20_y07_run02_eval\best_model\best_model.zip,C:\Users\ytyla\Documents\GitHub\robot_eel\mujoco_simulation\outputs\csv_png\policy_rerun_best_once\ppo_turn_right_a20_y07_run02_policy_rerun_trajectory.csv,C:\Users\ytyla\Documents\GitHub\robot_eel\mujoco_simulation\outputs\csv_png\policy_rerun_best_once\ppo_turn_right_a20_y07_run02_policy_rerun_summary.json,400,-0.037878356006331784,-0.2924987233865096,-0.00011391312638457939,-0.33795145481824873,-0.3478441024199128,-0.3257421050965786,-0.290850787460804,-0.10810959691836615,-0.09323683884460479,-0.34139595498641334,-0.34948333144187926,-0.32836430311203,-0.29059961865345635,-0.120537828632514,-0.09562692672635119,-0.3467945918440819,-0.34940952658653257,-0.3332283850759268,-0.2784401874989271,-0.13080296597327107,-0.09986732397228479,-0.3499999940395355,-0.3499999940395355,-0.33176688849925995,-0.288434162735939,-0.11130840331315994,-0.0949871800839901,-0.34370677821338175,-0.3499999940395355,-0.32836028367280934,-0.2917010421305887,-0.10999642981216315,-0.0936115944199264
ppo_turn_right_a20_y07_run03,yaw,right,0.7,C:\Users\ytyla\Documents\GitHub\robot_eel\mujoco_simulation\outputs\csv_png\ppo_turn_right_a20_y07_run03_eval\best_model\best_model.zip,C:\Users\ytyla\Documents\GitHub\robot_eel\mujoco_simulation\outputs\csv_png\policy_rerun_best_once\ppo_turn_right_a20_y07_run03_policy_rerun_trajectory.csv,C:\Users\ytyla\Documents\GitHub\robot_eel\mujoco_simulation\outputs\csv_png\policy_rerun_best_once\ppo_turn_right_a20_y07_run03_policy_rerun_summary.json,400,-0.07411898424409702,-0.4235509341806248,-0.0014426398618553548,-0.3448679481446743,-0.34661508787423373,-0.3149596238974482,-0.2542696348205209,-0.09214503568131477,-0.10545474959071725,-0.3453015634417534,-0.3461623680094878,-0.31199578231821457,-0.2573997042576472,-0.09233580037330588,-0.10665510200584928,-0.343769907578826,-0.34394544940441846,-0.30605849912390115,-0.2602392828091979,-0.0915450278436765,-0.10531564533011988,-0.3499999940395355,-0.3499999940395355,-0.3259653300046921,-0.2554079741239548,-0.09510016068816185,-0.10806955024600029,-0.3490637286007401,-0.3499999940395355,-0.31983819738030433,-0.2554574156552547,-0.09354591142386193,-0.10673881608992822
ppo_turn_right_a20_y07_run04,yaw,right,0.7,C:\Users\ytyla\Documents\GitHub\robot_eel\mujoco_simulation\outputs\csv_png\ppo_turn_right_a20_y07_run04_eval\best_model\best_model.zip,C:\Users\ytyla\Documents\GitHub\robot_eel\mujoco_simulation\outputs\csv_png\policy_rerun_best_once\ppo_turn_right_a20_y07_run04_policy_rerun_trajectory.csv,C:\Users\ytyla\Documents\GitHub\robot_eel\mujoco_simulation\outputs\csv_png\policy_rerun_best_once\ppo_turn_right_a20_y07_run04_policy_rerun_summary.json,400,-0.06432226015070407,-0.20646460683120763,-0.01803504161261573,-0.3499999940395355,-0.3499999940395355,-0.3468941104412079,-0.3077409268543124,-0.14569505574181676,-0.11550757262855768,-0.3499999940395355,-0.3499999940395355,-0.34603161017100015,-0.3036680338780085,-0.14814021969834965,-0.1094295009970665,-0.3499999940395355,-0.3499999940395355,-0.3483289618045092,-0.2989287365227938,-0.14969926737248898,-0.10182332042604685,-0.3499999940395355,-0.3499999940395355,-0.3499999940395355,-0.3151400685310364,-0.1456182822585106,-0.11026209965348244,-0.3499999940395355,-0.3499999940395355,-0.3499999940395355,-0.31069000229239424,-0.1458661380782723,-0.11412524998188042
ppo_turn_right_a20_y07_run05,yaw,right,0.7,C:\Users\ytyla\Documents\GitHub\robot_eel\mujoco_simulation\outputs\csv_png\ppo_turn_right_a20_y07_run05_eval\best_model\best_model.zip,C:\Users\ytyla\Documents\GitHub\robot_eel\mujoco_simulation\outputs\csv_png\policy_rerun_best_once\ppo_turn_right_a20_y07_run05_policy_rerun_trajectory.csv,C:\Users\ytyla\Documents\GitHub\robot_eel\mujoco_simulation\outputs\csv_png\policy_rerun_best_once\ppo_turn_right_a20_y07_run05_policy_rerun_summary.json,400,-0.07036054391621827,-0.22156994122848625,-0.0006366368843592873,-0.3332709531113505,-0.26534133337438104,-0.3417519883811474,-0.247408479899168,-0.14828626092523337,0.02290011408709688,-0.33116495902339615,-0.26584111114343006,-0.34137402176856996,-0.24673903981844583,-0.14701217201848824,0.02344587577894951,-0.305648098513484,-0.27107539139688014,-0.3356709133833647,-0.24507172126322985,-0.12173549355939031,0.028454789612442254,-0.3499999940395355,-0.26233285665512085,-0.3499999940395355,-0.25285494327545166,-0.15264933556318283,0.020680729299783707,-0.33881822668015926,-0.26608623594045705,-0.3446293192356821,-0.24814127940684558,-0.1490558279864492,0.02212782184593377
ppo_turn_left_a20_y03_run01,yaw,left,0.3,C:\Users\ytyla\Documents\GitHub\robot_eel\mujoco_simulation\outputs\csv_png\ppo_turn_left_a20_y03_run01_eval\best_model\best_model.zip,C:\Users\ytyla\Documents\GitHub\robot_eel\mujoco_simulation\outputs\csv_png\policy_rerun_best_once\ppo_turn_left_a20_y03_run01_policy_rerun_trajectory.csv,C:\Users\ytyla\Documents\GitHub\robot_eel\mujoco_simulation\outputs\csv_png\policy_rerun_best_once\ppo_turn_left_a20_y03_run01_policy_rerun_summary.json,400,-0.035543652753451234,-0.15593670343905106,-4.501542033557015e-05,0.23816292037488893,0.16977344941464254,0.20603082107845694,0.15727984079829185,0.03787362949049566,-0.17450230575806927,0.2358111991857489,0.15900807903613895,0.19850581662108502,0.15502368662001875,0.030459106955580257,-0.17462139546871186,0.23100052784429864,0.13142513718339616,0.17755317656556144,0.149163021169079,0.020863026042934506,-0.16874869051389396,0.3499999940395355,0.3499999940395355,0.3499999940395355,0.21966636925935745,0.036410750821232796,-0.19254694133996964,0.2601988594792786,0.1862409028422553,0.22003310135100068,0.1689411367170397,0.036884183998336074,-0.1768731820769609
ppo_turn_left_a20_y03_run02,yaw,left,0.3,C:\Users\ytyla\Documents\GitHub\robot_eel\mujoco_simulation\outputs\csv_png\ppo_turn_left_a20_y03_run02_eval\best_model\best_model.zip,C:\Users\ytyla\Documents\GitHub\robot_eel\mujoco_simulation\outputs\csv_png\policy_rerun_best_once\ppo_turn_left_a20_y03_run02_policy_rerun_trajectory.csv,C:\Users\ytyla\Documents\GitHub\robot_eel\mujoco_simulation\outputs\csv_png\policy_rerun_best_once\ppo_turn_left_a20_y03_run02_policy_rerun_summary.json,400,-0.03686130437548266,-0.1045512045513597,-7.944827880246308e-05,0.18440197497606278,0.17302062096074222,0.13909797528758644,0.08416886323131621,0.05798016891814768,0.012009193769758895,0.18248763089378675,0.1625695775449276,0.1421725760648648,0.08759713891893625,0.055993746804694336,0.013471972907961269,0.17688279934227466,0.1455169956199825,0.14338019862771034,0.09075858555734158,0.053449536999687554,0.016323803763953038,0.18210168182849884,0.1749049872159958,0.14199815690517426,0.08281125500798225,0.056888580322265625,0.01695036143064499,0.18405194770544736,0.17323189986869725,0.1394898905605081,0.08423179375939062,0.05787971968762589,0.012316281059756871
ppo_turn_left_a20_y03_run03,yaw,left,0.3,C:\Users\ytyla\Documents\GitHub\robot_eel\mujoco_simulation\outputs\csv_png\ppo_turn_left_a20_y03_run03_eval\best_model\best_model.zip,C:\Users\ytyla\Documents\GitHub\robot_eel\mujoco_simulation\outputs\csv_png\policy_rerun_best_once\ppo_turn_left_a20_y03_run03_policy_rerun_trajectory.csv,C:\Users\ytyla\Documents\GitHub\robot_eel\mujoco_simulation\outputs\csv_png\policy_rerun_best_once\ppo_turn_left_a20_y03_run03_policy_rerun_summary.json,400,-0.039401698225370665,-0.13570984837858738,-0.0002925519730444526,0.18330890742712655,0.10859102966103819,0.34733493443578484,0.17507416649488733,0.014692543537094024,0.14269128206368806,0.19546849355877688,0.10644936746393796,0.34961876610914866,0.18151562742578486,0.013425858767974811,0.14745680397353378,0.19949716321425512,0.10589891546405852,0.3499999940395355,0.18863318709190935,0.009952580279787071,0.14974975604127394,0.3499999940395355,0.2854957729578018,0.3499999940395355,0.3229435235261917,0.07376650348305702,0.17240383476018906,0.2208404141629582,0.10859102966103819,0.3499999940395355,0.19050912311999127,0.020330147796048578,0.14223478069528903
ppo_turn_left_a20_y03_run04,yaw,left,0.3,C:\Users\ytyla\Documents\GitHub\robot_eel\mujoco_simulation\outputs\csv_png\ppo_turn_left_a20_y03_run04_eval\best_model\best_model.zip,C:\Users\ytyla\Documents\GitHub\robot_eel\mujoco_simulation\outputs\csv_png\policy_rerun_best_once\ppo_turn_left_a20_y03_run04_policy_rerun_trajectory.csv,C:\Users\ytyla\Documents\GitHub\robot_eel\mujoco_simulation\outputs\csv_png\policy_rerun_best_once\ppo_turn_left_a20_y03_run04_policy_rerun_summary.json,400,-0.011635899030736094,-0.08400004920513157,-5.6479438026446616e-06,0.18388897771947085,0.13058261279016734,0.13130590778775514,0.12091623613610863,0.01934205257206486,0.007200821128953976,0.192956509043773,0.13354565118749936,0.1315265873943766,0.12267345957458019,0.012812882087746402,0.01085104494765498,0.18276312556117774,0.13240636410191656,0.14110122285783291,0.12465847553685308,0.03111507757275831,-0.00031280407956728594,0.18749667704105377,0.14069156348705292,0.14135970920324326,0.12165160849690437,0.02551526390016079,0.0017060005920939147,0.18204315874725588,0.13161852456629253,0.13169021759182198,0.120918660182506,0.019497166339897353,0.006684862639103795
ppo_turn_left_a20_y03_run05,yaw,left,0.3,C:\Users\ytyla\Documents\GitHub\robot_eel\mujoco_simulation\outputs\csv_png\ppo_turn_left_a20_y03_run05_eval\best_model\best_model.zip,C:\Users\ytyla\Documents\GitHub\robot_eel\mujoco_simulation\outputs\csv_png\policy_rerun_best_once\ppo_turn_left_a20_y03_run05_policy_rerun_trajectory.csv,C:\Users\ytyla\Documents\GitHub\robot_eel\mujoco_simulation\outputs\csv_png\policy_rerun_best_once\ppo_turn_left_a20_y03_run05_policy_rerun_summary.json,400,-0.019221994846146628,-0.0928044738310725,-7.366421023196068e-05,0.20897046342492104,0.17336553525179624,0.12457461731508374,0.083873391026209,0.06079799422447195,0.06507429741381202,0.21443285470207532,0.17268113881349564,0.1226585524280866,0.09542691576760262,0.055829611870461426,0.07271588522319992,0.2116470580920577,0.1682616239413619,0.11840317267924547,0.10062340411823242,0.046845290961209686,0.07488870160887018,0.21723823249340057,0.17227467894554138,0.12316635251045227,0.0906064361333847,0.062259986996650696,0.07202750071883202,0.21030067663639848,0.17368153087794788,0.12478789227083346,0.08433878948446374,0.06080180043121796,0.06566555859986706
ppo_turn_left_a20_y05_run01,yaw,left,0.5,C:\Users\ytyla\Documents\GitHub\robot_eel\mujoco_simulation\outputs\csv_png\ppo_turn_left_a20_y05_run01_eval\best_model\best_model.zip,C:\Users\ytyla\Documents\GitHub\robot_eel\mujoco_simulation\outputs\csv_png\policy_rerun_best_once\ppo_turn_left_a20_y05_run01_policy_rerun_trajectory.csv,C:\Users\ytyla\Documents\GitHub\robot_eel\mujoco_simulation\outputs\csv_png\policy_rerun_best_once\ppo_turn_left_a20_y05_run01_policy_rerun_summary.json,400,-0.020992815205391847,-0.20030450524681567,-8.428824717068295e-05,0.22823539618773794,0.3230138930864632,0.14622519933705916,0.23185876448755152,0.2724424013827229,0.02129219627524435,0.2391019492211247,0.3269713244835536,0.15507960672296273,0.24039946528306852,0.27964740274784466,0.015307217255370537,0.2604223414160515,0.33382608294487,0.17210110793821515,0.258307977905497,0.29188663758104666,0.007536533825623337,0.3499999940395355,0.3499999940395355,0.3493223339319229,0.3499999940395355,0.3499999940395355,-0.018252397887408733,0.2512559237740792,0.34197753489017485,0.15961794764822115,0.24769216537592037,0.2956211607158184,0.017652140516365825
ppo_turn_left_a20_y05_run02,yaw,left,0.5,C:\Users\ytyla\Documents\GitHub\robot_eel\mujoco_simulation\outputs\csv_png\ppo_turn_left_a20_y05_run02_eval\best_model\best_model.zip,C:\Users\ytyla\Documents\GitHub\robot_eel\mujoco_simulation\outputs\csv_png\policy_rerun_best_once\ppo_turn_left_a20_y05_run02_policy_rerun_trajectory.csv,C:\Users\ytyla\Documents\GitHub\robot_eel\mujoco_simulation\outputs\csv_png\policy_rerun_best_once\ppo_turn_left_a20_y05_run02_policy_rerun_summary.json,400,-0.05983667704268339,-0.2567980017068469,-0.00017311441929876992,0.3182058273628354,0.24690732229501008,0.21287533089518548,0.14755674419924616,0.12641905150841923,0.04698512661693712,0.3215166059633096,0.24530485391616821,0.21400519127647083,0.15105609414478144,0.12612849530453482,0.046616450272934644,0.3174516147002578,0.25233541391789915,0.21576656084507703,0.14596145376563072,0.12065466302447021,0.056200423886912175,0.32197806239128113,0.25023867189884186,0.2151334509253502,0.1430329754948616,0.12688294053077698,0.04763326048851013,0.32123198337852943,0.24779139157384694,0.21374561544507764,0.1465993142873051,0.12702636633068334,0.048750051722163346
ppo_turn_left_a20_y05_run03,yaw,left,0.5,C:\Users\ytyla\Documents\GitHub\robot_eel\mujoco_simulation\outputs\csv_png\ppo_turn_left_a20_y05_run03_eval\best_model\best_model.zip,C:\Users\ytyla\Documents\GitHub\robot_eel\mujoco_simulation\outputs\csv_png\policy_rerun_best_once\ppo_turn_left_a20_y05_run03_policy_rerun_trajectory.csv,C:\Users\ytyla\Documents\GitHub\robot_eel\mujoco_simulation\outputs\csv_png\policy_rerun_best_once\ppo_turn_left_a20_y05_run03_policy_rerun_summary.json,400,-0.03401036758840102,-0.13542830858614388,-0.00021189709041320446,0.3049330800026655,0.2886777990683913,0.19327997822314502,0.19823348548263311,0.09129683803766966,0.11952159631997347,0.3085019247730573,0.28748827492197354,0.19420296370983123,0.2029359892507394,0.09319037013997634,0.12087726230422656,0.3077365800738335,0.29122774954885244,0.19459966085851194,0.19622979490086437,0.09083241387270391,0.11737941140308976,0.3073226511478424,0.2916351705789566,0.19537881016731262,0.19634215533733368,0.0930410660803318,0.11971434578299522,0.3074554947018617,0.28930537760257763,0.19412658933550092,0.19861904364079228,0.09129503035917905,0.11988876596093195
ppo_turn_left_a20_y05_run04,yaw,left,0.5,C:\Users\ytyla\Documents\GitHub\robot_eel\mujoco_simulation\outputs\csv_png\ppo_turn_left_a20_y05_run04_eval\best_model\best_model.zip,C:\Users\ytyla\Documents\GitHub\robot_eel\mujoco_simulation\outputs\csv_png\policy_rerun_best_once\ppo_turn_left_a20_y05_run04_policy_rerun_trajectory.csv,C:\Users\ytyla\Documents\GitHub\robot_eel\mujoco_simulation\outputs\csv_png\policy_rerun_best_once\ppo_turn_left_a20_y05_run04_policy_rerun_summary.json,400,-0.04335345934094507,-0.2132123783072342,-9.584133035627218e-05,0.13162916370201855,0.2641873259030399,0.18101346319133882,0.2990226292295847,0.22632096645706043,0.25719827126027667,0.1469922864685456,0.27607332276160984,0.19626697686035185,0.3069018172596892,0.2349297178121439,0.2695883030712139,0.1799998844973743,0.296062054282811,0.22711846095044166,0.3213034263812006,0.24979601624654607,0.2961513655260205,0.3499999940395355,0.3499999940395355,0.3499999940395355,0.3499999940395355,0.3499999940395355,0.3499999940395355,0.1353883402841164,0.2907685227319595,0.1965075839828935,0.32246975153684615,0.24171684066699511,0.28184211531654
ppo_turn_left_a20_y05_run05,yaw,left,0.5,C:\Users\ytyla\Documents\GitHub\robot_eel\mujoco_simulation\outputs\csv_png\ppo_turn_left_a20_y05_run05_eval\best_model\best_model.zip,C:\Users\ytyla\Documents\GitHub\robot_eel\mujoco_simulation\outputs\csv_png\policy_rerun_best_once\ppo_turn_left_a20_y05_run05_policy_rerun_trajectory.csv,C:\Users\ytyla\Documents\GitHub\robot_eel\mujoco_simulation\outputs\csv_png\policy_rerun_best_once\ppo_turn_left_a20_y05_run05_policy_rerun_summary.json,400,-0.0317342287505568,-0.13966724036387293,-0.00019068952104617232,0.2748145961057162,0.18053272754419594,0.2172007860628946,0.3489912988245487,0.3245811947062612,0.30676442123949527,0.29369142464439696,0.20862834320093196,0.2391820802842267,0.34878321588039396,0.33138096779584886,0.3079538839062055,0.2936373074539006,0.20835627699270845,0.23502135319868103,0.34719508327543736,0.331334401294589,0.30950966347008946,0.3499999940395355,0.3499999940395355,0.3499999940395355,0.3499999940395355,0.3499999940395355,0.3175794929265976,0.3174826765060421,0.2092767218919471,0.23907996223439112,0.3499999940395355,0.34394104510545703,0.3117884603142738
ppo_turn_left_a20_y07_run01,yaw,left,0.7,C:\Users\ytyla\Documents\GitHub\robot_eel\mujoco_simulation\outputs\csv_png\ppo_turn_left_a20_y07_run01_eval\best_model\best_model.zip,C:\Users\ytyla\Documents\GitHub\robot_eel\mujoco_simulation\outputs\csv_png\policy_rerun_best_once\ppo_turn_left_a20_y07_run01_policy_rerun_trajectory.csv,C:\Users\ytyla\Documents\GitHub\robot_eel\mujoco_simulation\outputs\csv_png\policy_rerun_best_once\ppo_turn_left_a20_y07_run01_policy_rerun_summary.json,400,-0.061563193433764776,-0.44797342534607987,-7.010428303586557e-05,0.2176360823190771,0.27710275873134377,0.29289886896905953,0.26744776162027845,0.2579241673681827,0.34254076312296095,0.2271844001269589,0.28206037080070623,0.2965064979833551,0.27363464433932677,0.2650924178924955,0.3447508992254734,0.20856694113463164,0.2707150541828014,0.291465143347159,0.2674306658067508,0.24989050894437242,0.3428655596449971,0.3499999940395355,0.3499999940395355,0.3499999940395355,0.3499999940395355,0.3499999940395355,0.3499999940395355,0.2440794638893564,0.30524461064487735,0.3118412909284234,0.28331704750657116,0.2861071722768247,0.3499999940395355
ppo_turn_left_a20_y07_run02,yaw,left,0.7,C:\Users\ytyla\Documents\GitHub\robot_eel\mujoco_simulation\outputs\csv_png\ppo_turn_left_a20_y07_run02_eval\best_model\best_model.zip,C:\Users\ytyla\Documents\GitHub\robot_eel\mujoco_simulation\outputs\csv_png\policy_rerun_best_once\ppo_turn_left_a20_y07_run02_policy_rerun_trajectory.csv,C:\Users\ytyla\Documents\GitHub\robot_eel\mujoco_simulation\outputs\csv_png\policy_rerun_best_once\ppo_turn_left_a20_y07_run02_policy_rerun_summary.json,400,-0.06225019749615429,-0.295207861151089,-0.0005683921612324117,0.32531372446217577,0.314356486472534,0.20928310312528992,0.3489063537120819,0.2327670405007666,0.3243071232549846,0.3278361354023218,0.31810499557138733,0.21723371889209375,0.3499999940395355,0.2383578058021764,0.32829204176863036,0.329300264082849,0.3208696366753429,0.218937380699208,0.3499999940395355,0.23244725340045988,0.3300138428807259,0.3499999940395355,0.3499999940395355,0.3499999940395355,0.3499999940395355,0.31491655111312866,0.3499999940395355,0.3499999940395355,0.3499999940395355,0.24056807248061923,0.3499999940395355,0.2467700056359172,0.33515348836779596
ppo_turn_left_a20_y07_run03,yaw,left,0.7,C:\Users\ytyla\Documents\GitHub\robot_eel\mujoco_simulation\outputs\csv_png\ppo_turn_left_a20_y07_run03_eval\best_model\best_model.zip,C:\Users\ytyla\Documents\GitHub\robot_eel\mujoco_simulation\outputs\csv_png\policy_rerun_best_once\ppo_turn_left_a20_y07_run03_policy_rerun_trajectory.csv,C:\Users\ytyla\Documents\GitHub\robot_eel\mujoco_simulation\outputs\csv_png\policy_rerun_best_once\ppo_turn_left_a20_y07_run03_policy_rerun_summary.json,400,-0.05650267581182826,-0.17641529119886473,-0.0033299196980987045,0.3499434589594603,0.3499999940395355,0.32713512018322943,0.2661724019050598,0.16425527103245258,0.12666003067541168,0.3499999940395355,0.3499999940395355,0.325166923503081,0.2661219043036302,0.16292825932304064,0.12582493368536235,0.3499999940395355,0.3499999940395355,0.32932229824364184,0.2688365733250976,0.1591077333316207,0.13695612335577606,0.3499999940395355,0.3499999940395355,0.3499999940395355,0.2645616829395294,0.1635650470852852,0.12702904641628265,0.3499999940395355,0.3499999940395355,0.33222548447549377,0.2657112723216407,0.16426358468830618,0.1256108393240721
ppo_turn_left_a20_y07_run04,yaw,left,0.7,C:\Users\ytyla\Documents\GitHub\robot_eel\mujoco_simulation\outputs\csv_png\ppo_turn_left_a20_y07_run04_eval\best_model\best_model.zip,C:\Users\ytyla\Documents\GitHub\robot_eel\mujoco_simulation\outputs\csv_png\policy_rerun_best_once\ppo_turn_left_a20_y07_run04_policy_rerun_trajectory.csv,C:\Users\ytyla\Documents\GitHub\robot_eel\mujoco_simulation\outputs\csv_png\policy_rerun_best_once\ppo_turn_left_a20_y07_run04_policy_rerun_summary.json,400,-0.04251752828895282,-0.15658555550127082,-2.83784676411436e-05,0.3499999940395355,0.21550708135386232,0.3435062703676522,0.3499870418012142,0.34993410043418405,0.3498330821841955,0.3499999940395355,0.20310754367616027,0.34373828023672104,0.3499999940395355,0.3499999940395355,0.3499999940395355,0.3499999940395355,0.167258712137118,0.345385966449976,0.3499999940395355,0.3499999940395355,0.3499999940395355,0.3499999940395355,0.3499999940395355,0.3499999940395355,0.3499999940395355,0.3499999940395355,0.3499999940395355,0.3499999940395355,0.24197024936787753,0.3499999940395355,0.3499999940395355,0.3499999940395355,0.3499999940395355
ppo_turn_left_a20_y07_run05,yaw,left,0.7,C:\Users\ytyla\Documents\GitHub\robot_eel\mujoco_simulation\outputs\csv_png\ppo_turn_left_a20_y07_run05_eval\best_model\best_model.zip,C:\Users\ytyla\Documents\GitHub\robot_eel\mujoco_simulation\outputs\csv_png\policy_rerun_best_once\ppo_turn_left_a20_y07_run05_policy_rerun_trajectory.csv,C:\Users\ytyla\Documents\GitHub\robot_eel\mujoco_simulation\outputs\csv_png\policy_rerun_best_once\ppo_turn_left_a20_y07_run05_policy_rerun_summary.json,400,-0.043234513843024035,-0.4128406133268682,-0.001719740706634365,0.3485606853663921,0.349976047500968,0.34629849694669246,0.26240925628691913,0.15158022856339812,0.06935285296785879,0.34947278290987016,0.3499999940395355,0.34713412563006085,0.26504242902000746,0.15287688409288724,0.06970797153965881,0.3497950490564108,0.3499999940395355,0.34561349339783193,0.2579042552039027,0.1515835179015994,0.06264334766310639,0.3499999940395355,0.3499999940395355,0.3499999940395355,0.26086007058620453,0.15051382780075073,0.07082153856754303,0.3499999940395355,0.3499999940395355,0.3499999940395355,0.26381159164011414,0.1514900569245216,0.07050372167024768
