frame_index,time_s,detected,x_px,y_px,x_smooth_px,y_smooth_px,red_area_px,component_count
0,0.0,True,467.7381974248927,336.3175965665236,482.5248226950355,341.052,233,7
1,0.03333333333333333,True,482.548,341.052,482.53641134751774,341.1075602836879,250,7
2,0.06666666666666667,True,482.5248226950355,341.16312056737587,482.548,341.16312056737587,282,7
3,0.1,True,485.13475177304963,342.2588652482269,484.74911660777383,342.2588652482269,282,7
4,0.13333333333333333,True,484.74911660777383,344.0388692579505,485.13475177304963,344.0388692579505,283,7
5,0.16666666666666666,True,489.0134228187919,344.255033557047,488.271875,344.255033557047,298,7
6,0.2,True,488.970297029703,346.22442244224425,488.7873015873016,346.22442244224425,303,7
7,0.23333333333333334,True,488.271875,346.884375,488.7873015873016,346.884375,320,7
8,0.26666666666666666,True,488.7873015873016,348.12698412698415,488.67905405405406,348.06325301204816,315,7
9,0.3,True,488.67905405405406,348.1655405405405,488.67905405405406,348.06325301204816,296,7
10,0.3333333333333333,True,485.94879518072287,348.06325301204816,488.7873015873016,348.06325301204816,332,7
11,0.36666666666666664,True,489.9567307692308,346.65865384615387,489.9567307692308,347.4569190600522,416,7
12,0.4,True,490.2793733681462,347.4569190600522,490.2793733681462,347.4569190600522,383,8
13,0.43333333333333335,True,493.4457142857143,346.83142857142855,492.8452722063037,347.4569190600522,350,7
14,0.4666666666666667,True,492.8452722063037,348.49856733524354,493.4457142857143,347.7092651757188,349,7
15,0.5,True,494.2277227722772,349.02640264026405,494.2277227722772,347.7092651757188,303,8
16,0.5333333333333333,True,496.33865814696486,347.7092651757188,496.33865814696486,347.7092651757188,313,7
17,0.5666666666666667,True,500.0101694915254,344.81694915254235,500.0101694915254,344.81694915254235,295,7
18,0.6,True,503.41754385964913,341.63157894736844,500.0101694915254,341.63157894736844,285,7
19,0.6333333333333333,True,503.6606498194946,341.072202166065,503.41754385964913,341.072202166065,277,7
20,0.6666666666666666,True,489.06389776357827,324.1629392971246,503.6606498194946,335.02120141342755,313,8
21,0.7,True,509.52650176678446,335.02120141342755,509.2828685258964,334.2988047808765,283,7
22,0.7333333333333333,True,509.2828685258964,334.2988047808765,509.52650176678446,332.4674796747967,251,7
23,0.7666666666666667,True,510.5813008130081,332.4674796747967,510.5813008130081,332.4674796747967,246,7
24,0.8,True,516.1596958174905,326.4448669201521,511.36821705426354,330.20542635658916,263,8
25,0.8333333333333334,True,511.36821705426354,330.20542635658916,514.5,328.4763779527559,258,7
26,0.8666666666666667,True,514.5,328.4763779527559,516.1596958174905,326.6183745583039,254,7
27,0.9,True,516.8657243816255,326.6183745583039,516.8657243816255,326.7315175097276,283,7
28,0.9333333333333333,True,518.7461538461539,325.7692307692308,518.7461538461539,326.6183745583039,260,7
29,0.9666666666666667,True,519.2607003891051,326.7315175097276,519.2607003891051,326.6183745583039,257,7
30,1.0,True,520.6044776119403,326.2910447761194,519.5475285171103,326.4160583941606,268,7
31,1.0333333333333334,True,519.5475285171103,327.49049429657794,520.6044776119403,326.63120567375887,263,7
32,1.0666666666666667,True,524.9197080291971,326.4160583941606,524.9197080291971,326.4160583941606,274,7
33,1.1,True,526.0035460992908,326.63120567375887,526.0035460992908,326.63120567375887,282,7
34,1.1333333333333333,True,530.0339622641509,325.5622641509434,528.7956204379562,326.63120567375887,265,7
35,1.1666666666666667,True,528.7956204379562,327.90875912408757,530.0339622641509,327.90875912408757,274,7
36,1.2,True,531.3590733590734,329.6293436293436,531.3590733590734,328.851711026616,259,7
37,1.2333333333333334,True,532.3041825095057,330.0988593155894,531.3590733590734,328.851711026616,263,7
38,1.2666666666666666,True,535.6083650190114,328.851711026616,532.3041825095057,329.6293436293436,263,7
39,1.3,True,518.1722972972973,316.1385135135135,535.6083650190114,330.0988593155894,296,8
40,1.3333333333333333,True,539.9212328767123,332.16438356164383,538.8612099644129,328.851711026616,292,8
41,1.3666666666666667,True,538.8612099644129,331.5409252669039,539.9212328767123,331.5409252669039,281,7
42,1.4,True,549.979797979798,320.23569023569024,540.1350482315113,332.16438356164383,297,8
43,1.4333333333333333,True,540.1350482315113,333.61736334405145,540.1350482315113,331.5409252669039,311,7
44,1.4666666666666666,True,542.1165048543689,332.63754045307445,542.1165048543689,332.63754045307445,309,7
45,1.5,True,527.0906148867314,323.9644012944984,542.1165048543689,333.61736334405145,309,9
46,1.5333333333333334,True,542.5770491803279,334.4360655737705,542.5770491803279,334.4360655737705,305,8
47,1.5666666666666667,True,542.9646302250804,336.6784565916399,542.9646302250804,334.4360655737705,311,8
48,1.6,True,544.771812080537,334.7147651006711,544.771812080537,334.4360655737705,298,8
49,1.6333333333333333,True,546.9642857142857,331.72727272727275,546.9642857142857,331.72727272727275,308,8
50,1.6666666666666667,True,548.5,329.2857142857143,548.5,329.2857142857143,266,8
51,1.7,True,549.574144486692,327.27756653992395,549.574144486692,327.27756653992395,263,7
52,1.7333333333333334,True,550.2444444444444,325.6074074074074,549.578947368421,325.6074074074074,270,7
53,1.7666666666666666,True,549.578947368421,325.0140350877193,550.2444444444444,325.0140350877193,285,8
54,1.8,True,550.6588235294117,322.60392156862747,550.6588235294117,322.60392156862747,255,8
55,1.8333333333333333,True,552.5205992509364,318.2958801498127,552.5205992509364,318.2958801498127,267,7
56,1.8666666666666667,True,552.8918918918919,316.57142857142856,552.8918918918919,316.57142857142856,259,7
57,1.9,True,556.1666666666666,310.7613636363636,554.8525896414343,312.40239043824704,264,7
58,1.9333333333333333,True,554.8525896414343,312.40239043824704,555.2172131147541,312.19262295081967,251,7
59,1.9666666666666666,True,555.2172131147541,312.19262295081967,555.2172131147541,310.7613636363636,244,7
60,2.0,True,556.5041666666667,310.3208333333333,555.2172131147541,310.3208333333333,240,7
61,2.033333333333333,True,549.0169491525423,304.47457627118644,556.5041666666667,308.6928838951311,236,8
62,2.066666666666667,True,558.4569288389513,308.6928838951311,558.4569288389513,308.6928838951311,267,7
63,2.1,True,560.4153225806451,306.1733870967742,559.7642276422764,308.6928838951311,248,7
64,2.1333333333333333,True,559.7642276422764,309.7642276422764,560.4153225806451,308.6928838951311,246,7
65,2.1666666666666665,True,560.8100775193799,310.4263565891473,560.8100775193799,308.4230769230769,258,7
66,2.2,True,564.7213114754098,307.7295081967213,564.7213114754098,308.4230769230769,244,7
67,2.2333333333333334,True,565.7777777777778,308.4230769230769,564.7213114754098,307.7295081967213,234,7
68,2.2666666666666666,True,573.5311355311355,302.04761904761904,565.7777777777778,307.7295081967213,273,8
69,2.3,True,557.9227941176471,300.375,571.3453237410072,308.4230769230769,272,8
70,2.3333333333333335,True,572.3972602739726,308.99657534246575,572.3972602739726,308.99657534246575,292,7
71,2.3666666666666667,True,571.3453237410072,312.24460431654677,572.3972602739726,308.99657534246575,278,7
72,2.4,True,572.9558823529412,311.2904411764706,572.9558823529412,308.99657534246575,272,7
73,2.433333333333333,True,581.3623693379791,303.0975609756098,577.8892617449665,308.97986577181206,287,8
74,2.466666666666667,True,577.8892617449665,308.97986577181206,579.3255813953489,308.84363636363634,298,7
75,2.5,True,579.3255813953489,308.51495016611295,580.3892405063291,308.84363636363634,301,7
76,2.533333333333333,True,580.4545454545455,308.84363636363634,580.3892405063291,308.97986577181206,275,7
77,2.566666666666667,True,580.3892405063291,309.73417721518985,580.3892405063291,308.84363636363634,316,7
78,2.6,True,580.9313725490196,309.17973856209153,580.4545454545455,308.84363636363634,306,7
79,2.6333333333333333,True,547.4984126984127,290.3174603174603,580.9313725490196,309.17973856209153,315,9
80,2.6666666666666665,True,582.91875,308.1375,582.91875,308.1375,320,8
81,2.7,True,583.2523961661342,309.6261980830671,583.2523961661342,306.71626297577853,313,8
82,2.7333333333333334,True,583.757785467128,306.71626297577853,583.757785467128,306.71626297577853,289,8
83,2.7666666666666666,True,584.0066666666667,302.1766666666667,584.0066666666667,302.1766666666667,300,8
84,2.8,True,584.304347826087,299.4021739130435,584.304347826087,299.4021739130435,276,8
85,2.8333333333333335,True,584.677304964539,296.7411347517731,584.304347826087,297.07782101167317,282,8
86,2.8666666666666667,True,584.7237354085603,297.07782101167317,584.304347826087,296.7411347517731,257,7
87,2.9,True,584.0112781954887,291.06390977443607,584.0112781954887,291.06390977443607,266,7
88,2.933333333333333,True,583.5320754716981,287.0830188679245,583.5320754716981,287.0830188679245,265,7
89,2.966666666666667,True,583.2750929368029,286.51301115241637,583.2750929368029,286.51301115241637,269,7
90,3.0,True,582.9692307692308,285.1653846153846,583.0118577075099,285.1653846153846,260,7
91,3.033333333333333,True,582.9111111111112,281.1111111111111,582.9692307692308,283.8776371308017,270,7
92,3.066666666666667,True,583.0118577075099,280.6166007905138,582.9111111111112,281.48790322580646,253,7
93,3.1,True,581.9198312236286,283.8776371308017,582.9111111111112,281.1111111111111,237,7
94,3.1333333333333333,True,582.5322580645161,281.48790322580646,583.0118577075099,280.6166007905138,248,7
95,3.1666666666666665,True,583.4449152542373,279.28389830508473,583.4449152542373,280.21008403361344,236,7
96,3.2,True,584.2647058823529,280.21008403361344,584.2647058823529,279.95669291338584,238,7
97,3.2333333333333334,True,585.0944881889764,279.95669291338584,585.0944881889764,279.28389830508473,254,7
98,3.2666666666666666,True,595.7519083969465,267.09923664122135,587.5377049180328,276.7764227642276,262,8
99,3.3,True,588.6788617886178,276.7764227642276,588.6788617886178,274.11071428571427,246,7
100,3.3333333333333335,True,587.5377049180328,272.0327868852459,589.8678571428571,272.0327868852459,305,7
101,3.3666666666666667,True,589.8678571428571,274.11071428571427,589.8678571428571,272.0327868852459,280,7
102,3.4,True,591.4113207547169,271.4603773584906,591.4113207547169,271.7526132404181,265,7
103,3.433333333333333,True,593.2287822878229,271.4612546125461,593.2287822878229,271.7526132404181,271,7
104,3.466666666666667,True,595.5574912891987,271.7526132404181,595.5574912891987,271.4612546125461,287,7
105,3.5,True,597.010067114094,272.96308724832215,597.010067114094,271.4612546125461,298,7
106,3.533333333333333,True,597.5373665480427,269.8113879003559,597.5373665480427,269.8113879003559,281,7
107,3.566666666666667,True,601.6905537459284,265.4201954397394,598.8375451263538,269.8113879003559,307,8
108,3.6,True,598.8375451263538,269.7364620938628,600.9233333333333,269.8113879003559,277,7
109,3.6333333333333333,True,601.2891986062717,270.780487804878,601.2891986062717,270.5,287,7
110,3.6666666666666665,True,600.9233333333333,270.5,601.2891986062717,270.5,300,7
111,3.7,True,603.100977198697,271.51791530944627,601.2891986062717,270.5,307,7
112,3.7333333333333334,True,602.78,269.74666666666667,601.2608695652174,269.74666666666667,300,7
113,3.7666666666666666,True,601.2608695652174,266.2040133779264,602.103125,266.2040133779264,299,7
114,3.8,True,600.9383561643835,264.6335616438356,601.6805111821086,265.809375,292,7
115,3.8333333333333335,True,602.103125,265.809375,601.6805111821086,264.6335616438356,320,8
116,3.8666666666666667,True,601.6805111821086,264.3897763578275,601.6805111821086,264.3897763578275,313,9
117,3.9,True,605.4485049833887,255.7043189368771,601.6805111821086,255.7043189368771,301,10
118,3.933333333333333,True,573.3057324840764,251.64968152866243,597.4981684981685,253.8168498168498,314,9
119,3.966666666666667,True,597.4981684981685,253.8168498168498,597.4981684981685,251.64968152866243,273,7
120,4.0,True,596.1984732824427,251.50763358778627,596.1984732824427,251.50763358778627,262,7
121,4.033333333333333,True,598.492700729927,251.0182481751825,596.1984732824427,251.0182481751825,274,8
122,4.066666666666666,True,593.3498098859316,246.79847908745248,593.3498098859316,248.1390977443609,263,7
123,4.1,True,593.1691729323309,248.1390977443609,593.1691729323309,246.79847908745248,266,7
124,4.133333333333334,True,591.8816326530613,245.5469387755102,593.1691729323309,245.5469387755102,245,7
125,4.166666666666667,True,590.7110266159696,243.67300380228136,591.8816326530613,243.67300380228136,263,7
126,4.2,True,596.0368852459017,243.51639344262296,590.7110266159696,243.51639344262296,244,8
127,4.233333333333333,True,590.1044176706828,242.1847389558233,590.360594795539,242.1847389558233,249,7
128,4.266666666666667,True,589.8277153558053,240.81273408239701,590.3100775193799,241.23791821561338,267,7
129,4.3,True,590.360594795539,241.23791821561338,590.1044176706828,240.81273408239701,269,7
130,4.333333333333333,True,590.3100775193799,238.8294573643411,590.3100775193799,238.8294573643411,258,7
131,4.366666666666666,True,537.6713780918728,215.6007067137809,590.360594795539,238.61363636363637,283,9
132,4.4,True,591.1969696969697,238.61363636363637,591.1969696969697,236.5551181102362,264,7
133,4.433333333333334,True,593.5551181102362,236.5551181102362,592.5805243445693,232.61048689138576,254,8
134,4.466666666666667,True,592.5805243445693,232.61048689138576,593.5551181102362,232.61048689138576,267,7
135,4.5,True,596.6754098360656,229.52786885245902,595.1414141414141,230.95286195286195,305,8
136,4.533333333333333,True,595.1414141414141,230.95286195286195,596.4615384615385,229.52786885245902,297,7
137,4.566666666666666,True,596.4615384615385,229.47826086956522,596.6754098360656,229.52786885245902,299,7
138,4.6,True,604.9491525423729,221.45762711864407,599.6466666666666,229.47826086956522,295,8
139,4.633333333333334,True,599.8363636363637,230.17090909090908,599.8363636363637,226.27666666666667,275,7
140,4.666666666666667,True,599.6466666666666,226.27666666666667,600.51677852349,225.3815789473684,300,7
141,4.7,True,600.51677852349,225.26174496644296,600.51677852349,225.3815789473684,298,7
142,4.733333333333333,True,601.4276315789474,225.3815789473684,600.8453947368421,225.26174496644296,304,7
143,4.766666666666667,True,600.8453947368421,224.51973684210526,600.8453947368421,224.51973684210526,304,7
144,4.8,True,601.3908450704225,223.46830985915494,601.0645161290323,223.46830985915494,284,7
145,4.833333333333333,True,599.7278911564625,221.71768707482994,601.0645161290323,223.46830985915494,294,7
146,4.866666666666666,True,601.0645161290323,221.9641577060932,601.3908450704225,221.9641577060932,279,7
147,4.9,True,602.645259938838,223.7981651376147,601.0645161290323,221.71768707482994,327,7
148,4.933333333333334,True,606.2030303030303,218.45757575757577,601.0645161290323,220.10932475884243,330,9
149,4.966666666666667,True,600.9228295819936,220.10932475884243,600.9228295819936,218.45757575757577,311,9
150,5.0,True,597.7448979591836,216.9421768707483,597.7448979591836,216.9421768707483,294,9
151,5.033333333333333,True,597.0939597315436,216.23489932885906,597.0939597315436,216.23489932885906,298,8
152,5.066666666666666,True,591.4191176470588,211.20220588235293,591.4191176470588,211.20220588235293,272,7
153,5.1,True,588.208480565371,209.2862190812721,588.5627376425856,209.81749049429658,283,7
154,5.133333333333334,True,588.5627376425856,209.81749049429658,588.208480565371,209.2862190812721,263,7
155,5.166666666666667,True,585.3321167883212,207.8941605839416,585.3321167883212,208.1158301158301,274,7
156,5.2,True,584.6138996138997,208.1158301158301,584.6138996138997,207.8941605839416,259,7
157,5.233333333333333,True,583.2671755725191,207.14885496183206,583.2671755725191,207.14885496183206,262,7
158,5.266666666666667,True,582.1862068965518,207.05862068965519,582.1862068965518,207.05862068965519,290,7
159,5.3,True,580.1949458483755,205.82671480144404,580.1949458483755,205.82671480144404,277,7
160,5.333333333333333,True,566.2669172932331,200.18421052631578,577.4375,203.11328125,266,8
161,5.366666666666666,True,577.4375,203.11328125,576.4630350194552,202.1828793774319,256,7
162,5.4,True,575.7353951890034,201.64604810996565,575.8357142857143,201.64604810996565,291,7
163,5.433333333333334,True,576.4630350194552,202.1828793774319,576.4630350194552,201.64604810996565,257,7
164,5.466666666666667,True,575.8357142857143,200.64285714285714,576.4630350194552,200.64285714285714,280,7
165,5.5,True,577.054945054945,200.32234432234432,576.4630350194552,200.32234432234432,273,7
166,5.533333333333333,True,577.0070921985815,200.03191489361703,577.0070921985815,200.03191489361703,282,7
167,5.566666666666666,True,575.5054545454545,197.81454545454545,577.0070921985815,197.81454545454545,275,7
168,5.6,True,578.0636042402826,191.18374558303887,575.5054545454545,192.15040650406505,283,8
169,5.633333333333334,True,575.1585365853658,192.15040650406505,575.5054545454545,191.18374558303887,246,7
170,5.666666666666667,True,563.4,186.76785714285714,575.3494809688582,190.39930555555554,280,8
171,5.7,True,576.7847222222222,190.39930555555554,575.3494809688582,188.78546712802768,288,7
172,5.733333333333333,True,575.3494809688582,188.78546712802768,576.3825503355705,188.10689655172413,289,7
173,5.766666666666667,True,578.0586206896552,188.10689655172413,576.7847222222222,188.10689655172413,290,7
174,5.8,True,576.3825503355705,186.38255033557047,577.5275080906149,186.38255033557047,298,7
175,5.833333333333333,True,577.5275080906149,185.1359223300971,577.5275080906149,185.1359223300971,309,7
176,5.866666666666666,True,578.9840255591055,184.6517571884984,577.5275080906149,184.6517571884984,313,7
177,5.9,True,570.7125382262997,180.53516819571865,578.9840255591055,182.41640378548897,327,8
178,5.933333333333334,True,588.9875,178.2375,578.9840255591055,181.43682310469313,320,8
179,5.966666666666667,True,579.813880126183,182.41640378548897,579.813880126183,181.43682310469313,317,7
180,6.0,True,578.4115523465704,181.43682310469313,579.813880126183,181.43682310469313,277,7
181,6.033333333333333,True,581.7483443708609,183.97019867549668,578.4115523465704,181.43682310469313,302,8
182,6.066666666666666,True,573.7263513513514,179.59459459459458,573.7263513513514,179.59459459459458,296,7
183,6.1,True,572.7532467532468,178.8474025974026,572.7532467532468,178.8474025974026,308,7
184,6.133333333333334,True,568.429022082019,177.74132492113566,569.740350877193,178.47368421052633,317,9
185,6.166666666666667,True,569.740350877193,178.47368421052633,568.429022082019,177.74132492113566,285,7
186,6.2,True,562.1516245487364,176.81227436823104,562.1516245487364,176.81227436823104,277,7
187,6.233333333333333,True,558.5928853754941,176.41106719367588,558.5928853754941,176.41106719367588,253,7
188,6.266666666666667,True,555.439330543933,176.20502092050208,555.439330543933,176.41106719367588,239,7
189,6.3,True,551.2554744525547,175.98540145985402,552.4754716981132,176.41106719367588,274,7
190,6.333333333333333,True,552.4754716981132,176.6943396226415,551.2554744525547,176.6943396226415,265,7
191,6.366666666666666,True,550.566265060241,176.75903614457832,551.0967741935484,176.75903614457832,249,7
192,6.4,True,551.0967741935484,177.16935483870967,550.7063829787234,177.16935483870967,248,7
193,6.433333333333334,True,550.7063829787234,177.54893617021276,550.566265060241,177.16935483870967,235,7
194,6.466666666666667,True,550.2677165354331,177.76771653543307,550.2677165354331,177.16935483870967,254,7
195,6.5,True,548.1489361702128,176.63404255319148,549.4566929133858,176.8228346456693,235,7
196,6.533333333333333,True,549.4566929133858,176.8228346456693,548.1489361702128,176.63404255319148,254,7
197,6.566666666666666,True,547.2137404580153,175.57251908396947,548.1489361702128,175.57251908396947,262,7
198,6.6,True,547.0674603174604,174.23015873015873,549.4566929133858,174.23015873015873,252,7
199,6.633333333333334,True,555.5201612903226,169.54435483870967,547.2137404580153,169.65019011406844,248,8
200,6.666666666666667,True,552.7293233082706,167.58270676691728,548.1035714285714,169.54435483870967,266,8
201,6.7,True,547.0266159695817,169.65019011406844,548.6305970149253,168.31071428571428,263,7
202,6.733333333333333,True,548.1035714285714,168.31071428571428,548.1035714285714,167.58270676691728,280,7
203,6.766666666666667,True,548.6305970149253,167.3992537313433,547.0266159695817,167.3992537313433,268,7
204,6.8,True,546.4352517985611,163.63669064748203,546.4352517985611,163.63669064748203,278,7
205,6.833333333333333,True,543.078231292517,162.9047619047619,544.2647058823529,162.9047619047619,294,7
206,6.866666666666666,True,543.6654545454545,161.31636363636363,544.2647058823529,161.31636363636363,275,7
207,6.9,True,544.2647058823529,160.9607843137255,544.2647058823529,160.9607843137255,306,7
208,6.933333333333334,True,545.0550161812298,159.45307443365695,544.2647058823529,159.45307443365695,309,7
209,6.966666666666667,True,545.3716216216217,156.38175675675674,544.2647058823529,156.62928348909657,296,8
210,7.0,True,532.517571884984,153.5367412140575,540.0124610591901,156.38175675675674,313,8
211,7.033333333333333,True,540.0124610591901,156.62928348909657,540.0124610591901,155.78134110787173,321,7
212,7.066666666666666,True,538.1046511627907,152.47383720930233,540.0124610591901,154.78055555555557,344,9
213,7.1,True,544.1428571428571,155.78134110787173,540.8746268656716,154.78055555555557,343,7
214,7.133333333333334,True,542.6194444444444,154.78055555555557,540.8746268656716,153.325,360,7
215,7.166666666666667,True,540.8746268656716,152.7223880597015,540.8746268656716,153.67477203647417,335,9
216,7.2,True,536.8,153.325,536.8,153.67477203647417,320,7
217,7.233333333333333,True,534.2705167173252,153.67477203647417,534.2705167173252,153.67477203647417,329,8
218,7.266666666666667,True,526.0448717948718,155.66666666666666,528.98,154.59666666666666,312,7
219,7.3,True,528.98,154.59666666666666,526.0448717948718,155.66666666666666,300,7
220,7.333333333333333,True,521.0571428571428,156.71428571428572,521.0571428571428,156.71428571428572,280,7
221,7.366666666666666,True,517.7074074074075,157.88518518518518,517.7074074074075,157.88518518518518,270,7
222,7.4,True,516.7340067340067,158.62626262626262,516.7340067340067,158.62626262626262,297,7
223,7.433333333333334,True,516.053872053872,159.44107744107745,516.053872053872,159.44107744107745,297,7
224,7.466666666666667,True,513.4964788732394,160.06338028169014,513.4964788732394,160.06338028169014,284,7
225,7.5,True,510.86713286713285,160.979020979021,510.86713286713285,160.979020979021,286,7
226,7.533333333333333,True,508.7843137254902,161.61960784313726,508.7843137254902,161.61960784313726,255,7
227,7.566666666666666,True,507.43173431734317,161.6531365313653,508.0551724137931,161.6531365313653,271,7
228,7.6,True,505.55984555984554,161.74903474903476,507.5167286245353,161.6531365313653,259,7
229,7.633333333333334,True,508.0551724137931,161.8551724137931,507.43173431734317,161.6531365313653,290,7
230,7.666666666666667,True,507.5167286245353,160.98513011152417,505.55984555984554,160.98513011152417,269,7
231,7.7,True,503.47719298245613,160.50877192982455,503.47719298245613,160.50877192982455,285,7
232,7.733333333333333,True,502.02661596958177,159.28136882129277,502.79636363636365,159.28136882129277,263,7
233,7.766666666666667,True,502.79636363636365,159.17090909090908,502.02661596958177,159.17090909090908,275,7
234,7.8,True,501.6059479553903,157.28624535315984,501.6059479553903,157.28624535315984,269,7
235,7.833333333333333,True,499.859649122807,156.96842105263158,499.859649122807,156.96842105263158,285,7
236,7.866666666666666,True,498.0567375886525,156.18439716312056,498.0567375886525,156.18439716312056,282,7
237,7.9,True,497.19713261648747,154.62007168458783,497.19713261648747,154.62007168458783,279,7
238,7.933333333333334,True,493.5138888888889,153.54861111111111,493.66083916083915,153.54861111111111,288,7
239,7.966666666666667,True,493.66083916083915,152.05244755244755,493.5138888888889,152.05244755244755,286,7
240,8.0,True,491.23376623376623,151.55194805194805,492.8956834532374,151.55194805194805,308,7
241,8.033333333333333,True,486.92384105960264,147.6887417218543,491.23376623376623,148.87226277372264,302,8
242,8.066666666666666,True,492.8956834532374,147.5251798561151,490.15359477124184,148.80065359477123,278,7
243,8.1,True,486.7810218978102,148.87226277372264,490.15359477124184,147.6887417218543,274,9
244,8.133333333333333,True,490.15359477124184,148.80065359477123,492.8956834532374,147.5251798561151,306,9
245,8.166666666666666,True,497.6196721311475,143.2,490.15359477124184,145.60207612456747,305,8
246,8.2,True,501.76271186440675,141.06101694915253,490.15359477124184,145.60207612456747,295,8
247,8.233333333333333,True,489.6089965397924,145.60207612456747,489.6089965397924,145.60207612456747,289,8
248,8.266666666666667,True,488.01929260450163,146.34726688102893,488.01929260450163,146.34726688102893,311,7
249,8.3,True,487.0,147.56534954407294,487.0,147.56534954407294,329,8
250,8.333333333333334,True,484.4600638977636,149.18210862619807,484.4600638977636,149.18210862619807,313,8
251,8.366666666666667,True,483.15384615384613,150.01282051282053,483.15384615384613,150.01282051282053,312,9
252,8.4,True,478.9869706840391,152.85667752442995,478.9869706840391,152.85667752442995,307,7
253,8.433333333333334,True,477.655303030303,153.07575757575756,477.655303030303,153.07575757575756,264,7
254,8.466666666666667,True,475.031746031746,155.77380952380952,476.34453781512605,153.07575757575756,252,7
255,8.5,True,476.34453781512605,155.1344537815126,475.031746031746,155.1344537815126,238,7
256,8.533333333333333,True,465.5057915057915,152.3050193050193,471.16370106761565,155.77380952380952,259,8
257,8.566666666666666,True,471.16370106761565,160.08540925266905,470.95670995671,160.08540925266905,281,7
258,8.6,True,469.86100386100384,161.14671814671814,470.95670995671,160.20247933884298,259,7
259,8.633333333333333,True,470.95670995671,160.96103896103895,470.95670995671,160.20247933884298,231,7
260,8.666666666666666,True,472.91322314049586,160.20247933884298,469.86100386100384,160.96103896103895,242,7
261,8.7,True,457.532,158.696,470.95670995671,160.20247933884298,250,8
262,8.733333333333333,True,466.9265306122449,163.18775510204082,466.9265306122449,160.20247933884298,245,7
263,8.766666666666667,True,476.25283018867924,159.14716981132077,466.9265306122449,161.06296296296296,265,8
264,8.8,True,465.9700374531835,162.90262172284645,466.9265306122449,161.29885057471265,267,7
265,8.833333333333334,True,467.0814814814815,161.06296296296296,465.9700374531835,161.29885057471265,270,7
266,8.866666666666667,True,465.32567049808426,161.29885057471265,465.32567049808426,161.29885057471265,261,7
267,8.9,True,460.6679389312977,162.4351145038168,460.6679389312977,161.27797833935017,262,7
268,8.933333333333334,True,460.51624548736464,161.27797833935017,460.51624548736464,161.27797833935017,277,7
269,8.966666666666667,True,459.44357976653697,161.1828793774319,459.44357976653697,161.1828793774319,257,7
270,9.0,True,456.7890625,159.58203125,457.3970588235294,159.63272727272727,256,7
271,9.033333333333333,True,457.3970588235294,158.70220588235293,456.7890625,159.58203125,272,7
272,9.066666666666666,True,453.3527272727273,159.63272727272727,453.3527272727273,159.01067615658363,275,7
273,9.1,True,451.7615658362989,159.01067615658363,451.7615658362989,158.70220588235293,281,7
274,9.133333333333333,True,450.87947882736154,156.90553745928338,451.7615658362989,157.35117056856188,307,7
275,9.166666666666666,True,449.6923076923077,157.35117056856188,450.87947882736154,156.90553745928338,299,7
276,9.2,True,463.94117647058823,148.81045751633988,449.6923076923077,155.4020618556701,306,8
277,9.233333333333333,True,447.5635738831615,155.4020618556701,448.5665529010239,154.73400673400673,291,7
278,9.266666666666667,True,448.5117845117845,154.73400673400673,448.5117845117845,154.73400673400673,297,7
279,9.3,True,448.5665529010239,154.66894197952217,447.8803680981595,154.73400673400673,293,8
280,9.333333333333334,True,447.4983922829582,154.9807073954984,447.8803680981595,154.73400673400673,311,8
281,9.366666666666667,True,447.8803680981595,154.14417177914112,447.4983922829582,154.9807073954984,326,7
282,9.4,True,444.94117647058823,156.97058823529412,444.94117647058823,156.97058823529412,306,8
283,9.433333333333334,True,442.984126984127,160.7174603174603,442.984126984127,158.57950530035336,315,7
284,9.466666666666667,True,433.36395759717317,158.57950530035336,441.87445887445887,160.7174603174603,283,8
285,9.5,True,441.87445887445887,161.19480519480518,439.72566371681415,161.19480519480518,231,6
286,9.533333333333333,True,439.72566371681415,166.67256637168143,439.04761904761904,166.67256637168143,226,7
287,9.566666666666666,True,439.04761904761904,169.04329004329006,439.1563981042654,169.04329004329006,231,7
288,9.6,True,437.0373831775701,175.47196261682242,439.04761904761904,172.50710900473933,214,7
289,9.633333333333333,True,439.1563981042654,172.50710900473933,438.08715596330273,175.47196261682242,211,7
290,9.666666666666666,True,438.08715596330273,176.26605504587155,437.7535545023697,176.26605504587155,218,7
291,9.7,True,437.58962264150944,178.9056603773585,438.08715596330273,178.9056603773585,212,7
292,9.733333333333333,True,437.7535545023697,179.38862559241707,437.7535545023697,179.38862559241707,211,7
293,9.766666666666667,True,438.1203703703704,179.4537037037037,437.58962264150944,179.4537037037037,216,7
294,9.8,True,436.018779342723,183.19248826291079,436.7793427230047,181.85915492957747,213,7
295,9.833333333333334,True,436.7793427230047,181.85915492957747,436.018779342723,183.19248826291079,213,7
296,9.866666666666667,True,435.828,183.76,435.828,183.35564853556485,250,7
297,9.9,True,435.31380753138075,183.35564853556485,435.31380753138075,183.76,239,7
298,9.933333333333334,True,434.28879310344826,183.98706896551724,434.28879310344826,183.98706896551724,232,7
299,9.966666666666667,True,432.16153846153844,186.16153846153847,434.28879310344826,183.98706896551724,260,7
300,10.0,True,431.8326530612245,184.32244897959183,432.16153846153844,184.32244897959183,245,7
301,10.033333333333333,True,440.23770491803276,180.422131147541,431.8326530612245,184.49792531120332,244,8
302,10.066666666666666,True,428.2240663900415,184.49792531120332,428.2240663900415,184.49792531120332,241,7
303,10.1,True,426.692,184.712,426.692,184.712,250,7
304,10.133333333333333,True,425.0197628458498,186.74703557312253,425.0197628458498,185.7431906614786,253,7
305,10.166666666666666,True,422.8171206225681,185.7431906614786,422.8171206225681,185.7431906614786,257,7
306,10.2,True,422.0078431372549,186.24313725490197,422.0078431372549,186.24313725490197,255,7
307,10.233333333333333,True,413.89803921568625,184.15686274509804,418.9157509157509,186.24313725490197,255,8
308,10.266666666666667,True,418.9157509157509,186.77289377289378,418.15354330708664,186.63385826771653,273,7
309,10.3,True,418.15354330708664,186.63385826771653,417.45387453874537,186.6970802919708,254,7
310,10.333333333333334,True,417.45387453874537,188.14022140221402,417.45387453874537,186.77289377289378,271,7
311,10.366666666666667,True,416.3029197080292,186.6970802919708,416.3029197080292,188.14022140221402,274,7
312,10.4,True,415.4336917562724,188.49462365591398,415.70383275261327,188.49462365591398,279,7
313,10.433333333333334,True,415.70383275261327,189.85365853658536,415.70383275261327,189.85365853658536,287,7
314,10.466666666666667,True,415.41843971631204,191.50709219858157,415.4336917562724,189.86666666666667,282,7
315,10.5,True,419.40714285714284,192.23214285714286,415.41843971631204,191.0857142857143,280,8
316,10.533333333333333,True,414.50877192982455,189.86666666666667,414.50877192982455,191.50709219858157,285,8
317,10.566666666666666,True,414.10714285714283,191.0857142857143,414.10714285714283,192.23214285714286,280,8
318,10.6,True,414.0,197.62737642585552,414.10714285714283,197.62737642585552,263,9
319,10.633333333333333,True,414.0888030888031,200.90733590733592,414.10714285714283,200.90733590733592,259,8
320,10.666666666666666,True,414.6716981132075,208.39622641509433,414.6716981132075,205.84942084942085,265,7
321,10.7,True,414.82239382239385,205.84942084942085,414.82239382239385,208.39622641509433,259,7
322,10.733333333333333,True,415.38247011952194,208.61354581673308,415.38247011952194,208.61354581673308,251,7
323,10.766666666666667,True,416.16101694915255,210.49576271186442,416.16101694915255,210.49576271186442,236,7
324,10.8,True,416.7692307692308,212.6153846153846,416.7692307692308,210.60747663551402,234,7
325,10.833333333333334,True,417.5327102803738,210.60747663551402,416.7692307692308,211.1451612903226,214,7
326,10.866666666666667,True,417.8394495412844,211.44495412844037,417.5327102803738,211.44495412844037,218,7
327,10.9,True,410.43145161290323,211.1451612903226,417.5327102803738,211.44495412844037,248,8
328,10.933333333333334,True,418.038961038961,217.2077922077922,416.9529411764706,214.41295546558703,231,7
329,10.966666666666667,True,407.2388663967611,214.41295546558703,416.9529411764706,215.84386617100373,247,8
330,11.0,True,416.9529411764706,220.27450980392157,416.9529411764706,217.2077922077922,255,7
331,11.033333333333333,True,425.6728624535316,215.84386617100373,414.52916666666664,220.27450980392157,269,8
332,11.066666666666666,True,414.52916666666664,225.54166666666666,414.52916666666664,224.319391634981,240,7
333,11.1,True,413.66938775510204,225.22040816326532,413.680608365019,224.47286821705427,245,7
334,11.133333333333333,True,413.680608365019,224.319391634981,413.66938775510204,225.22040816326532,263,7
335,11.166666666666666,True,406.59302325581393,224.47286821705427,411.8838174273859,224.47286821705427,258,8
336,11.2,True,411.8838174273859,227.95435684647302,406.59302325581393,224.319391634981,241,7
337,11.233333333333333,True,388.81853281853284,209.22779922779924,395.44106463878325,223.49049429657794,259,10
338,11.266666666666667,True,395.44106463878325,223.49049429657794,395.44106463878325,223.49049429657794,263,8
339,11.3,True,395.2397003745318,222.47940074906367,395.44106463878325,223.49049429657794,267,8
340,11.333333333333334,True,408.53968253968253,232.8293650793651,405.1198501872659,231.3826714801444,252,7
341,11.366666666666667,True,405.81949458483757,231.3826714801444,405.1198501872659,231.3826714801444,277,7
342,11.4,True,405.1198501872659,232.26591760299627,405.1198501872659,231.3826714801444,267,7
343,11.433333333333334,True,403.25912408759126,231.33941605839416,403.25912408759126,231.33941605839416,274,7
344,11.466666666666667,True,403.0344827586207,231.05172413793105,403.0344827586207,231.33941605839416,290,8
345,11.5,True,402.3333333333333,230.76975945017182,403.0344827586207,231.05172413793105,291,8
346,11.533333333333333,True,402.98692810457516,232.18300653594773,403.0344827586207,231.05172413793105,306,8
347,11.566666666666666,True,408.4119718309859,229.9612676056338,403.08156028368796,232.18300653594773,284,9
348,11.6,True,403.08156028368796,235.18085106382978,404.76691729323306,232.18300653594773,282,8
349,11.633333333333333,True,404.76691729323306,238.66165413533835,407.5078125,235.18085106382978,266,9
350,11.666666666666666,True,418.2586206896552,230.62758620689655,407.247311827957,238.66165413533835,290,10
351,11.7,True,407.5078125,242.69140625,407.5078125,241.5483870967742,256,8
352,11.733333333333333,True,407.247311827957,241.5483870967742,411.5725806451613,242.69140625,279,8
353,11.766666666666667,True,411.5725806451613,248.26612903225808,411.5725806451613,248.26612903225808,248,7
354,11.8,True,412.61044176706827,249.0120481927711,412.61044176706827,248.91764705882352,249,7
355,11.833333333333334,True,413.40784313725493,248.91764705882352,413.40784313725493,249.0120481927711,255,7
356,11.866666666666667,True,416.4595744680851,252.63829787234042,413.40784313725493,249.0120481927711,235,7
357,11.9,True,415.31063829787234,249.18297872340426,415.31063829787234,249.18297872340426,235,7
358,11.933333333333334,True,401.594262295082,241.2295081967213,416.4595744680851,252.63829787234042,244,8
359,11.966666666666667,True,419.5840707964602,255.08849557522123,419.5840707964602,254.4978354978355,226,7
360,12.0,True,419.72294372294374,254.4978354978355,419.5840707964602,254.4978354978355,231,7
361,12.033333333333333,True,420.5190476190476,256.18095238095236,419.72294372294374,255.08849557522123,210,7
362,12.066666666666666,True,383.12875536480686,233.55364806866953,420.5190476190476,256.18095238095236,233,9
363,12.1,True,420.62240663900417,258.6307053941909,420.5652173913044,256.18095238095236,241,7
364,12.133333333333333,True,420.5652173913044,260.0790513833992,420.5652173913044,258.6307053941909,253,7
365,12.166666666666666,True,424.6072874493927,254.06882591093117,420.5652173913044,260.0790513833992,247,8
366,12.2,True,418.58369098712444,261.3218884120172,418.58369098712444,261.3218884120172,233,7
367,12.233333333333333,True,417.5698113207547,261.811320754717,418.27240143369175,261.811320754717,265,7
368,12.266666666666667,True,412.5551181102362,264.3070866141732,417.5698113207547,264.3070866141732,254,8
369,12.3,True,418.27240143369175,269.78494623655916,417.12359550561797,269.78494623655916,279,7
370,12.333333333333334,True,417.12359550561797,270.8239700374532,415.66312056737587,270.8239700374532,267,7
371,12.366666666666667,True,415.66312056737587,271.5673758865248,415.66312056737587,271.5673758865248,282,7
372,12.4,True,414.7892857142857,272.7392857142857,415.30223880597015,272.7392857142857,280,7
373,12.433333333333334,True,415.30223880597015,275.31716417910445,415.1114864864865,274.6098484848485,268,7
374,12.466666666666667,True,412.9166666666667,274.6098484848485,415.02768166089965,275.31716417910445,264,7
375,12.5,True,415.1114864864865,277.36486486486484,415.02768166089965,275.31716417910445,296,7
376,12.533333333333333,True,415.02768166089965,278.1833910034602,412.97986577181206,277.36486486486484,289,7
377,12.566666666666666,True,412.24038461538464,274.90705128205127,413.2618296529968,277.7223974763407,312,8
378,12.6,True,412.97986577181206,278.496644295302,413.2618296529968,278.1833910034602,298,8
379,12.633333333333333,True,413.2618296529968,277.7223974763407,413.2618296529968,278.496644295302,317,9
380,12.666666666666666,True,415.0813559322034,279.4135593220339,415.0813559322034,279.4135593220339,295,7
381,12.7,True,415.8070175438597,280.9017543859649,415.8070175438597,280.9017543859649,285,7
382,12.733333333333333,True,417.67576791808875,282.19112627986345,417.67576791808875,282.19112627986345,293,8
383,12.766666666666667,True,421.0836120401338,283.9197324414716,421.0836120401338,283.9197324414716,299,7
384,12.8,True,425.9029850746269,286.4141791044776,425.4685039370079,285.51181102362204,268,7
385,12.833333333333334,True,425.4685039370079,285.51181102362204,425.9029850746269,286.4141791044776,254,8
386,12.866666666666667,True,429.0072727272727,286.5418181818182,429.0072727272727,286.5418181818182,275,8
387,12.9,True,432.39338235294116,287.6397058823529,432.39338235294116,286.93589743589746,272,7
388,12.933333333333334,True,434.55882352941177,287.97899159663865,434.3333333333333,287.6397058823529,238,7
389,12.966666666666667,True,434.3333333333333,286.93589743589746,434.55882352941177,287.6397058823529,234,7
390,13.0,True,437.6171875,288.03515625,437.6171875,287.97899159663865,256,7
391,13.033333333333333,True,438.383064516129,287.6008064516129,438.383064516129,288.03515625,248,7
392,13.066666666666666,True,440.2436974789916,288.1890756302521,440.2436974789916,288.1890756302521,238,7
393,13.1,True,443.65145228215766,290.23651452282155,443.0485829959514,289.52226720647775,241,7
394,13.133333333333333,True,443.0485829959514,289.52226720647775,443.65145228215766,290.23651452282155,247,7
395,13.166666666666666,True,444.38961038961037,290.9134199134199,444.26200873362444,290.9134199134199,231,7
396,13.2,True,444.26200873362444,290.92576419213975,444.26200873362444,290.92576419213975,229,7
397,13.233333333333333,True,446.0635593220339,293.8305084745763,444.26200873362444,290.92576419213975,236,7
398,13.266666666666667,True,444.2435897435897,292.0854700854701,444.26200873362444,292.0854700854701,234,7
399,13.3,True,426.2742616033755,282.84388185654007,444.3464912280702,293.8305084745763,237,8
400,13.333333333333334,True,444.3464912280702,296.1842105263158,444.3464912280702,296.1842105263158,228,7
401,13.366666666666667,True,444.94347826086954,297.82608695652175,444.94347826086954,297.82608695652175,230,7
402,13.4,True,447.1209677419355,301.008064516129,447.1209677419355,301.008064516129,248,7
403,13.433333333333334,True,447.6860465116279,302.56201550387595,447.1209677419355,302.56201550387595,258,7
404,13.466666666666667,True,447.50187265917606,304.96629213483146,447.50187265917606,302.56201550387595,267,7
405,13.5,True,446.3642857142857,307.11785714285713,447.50187265917606,304.96629213483146,280,7
406,13.533333333333333,True,471.2,290.56949152542376,447.2111111111111,307.11785714285713,295,10
407,13.566666666666666,True,446.92962962962963,309.9259259259259,447.2111111111111,309.9259259259259,270,7
408,13.6,True,447.2111111111111,311.43703703703704,447.2342007434944,311.43703703703704,270,7
409,13.633333333333333,True,447.2342007434944,312.26765799256503,447.2342007434944,312.26765799256503,269,7
410,13.666666666666666,True,447.5331010452962,313.1533101045296,447.5331010452962,313.1533101045296,287,7
411,13.7,True,448.65635738831617,314.3024054982818,448.2352941176471,314.3024054982818,291,8
412,13.733333333333333,True,448.2352941176471,314.640866873065,448.2352941176471,314.640866873065,323,8
413,13.766666666666667,True,448.4159292035398,315.1061946902655,448.4159292035398,315.1061946902655,339,9
414,13.8,True,446.484076433121,315.22929936305735,448.4159292035398,315.22929936305735,314,8
415,13.833333333333334,True,449.36893203883494,316.5598705501618,449.36893203883494,316.5598705501618,309,8
416,13.866666666666667,True,461.6744186046512,319.2292358803987,459.62589928057554,316.8134328358209,301,9
417,13.9,True,459.62589928057554,317.64028776978415,461.6744186046512,316.8134328358209,278,7
418,13.933333333333334,True,462.8059701492537,316.8134328358209,462.8059701492537,316.8134328358209,268,7
419,13.966666666666667,True,468.8679245283019,316.63396226415097,468.8679245283019,316.63396226415097,265,7
420,14.0,True,469.78210116731515,316.26070038910507,468.8679245283019,316.26070038910507,257,7
421,14.033333333333333,True,470.8924302788845,315.9243027888446,469.78210116731515,315.9243027888446,251,7
422,14.066666666666666,True,460.14338235294116,305.0845588235294,469.78210116731515,315.4193548387097,272,8
423,14.1,True,477.06854838709677,315.4193548387097,470.8924302788845,314.8075313807531,248,7
424,14.133333333333333,True,468.2163120567376,308.34751773049646,477.06854838709677,314.8075313807531,282,8
425,14.166666666666666,True,479.44351464435147,314.8075313807531,479.44351464435147,315.4193548387097,239,7
426,14.2,True,482.7489711934156,315.4567901234568,482.5095785440613,315.4567901234568,243,7
427,14.233333333333333,True,483.1701244813278,315.79253112033194,482.5095785440613,315.4567901234568,241,7
428,14.266666666666667,True,482.5095785440613,315.66283524904213,482.7489711934156,315.4567901234568,261,7
429,14.3,True,479.6375,315.45416666666665,483.1701244813278,315.45416666666665,240,7
430,14.333333333333334,True,494.61417322834643,307.84251968503935,483.80408163265304,315.45416666666665,254,8
431,14.366666666666667,True,494.03643724696354,307.2591093117409,488.50996015936255,315.45416666666665,247,8
432,14.4,True,483.80408163265304,319.4734693877551,488.50996015936255,319.4734693877551,245,7
433,14.433333333333334,True,488.50996015936255,320.9243027888446,488.50996015936255,320.9243027888446,251,7
434,14.466666666666667,True,487.68702290076334,322.80152671755724,488.50996015936255,322.80152671755724,262,7
435,14.5,True,490.11969111969114,323.7644787644788,490.11969111969114,323.7644787644788,259,7
436,14.533333333333333,True,492.6115702479339,325.58677685950414,490.11969111969114,323.7644787644788,242,7
437,14.566666666666666,True,492.64313725490194,328.45098039215685,492.6115702479339,325.58677685950414,255,7
438,14.6,True,472.1376811594203,314.5507246376812,492.64313725490194,328.45098039215685,276,8
439,14.633333333333333,True,492.89895470383277,330.1149825783972,492.89895470383277,329.1743421052632,287,7
440,14.666666666666666,True,493.63013698630135,332.58561643835617,492.89895470383277,330.1149825783972,292,7
441,14.7,True,498.4868421052632,329.1743421052632,493.63013698630135,332.4355400696864,304,8
442,14.733333333333333,True,492.54006968641113,332.4355400696864,493.63013698630135,332.58561643835617,287,8
443,14.766666666666667,True,493.809968847352,334.70093457943926,493.1345565749235,332.4355400696864,321,8
444,14.8,True,493.1345565749235,334.41590214067276,493.1345565749235,334.037037037037,327,8
445,14.833333333333334,True,484.593567251462,329.46198830409355,493.809968847352,334.41590214067276,342,9
446,14.866666666666667,True,495.4753086419753,334.037037037037,495.4753086419753,334.41590214067276,324,8
447,14.9,True,496.1981707317073,336.2286585365854,496.1981707317073,334.8355263157895,328,8
448,14.933333333333334,True,498.14102564102564,335.41987179487177,498.14102564102564,334.8355263157895,312,7
449,14.966666666666667,True,500.13486842105266,334.8355263157895,500.13486842105266,334.8355263157895,304,8
450,15.0,True,502.33130699088144,333.63829787234044,501.956228956229,333.64646464646466,329,8
451,15.033333333333333,True,501.956228956229,333.64646464646466,502.33130699088144,333.63829787234044,297,8
452,15.066666666666666,True,507.9448818897638,331.8622047244094,507.9448818897638,331.8622047244094,254,7
453,15.1,True,512.7450980392157,329.54117647058825,512.7450980392157,329.54117647058825,255,7
454,15.133333333333333,True,516.0858208955224,327.82835820895525,516.0858208955224,327.82835820895525,268,7
455,15.166666666666666,True,516.7847222222222,327.09722222222223,516.7847222222222,327.09722222222223,288,7
456,15.2,True,518.8210116731517,326.39299610894943,518.8210116731517,326.39299610894943,257,7
457,15.233333333333333,True,530.875939849624,312.1015037593985,520.30078125,325.28515625,266,8
458,15.266666666666667,True,529.784,314.82,520.30078125,319.8976377952756,250,8
459,15.3,True,520.30078125,325.28515625,520.30078125,317.65671641791045,256,7
460,15.333333333333334,True,513.3897637795276,319.8976377952756,520.30078125,319.8976377952756,254,8
461,15.366666666666667,True,509.8768656716418,317.65671641791045,520.30078125,324.81609195402297,268,8
462,15.4,True,523.088122605364,324.81609195402297,521.5375494071146,324.81609195402297,261,7
463,15.433333333333334,True,521.5375494071146,325.5889328063241,523.088122605364,325.5889328063241,253,7
464,15.466666666666667,True,524.1892857142857,326.12142857142857,524.1892857142857,326.12142857142857,280,7
465,15.5,True,526.7,327.1666666666667,526.7,327.00396825396825,270,7
466,15.533333333333333,True,528.3070866141733,327.40944881889766,528.3070866141733,327.1666666666667,254,7
467,15.566666666666666,True,532.7896825396825,327.00396825396825,531.4488188976378,327.1666666666667,252,7
468,15.6,True,531.9793388429752,328.93801652892563,531.9793388429752,327.40944881889766,242,7
469,15.633333333333333,True,531.4488188976378,312.81496062992125,532.7896825396825,328.93801652892563,254,9
470,15.666666666666666,True,535.4044943820224,331.5992509363296,535.4044943820224,331.5992509363296,267,8
471,15.7,True,537.3485915492957,333.1901408450704,537.3485915492957,333.1901408450704,284,8
472,15.733333333333333,True,538.2328244274809,334.2328244274809,538.2328244274809,334.2328244274809,262,7
473,15.766666666666667,True,539.018315018315,335.82783882783883,538.2328244274809,335.82783882783883,273,7
474,15.8,True,540.6949152542373,337.45762711864404,539.018315018315,337.45762711864404,295,8
475,15.833333333333334,True,537.8870431893688,339.3421926910299,540.0137457044674,338.5773195876289,301,7
476,15.866666666666667,True,540.0137457044674,338.5773195876289,540.6556291390729,339.1523178807947,291,7
477,15.9,True,540.6556291390729,339.1523178807947,540.6556291390729,339.1523178807947,302,7
478,15.933333333333334,True,540.8823529411765,339.2283737024221,540.8823529411765,338.9755244755245,289,7
479,15.966666666666667,True,541.4090909090909,338.9755244755245,541.4090909090909,338.9755244755245,286,7
480,16.0,True,541.4496855345911,337.9559748427673,541.4496855345911,338.3606557377049,318,7
481,16.033333333333335,True,541.9901639344263,338.3606557377049,541.9901639344263,337.9559748427673,305,7
482,16.066666666666666,True,543.8138138138138,336.4924924924925,543.8138138138138,336.4924924924925,333,8
483,16.1,True,554.7609329446065,324.87172011661806,549.9042553191489,332.975,343,10
484,16.133333333333333,True,553.30625,332.975,553.30625,331.34397163120565,320,10
485,16.166666666666668,True,549.9042553191489,331.34397163120565,554.7609329446065,324.87172011661806,282,8
486,16.2,True,557.3873517786561,323.07509881422925,556.8412162162163,323.26013513513516,253,7
487,16.233333333333334,True,556.8412162162163,323.26013513513516,557.0888888888888,323.07509881422925,296,7
488,16.266666666666666,True,557.0888888888888,322.7074074074074,557.3873517786561,322.7074074074074,270,7
489,16.3,True,558.2644927536232,321.34057971014494,558.2644927536232,321.34057971014494,276,7
490,16.333333333333332,True,559.3695652173913,319.67028985507244,559.3695652173913,320.8929889298893,276,7
491,16.366666666666667,True,560.5074626865671,318.74626865671644,560.5074626865671,319.67028985507244,268,7
492,16.4,True,564.1070110701107,320.8929889298893,560.5074626865671,319.2835249042146,271,8
493,16.433333333333334,True,565.1058823529412,313.24313725490197,563.8056680161943,318.74626865671644,255,8
494,16.466666666666665,True,559.816091954023,319.2835249042146,564.1070110701107,317.20647773279353,261,7
495,16.5,True,563.8056680161943,317.20647773279353,564.4646840148699,317.20647773279353,247,7
496,16.533333333333335,True,568.1850393700787,311.37795275590554,563.8056680161943,317.20647773279353,254,8
497,16.566666666666666,True,564.4646840148699,317.996282527881,564.4646840148699,317.20647773279353,269,7
498,16.6,True,556.7406015037594,311.7781954887218,567.3306122448979,317.996282527881,266,8
499,16.633333333333333,True,567.3306122448979,319.25714285714287,567.3306122448979,318.7664233576642,245,7
500,16.666666666666668,True,568.6605839416059,318.7664233576642,568.6605839416059,319.25714285714287,274,7
501,16.7,True,571.1272727272727,320.0618181818182,571.1272727272727,320.0498220640569,275,7
502,16.733333333333334,True,573.4384615384615,320.81538461538463,573.4384615384615,320.0618181818182,260,7
503,16.766666666666666,True,574.6120996441281,320.0498220640569,574.6120996441281,320.81538461538463,281,7
504,16.8,True,577.4448529411765,320.97058823529414,577.4448529411765,320.81538461538463,272,7
505,16.833333333333332,True,577.9111111111112,321.43703703703704,577.9111111111112,320.97058823529414,270,7
506,16.866666666666667,True,581.0885608856089,320.00369003690037,581.0207612456747,321.401384083045,271,7
507,16.9,True,581.0207612456747,321.401384083045,581.0885608856089,321.43703703703704,289,7
508,16.933333333333334,True,582.7509025270758,324.12996389891697,582.737012987013,324.12996389891697,277,7
509,16.966666666666665,True,582.737012987013,324.4902597402597,582.7509025270758,324.12996389891697,308,8
510,17.0,True,584.0035335689046,325.0247349823322,584.0035335689046,324.12996389891697,283,7
511,17.033333333333335,True,585.4027777777778,321.8125,585.4027777777778,321.8125,288,7
512,17.066666666666666,True,586.8771929824561,321.1333333333333,586.5198675496689,321.8125,285,7
513,17.1,True,586.5198675496689,320.79470198675494,586.8771929824561,321.1333333333333,302,7
514,17.133333333333333,True,590.66875,322.1,587.0621118012423,320.79470198675494,320,9
515,17.166666666666668,True,587.0621118012423,320.56832298136646,587.6,320.56832298136646,322,8
516,17.2,True,587.6,320.3046153846154,588.2546583850932,320.33850931677017,325,9
517,17.233333333333334,True,588.2546583850932,320.33850931677017,588.2546583850932,320.3046153846154,322,9
518,17.266666666666666,True,590.535593220339,314.2677966101695,590.535593220339,314.2677966101695,295,8
519,17.3,True,591.4593639575971,311.85159010600705,591.4593639575971,311.85159010600705,283,8
520,17.333333333333332,True,592.7672727272727,306.5854545454545,591.4593639575971,306.5854545454545,275,7
521,17.366666666666667,True,592.6886446886447,305.7399267399267,592.6886446886447,305.7399267399267,273,7
522,17.4,True,574.6545454545454,291.1709090909091,592.7672727272727,301.4130434782609,275,8
523,17.433333333333334,True,593.5036231884058,301.4130434782609,593.1879432624113,301.08156028368796,276,7
524,17.466666666666665,True,593.1879432624113,301.08156028368796,593.5036231884058,297.7164750957854,282,7
525,17.5,True,594.9882352941177,297.4313725490196,594.6513409961685,297.94296577946767,255,7
526,17.533333333333335,True,594.6513409961685,297.7164750957854,594.6653992395437,297.7164750957854,261,7
527,17.566666666666666,True,594.6653992395437,297.94296577946767,594.9882352941177,297.4313725490196,263,7
528,17.6,True,596.1715328467153,295.536496350365,596.1715328467153,295.536496350365,274,7
529,17.633333333333333,True,596.6826568265683,295.24354243542433,596.6826568265683,295.24354243542433,271,7
530,17.666666666666668,True,600.5677655677656,291.23809523809524,599.3404255319149,294.70212765957444,273,7
531,17.7,True,599.3404255319149,294.70212765957444,600.5677655677656,292.91764705882355,282,7
532,17.733333333333334,True,601.1333333333333,292.91764705882355,601.1333333333333,292.24334600760454,255,7
533,17.766666666666666,True,604.1814814814815,289.9074074074074,604.1814814814815,292.24334600760454,270,7
534,17.8,True,604.6197718631179,292.24334600760454,604.6197718631179,291.9236111111111,263,7
535,17.833333333333332,True,606.5069444444445,291.9236111111111,606.5069444444445,289.9074074074074,288,7
536,17.866666666666667,True,608.5978647686833,289.37722419928826,608.5978647686833,289.61486486486484,281,7
537,17.9,True,610.3378378378378,289.61486486486484,610.3378378378378,289.6094890510949,296,7
538,17.933333333333334,True,612.0922509225093,287.8154981549815,612.0922509225093,289.37722419928826,271,7
539,17.966666666666665,True,612.3832116788321,289.6094890510949,612.3832116788321,289.6094890510949,274,7
540,18.0,True,613.8096885813148,288.94117647058823,613.8096885813148,289.6094890510949,289,7
541,18.033333333333335,True,615.3436426116839,291.0171821305842,615.3436426116839,290.2053872053872,291,7
542,18.066666666666666,True,616.3164983164983,290.2053872053872,616.3164983164983,290.2053872053872,297,7
543,18.1,True,617.5081433224756,291.0586319218241,616.7811550151976,290.2053872053872,307,7
544,18.133333333333333,True,616.7811550151976,289.37993920972644,617.2136222910217,289.37993920972644,329,8
545,18.166666666666668,True,617.2136222910217,286.359133126935,617.5081433224756,287.70103092783506,323,7
546,18.2,True,618.512027491409,287.70103092783506,618.512027491409,286.359133126935,291,7
547,18.233333333333334,True,623.5867507886435,283.37854889589903,618.7792207792207,286.1473354231975,317,9
548,18.266666666666666,True,618.7792207792207,285.6753246753247,619.3855799373041,285.6753246753247,308,8
549,18.3,True,619.3855799373041,286.1473354231975,619.6910299003322,283.37854889589903,319,9
550,18.333333333333332,True,619.6910299003322,282.51495016611295,619.3855799373041,282.51495016611295,301,8
551,18.366666666666667,True,619.73851590106,276.69964664310953,619.3855799373041,276.69964664310953,283,7
552,18.4,True,596.7945205479452,262.11301369863014,619.6910299003322,263.8893129770992,292,8
553,18.433333333333334,True,571.8086642599278,252.014440433213,596.7945205479452,262.11301369863014,277,8
554,18.466666666666665,True,620.3549618320611,263.8893129770992,596.7945205479452,262.11301369863014,262,8
555,18.5,True,585.631970260223,248.47955390334573,602.1596958174905,261.20152091254755,269,9
556,18.533333333333335,True,616.1730769230769,266.8692307692308,614.5510204081633,262.6857142857143,260,7
557,18.566666666666666,True,602.1596958174905,261.20152091254755,614.2791666666667,262.6857142857143,263,8
558,18.6,True,614.5510204081633,262.6857142857143,614.2791666666667,262.6857142857143,245,7
559,18.633333333333333,True,614.2791666666667,264.6,614.2791666666667,261.20152091254755,240,7
560,18.666666666666668,True,614.1011673151751,260.52918287937746,614.3735408560311,260.52918287937746,257,7
561,18.7,True,614.3735408560311,259.85603112840465,614.3735408560311,259.85603112840465,257,7
562,18.733333333333334,True,615.2705882352941,257.10196078431375,615.2705882352941,257.10196078431375,255,7
563,18.766666666666666,True,615.9404761904761,256.26984126984127,615.9404761904761,256.26984126984127,252,7
564,18.8,True,616.3796992481203,254.08646616541353,616.3796992481203,254.08646616541353,266,7
565,18.833333333333332,True,617.529197080292,251.8029197080292,617.529197080292,251.8029197080292,274,7
566,18.866666666666667,True,618.0912162162163,247.02027027027026,618.0912162162163,249.28802588996763,296,7
567,18.9,True,619.7184466019418,249.28802588996763,619.7184466019418,249.03412969283278,309,7
568,18.933333333333334,True,621.3344709897611,249.03412969283278,621.3344709897611,248.37123745819397,293,7
569,18.966666666666665,True,621.6521739130435,248.37123745819397,621.6521739130435,248.37123745819397,299,7
570,19.0,True,623.4025157232704,246.42138364779873,623.4025157232704,247.24848484848485,318,7
571,19.033333333333335,True,625.1454545454545,247.24848484848485,625.1454545454545,246.76708074534162,330,7
572,19.066666666666666,True,626.527950310559,246.76708074534162,626.527950310559,246.42138364779873,322,7
573,19.1,True,633.1619937694704,238.53894080996884,629.9120521172639,245.28338762214983,321,8
574,19.133333333333333,True,629.9120521172639,245.28338762214983,630.1130952380952,245.28338762214983,307,7
575,19.166666666666668,True,630.1130952380952,244.6279761904762,632.2444444444444,245.28338762214983,336,8
576,19.2,True,632.9290322580645,246.73548387096776,630.1130952380952,245.28338762214983,310,8
577,19.233333333333334,True,632.2444444444444,245.58095238095237,630.1130952380952,244.6279761904762,315,9
578,19.266666666666666,True,629.4065573770491,239.75409836065575,631.0975609756098,240.39939024390245,305,7
579,19.3,True,629.8672839506173,238.2685185185185,629.8672839506173,239.75409836065575,324,7
580,19.333333333333332,True,631.0975609756098,240.39939024390245,629.4065573770491,238.2685185185185,328,8
581,19.366666666666667,True,628.9324758842444,235.2990353697749,628.9324758842444,235.2990353697749,311,8
582,19.4,True,628.6141479099679,233.7749196141479,628.6141479099679,233.7749196141479,311,7
583,19.433333333333334,True,626.2320819112628,231.06825938566553,626.2320819112628,231.06825938566553,293,7
584,19.466666666666665,True,625.8432055749129,230.60627177700349,625.8432055749129,230.60627177700349,287,7
585,19.5,True,621.7205387205387,227.1919191919192,621.7205387205387,227.1919191919192,297,7
586,19.533333333333335,True,619.15953307393,225.20622568093384,619.15953307393,225.77857142857144,257,7
587,19.566666666666666,True,618.4285714285714,225.77857142857144,618.4285714285714,225.20622568093384,280,7
588,19.6,True,615.2192307692308,223.6076923076923,615.665306122449,224.5339366515837,260,7
589,19.633333333333333,True,615.3619909502263,224.5339366515837,615.3619909502263,223.6076923076923,221,7
590,19.666666666666668,True,615.665306122449,214.43673469387755,615.2192307692308,221.54924242424244,245,8
591,19.7,True,611.0265151515151,221.54924242424244,611.0265151515151,220.69795918367348,264,7
592,19.733333333333334,True,607.6086956521739,218.43478260869566,608.8408163265306,218.43478260869566,253,7
593,19.766666666666666,True,608.8408163265306,220.69795918367348,607.6086956521739,218.43478260869566,245,7
594,19.8,True,606.75390625,217.4765625,606.75390625,217.4765625,256,7
595,19.833333333333332,True,606.2758620689655,216.35632183908046,606.2758620689655,216.35632183908046,261,7
596,19.866666666666667,True,603.0037878787879,210.1098484848485,605.3828125,212.8125,264,7
597,19.9,True,605.3828125,212.8125,605.3274021352313,211.23843416370107,256,7
598,19.933333333333334,True,605.3274021352313,211.23843416370107,605.3274021352313,210.1098484848485,281,7
599,19.966666666666665,True,593.4967948717949,206.27564102564102,605.3274021352313,208.2379421221865,312,8
600,20.0,True,605.7684887459807,208.2379421221865,605.3274021352313,206.27564102564102,311,7
601,20.033333333333335,True,604.94375,205.56875,605.6039603960396,205.56875,320,7
602,20.066666666666666,True,607.3187919463087,204.8758389261745,605.7684887459807,204.8758389261745,298,7
603,20.1,True,605.6039603960396,202.59405940594058,606.5833333333334,202.59405940594058,303,7
604,20.133333333333333,True,606.5833333333334,199.77,606.5833333333334,199.77,300,7
605,20.166666666666668,True,609.3356164383562,199.03424657534248,606.468085106383,199.03424657534248,292,7
606,20.2,True,606.468085106383,195.84397163120568,606.5833333333334,195.84397163120568,282,7
607,20.233333333333334,True,583.3983050847457,189.35593220338984,606.468085106383,194.25142857142856,354,8
608,20.266666666666666,True,607.0189189189189,190.4,606.468085106383,192.8029411764706,370,9
609,20.3,True,604.5857142857143,194.25142857142856,606.7970588235294,190.4,350,8
610,20.333333333333332,True,606.7970588235294,192.8029411764706,606.7970588235294,191.98611111111111,340,7
611,20.366666666666667,True,609.8715846994536,188.57103825136613,606.7970588235294,192.8029411764706,366,10
612,20.4,True,606.275,191.98611111111111,606.7970588235294,191.98611111111111,360,7
613,20.433333333333334,True,611.4304207119741,193.3009708737864,606.275,188.57103825136613,309,7
614,20.466666666666665,True,597.135294117647,186.75294117647059,601.6476190476191,187.11428571428573,340,9
615,20.5,True,601.6476190476191,187.11428571428573,599.2766666666666,186.75294117647059,315,7
616,20.533333333333335,True,599.2766666666666,186.37333333333333,597.135294117647,186.37333333333333,300,7
617,20.566666666666666,True,595.5096774193548,185.06451612903226,595.5096774193548,185.06451612903226,310,7
618,20.6,True,583.2879746835443,181.58227848101265,589.2335766423357,183.63138686131387,316,8
619,20.633333333333333,True,589.2335766423357,183.63138686131387,586.4852941176471,183.63138686131387,274,7
620,20.666666666666668,True,586.171821305842,183.2680412371134,586.171821305842,183.63138686131387,291,7
621,20.7,True,586.4852941176471,184.23529411764707,586.171821305842,183.7810218978102,272,7
622,20.733333333333334,True,585.4362934362935,184.65250965250965,585.4362934362935,183.984375,259,7
623,20.766666666666666,True,581.9051094890511,183.7810218978102,581.9051094890511,183.984375,274,7
624,20.8,True,580.8203125,183.984375,580.8203125,183.7810218978102,256,7
625,20.833333333333332,True,573.6505576208178,181.11152416356876,574.3109243697479,182.32773109243698,269,7
626,20.866666666666667,True,571.255172413793,176.6448275862069,573.6505576208178,181.11152416356876,290,8
627,20.9,True,574.3109243697479,182.32773109243698,571.4301886792452,180.16981132075472,238,7
628,20.933333333333334,True,570.8765957446808,179.74468085106383,571.4301886792452,180.16981132075472,235,7
629,20.966666666666665,True,571.4301886792452,180.16981132075472,571.4301886792452,180.16981132075472,265,7
630,21.0,True,572.94140625,180.91796875,570.8765957446808,179.74468085106383,256,7
631,21.033333333333335,True,560.2945454545454,175.5890909090909,571.4301886792452,176.57553956834533,275,8
632,21.066666666666666,True,570.0395683453237,176.57553956834533,570.0395683453237,175.5890909090909,278,7
633,21.1,True,577.2556390977444,175.14285714285714,566.468438538206,175.14285714285714,266,8
634,21.133333333333333,True,566.468438538206,173.156146179402,567.6741214057508,173.156146179402,301,7
635,21.166666666666668,True,566.4128440366973,171.3394495412844,567.6741214057508,171.3394495412844,327,7
636,21.2,True,567.6741214057508,170.73482428115017,567.4757281553398,170.79863481228668,313,7
637,21.233333333333334,True,569.4368600682594,170.79863481228668,567.6741214057508,170.73482428115017,293,7
638,21.266666666666666,True,567.4757281553398,167.90291262135923,568.1209150326797,167.90291262135923,309,7
639,21.3,True,568.3949044585987,166.72292993630575,568.3949044585987,166.72292993630575,314,7
640,21.333333333333332,True,568.1209150326797,165.77124183006535,568.1209150326797,165.77124183006535,306,7
641,21.366666666666667,True,568.9141104294479,165.37423312883436,568.3949044585987,165.37423312883436,326,7
642,21.4,True,565.3314121037464,163.13544668587897,568.9141104294479,163.13544668587897,347,7
643,21.433333333333334,True,572.5730337078652,159.20505617977528,569.7582781456954,159.44039735099338,356,8
644,21.466666666666665,True,569.7582781456954,159.44039735099338,572.5730337078652,159.20505617977528,302,7
645,21.5,True,579.1289398280802,152.8624641833811,572.5730337078652,156.38235294117646,349,8
646,21.533333333333335,True,572.9869281045752,156.38235294117646,569.7582781456954,156.38235294117646,306,7
647,21.566666666666666,True,557.2521739130435,154.56521739130434,559.9135446685879,156.38235294117646,345,9
648,21.6,True,559.9135446685879,159.2622478386167,558.2546012269938,156.38235294117646,347,7
649,21.633333333333333,True,558.2546012269938,157.87423312883436,557.2521739130435,157.87423312883436,326,7
650,21.666666666666668,True,536.6584615384616,151.58461538461538,551.534743202417,157.87423312883436,325,8
651,21.7,True,551.534743202417,158.74924471299093,551.534743202417,157.3416149068323,331,7
652,21.733333333333334,True,540.6180124223603,157.3416149068323,544.4310344827586,157.3416149068323,322,8
653,21.766666666666666,True,553.9494949494949,155.5050505050505,544.4310344827586,158.74924471299093,297,8
654,21.8,True,544.4310344827586,160.02758620689656,543.2020547945206,160.02758620689656,290,7
655,21.833333333333332,True,543.2020547945206,160.90753424657535,543.2020547945206,160.90753424657535,292,7
656,21.866666666666667,True,540.9808429118774,161.7088122605364,542.6787148594377,161.7088122605364,261,7
657,21.9,True,542.6787148594377,162.20481927710844,540.9808429118774,162.20481927710844,249,7
658,21.933333333333334,True,540.2490272373541,162.69260700389106,540.2490272373541,162.69260700389106,257,7
659,21.966666666666665,True,538.7213114754098,163.3237704918033,538.7213114754098,163.31578947368422,244,7
660,22.0,True,535.046511627907,163.63565891472868,535.046511627907,163.3237704918033,258,7
661,22.033333333333335,True,533.82995951417,163.31578947368422,533.82995951417,163.3237704918033,247,7
662,22.066666666666666,True,530.1204379562043,163.9160583941606,531.6847826086956,163.31578947368422,274,7
663,22.1,True,531.6847826086956,163.05434782608697,530.5122807017544,163.05434782608697,276,7
664,22.133333333333333,True,530.5122807017544,162.53684210526316,530.1204379562043,162.53684210526316,285,7
665,22.166666666666668,True,527.2271186440678,161.73220338983052,529.1376811594203,161.73220338983052,295,7
666,22.2,True,527.9530685920578,160.74729241877256,528.1157894736842,160.74729241877256,277,7
667,22.233333333333334,True,529.1376811594203,158.43478260869566,527.9530685920578,158.43478260869566,276,7
668,22.266666666666666,True,528.1157894736842,157.37894736842105,527.9530685920578,157.37894736842105,285,7
669,22.3,True,525.9363957597174,155.18727915194347,525.9363957597174,156.56923076923076,283,7
670,22.333333333333332,True,522.3456375838927,156.16107382550337,522.3456375838927,156.16107382550337,298,7
671,22.366666666666667,True,520.08,156.56923076923076,520.08,155.18727915194347,325,7
672,22.4,True,519.4984709480123,153.89296636085626,519.625786163522,153.89296636085626,327,7
673,22.433333333333334,True,519.6163522012579,152.33018867924528,519.625786163522,152.33018867924528,318,7
674,22.466666666666665,True,519.625786163522,150.76415094339623,519.6163522012579,150.76415094339623,318,7
675,22.5,True,526.7053571428571,145.8095238095238,519.6163522012579,150.0550724637681,336,8
676,22.533333333333335,True,517.6115942028986,150.0550724637681,517.6115942028986,149.131498470948,345,7
677,22.566666666666666,True,517.5779816513761,149.131498470948,517.5779816513761,149.131498470948,327,7
678,22.6,True,501.94785276073617,144.69938650306747,514.5173501577287,149.1510574018127,326,8
679,22.633333333333333,True,514.5173501577287,149.48895899053628,514.0,149.131498470948,317,7
680,22.666666666666668,True,514.0,149.1510574018127,512.3809523809524,148.0857142857143,331,7
681,22.7,True,509.07575757575756,145.71818181818182,512.3809523809524,149.1510574018127,330,8
682,22.733333333333334,True,512.3809523809524,148.0857142857143,509.71760797342193,149.1510574018127,315,7
683,22.766666666666666,True,506.00602409638554,152.59337349397592,509.07575757575756,149.45182724252493,332,7
684,22.8,True,509.71760797342193,149.45182724252493,506.00602409638554,152.52767527675277,301,7
685,22.833333333333332,True,504.8487084870849,152.52767527675277,504.8487084870849,152.59337349397592,271,7
686,22.866666666666667,True,503.0919540229885,153.5823754789272,503.0919540229885,153.5823754789272,261,7
687,22.9,True,502.23107569721117,154.71314741035857,502.23107569721117,154.71314741035857,251,7
688,22.933333333333334,True,499.0419847328244,157.4351145038168,499.0419847328244,157.4351145038168,262,7
689,22.966666666666665,True,498.1484375,158.30859375,499.0419847328244,158.30859375,256,7
690,23.0,True,495.8804780876494,160.0756972111554,498.1484375,160.0756972111554,251,7
691,23.033333333333335,True,505.4618473895582,167.56224899598394,495.8804780876494,162.40079365079364,249,8
692,23.066666666666666,True,493.70238095238096,162.40079365079364,494.0,162.61603375527426,252,7
693,23.1,True,494.0,162.61603375527426,493.70238095238096,163.16666666666666,237,7
694,23.133333333333333,True,492.18725099601596,163.57370517928288,492.18725099601596,163.16666666666666,251,7
695,23.166666666666668,True,492.01937984496124,163.16666666666666,492.01937984496124,163.57370517928288,258,7
696,23.2,True,489.9194139194139,163.71794871794873,489.9194139194139,163.71794871794873,273,7
697,23.233333333333334,True,486.35,164.77857142857144,486.35,163.71794871794873,280,7
698,23.266666666666666,True,485.9272030651341,164.49808429118775,485.9272030651341,163.71794871794873,261,7
699,23.3,True,484.46909090909094,162.98181818181817,484.46909090909094,162.98181818181817,275,7
700,23.333333333333332,True,482.9267399267399,162.82051282051282,482.9267399267399,162.98181818181817,273,7
701,23.366666666666667,True,481.2986577181208,162.80536912751677,481.2986577181208,162.82051282051282,298,7
702,23.4,True,477.82274247491637,163.03010033444815,477.8379310344828,162.80536912751677,299,7
703,23.433333333333334,True,477.8379310344828,160.96206896551723,477.82274247491637,160.96206896551723,290,7
704,23.466666666666665,True,475.11929824561406,160.84912280701755,475.11929824561406,160.84912280701755,285,7
705,23.5,True,474.2241992882562,160.46619217081852,474.2241992882562,160.46619217081852,281,7
706,23.533333333333335,True,471.9672727272727,158.75272727272727,472.05592105263156,158.75272727272727,275,7
707,23.566666666666666,True,472.05592105263156,157.75986842105263,472.05592105263156,157.75986842105263,304,7
708,23.6,True,463.53820598006644,154.69767441860466,471.9672727272727,156.67857142857142,301,8
709,23.633333333333333,True,472.8575667655786,155.38575667655786,467.2916666666667,156.25867507886434,337,8
710,23.666666666666668,True,467.2916666666667,156.67857142857142,467.2916666666667,155.38575667655786,336,7
711,23.7,True,466.3659305993691,156.25867507886434,467.2916666666667,155.38575667655786,317,7
712,23.733333333333334,True,473.4318181818182,152.62987012987014,466.3659305993691,156.25867507886434,308,8
713,23.766666666666666,True,466.0566666666667,155.38,466.3659305993691,156.25867507886434,300,7
714,23.8,True,463.68791946308727,156.66107382550337,466.0566666666667,156.66107382550337,298,7
715,23.833333333333332,True,467.5405405405405,162.61486486486487,463.68791946308727,158.11278195488723,296,8
716,23.866666666666667,True,462.0601503759398,158.11278195488723,462.0601503759398,162.55555555555554,266,7
717,23.9,True,459.46180555555554,162.55555555555554,459.46180555555554,162.61486486486487,288,7
718,23.933333333333334,True,458.7168458781362,164.0358422939068,458.7168458781362,164.0358422939068,279,7
719,23.966666666666665,True,454.97254901960787,170.1450980392157,455.0954356846473,170.1450980392157,255,7
720,24.0,True,455.0954356846473,170.20746887966806,454.97254901960787,170.20746887966806,241,7
721,24.033333333333335,True,454.02542372881356,172.94915254237287,454.02542372881356,172.94915254237287,236,7
722,24.066666666666666,True,453.0192307692308,175.375,454.02542372881356,172.94915254237287,208,7
723,24.1,True,453.1900452488688,175.38009049773757,453.48319327731093,175.375,221,7
724,24.133333333333333,True,462.2254098360656,172.55737704918033,453.1900452488688,175.38009049773757,244,8
725,24.166666666666668,True,453.48319327731093,176.41596638655463,453.1900452488688,175.38009049773757,238,7
726,24.2,True,451.37974683544303,179.1054852320675,451.37974683544303,176.41596638655463,237,7
727,24.233333333333334,True,417.6403162055336,168.5494071146245,449.2122448979592,179.1054852320675,253,8
728,24.266666666666666,True,449.0946502057613,181.6255144032922,449.0946502057613,181.0938775510204,243,7
729,24.3,True,449.2122448979592,181.0938775510204,449.0946502057613,181.0938775510204,245,7
730,24.333333333333332,True,445.7918367346939,184.34285714285716,449.0946502057613,181.0938775510204,245,7
731,24.366666666666667,True,454.34444444444443,178.5074074074074,445.8222222222222,181.0938775510204,270,8
732,24.4,True,445.8222222222222,180.45925925925926,445.7918367346939,181.85214007782102,270,7
733,24.433333333333334,True,443.16370106761565,182.74377224199287,443.16370106761565,181.85214007782102,281,7
734,24.466666666666665,True,442.4513618677043,181.85214007782102,442.4513618677043,182.16600790513834,257,7
735,24.5,True,438.5054151624549,183.90974729241879,438.75889328063244,182.74377224199287,277,7
736,24.533333333333335,True,438.75889328063244,182.16600790513834,438.5054151624549,183.1953642384106,253,7
737,24.566666666666666,True,435.1832061068702,183.3969465648855,435.1832061068702,183.3969465648855,262,7
738,24.6,True,435.0860927152318,183.1953642384106,435.0860927152318,183.1953642384106,302,7
739,24.633333333333333,True,431.74475524475525,184.44755244755245,432.2755905511811,183.35125448028674,286,7
740,24.666666666666668,True,432.2755905511811,182.36614173228347,431.74475524475525,183.35125448028674,254,7
741,24.7,True,430.5878136200717,183.35125448028674,430.5878136200717,183.35125448028674,279,7
742,24.733333333333334,True,428.86531986531986,184.1885521885522,428.86531986531986,182.36614173228347,297,7
743,24.766666666666666,True,428.3594306049822,181.26690391459076,428.3594306049822,181.82692307692307,281,7
744,24.8,True,415.2949152542373,173.2915254237288,426.14102564102564,181.698224852071,295,9
745,24.833333333333332,True,426.14102564102564,181.82692307692307,425.15384615384613,181.698224852071,312,7
746,24.866666666666667,True,425.15384615384613,181.698224852071,424.45871559633025,181.82692307692307,338,7
747,24.9,True,424.45871559633025,183.58103975535167,424.45871559633025,183.58103975535167,327,7
748,24.933333333333334,True,424.3865030674847,186.37423312883436,424.3865030674847,186.37423312883436,326,7
749,24.966666666666665,True,423.1218637992832,193.58781362007167,423.1218637992832,191.93103448275863,279,7
750,25.0,True,422.3954372623574,192.2889733840304,422.5100401606426,192.2889733840304,263,7
751,25.033333333333335,True,413.1111111111111,191.93103448275863,422.5100401606426,193.58781362007167,261,8
752,25.066666666666666,True,422.5100401606426,199.710843373494,422.5100401606426,199.710843373494,249,7
753,25.1,True,422.704,202.704,422.704,202.704,250,7
754,25.133333333333333,True,422.9392712550607,205.18623481781376,422.704,202.704,247,7
755,25.166666666666668,True,423.44642857142856,204.01339285714286,422.9392712550607,204.01339285714286,224,7
756,25.2,True,416.65296803652967,200.1826484018265,423.44642857142856,205.18623481781376,219,8
757,25.233333333333334,True,424.274678111588,207.92274678111588,423.6363636363636,207.92274678111588,233,7
758,25.266666666666666,True,423.9362745098039,211.0392156862745,423.9362745098039,211.0392156862745,204,7
759,25.3,True,423.6363636363636,214.15454545454546,423.9362745098039,214.15454545454546,220,7
760,25.333333333333332,True,424.14832535885165,214.47846889952154,423.6363636363636,214.15454545454546,209,7
761,25.366666666666667,True,423.0,216.4356846473029,423.0,214.47846889952154,241,7
762,25.4,True,416.4347826086956,213.1782608695652,422.73417721518985,214.73417721518987,230,8
763,25.433333333333334,True,422.73417721518985,214.73417721518987,421.56962025316454,216.4356846473029,237,7
764,25.466666666666665,True,421.56962025316454,217.0632911392405,421.56962025316454,216.33193277310923,237,7
765,25.5,True,419.82716049382714,219.69135802469137,421.56962025316454,217.0632911392405,243,7
766,25.533333333333335,True,426.10504201680675,216.33193277310923,419.82716049382714,219.69135802469137,238,8
767,25.566666666666666,True,417.7843137254902,220.70980392156864,419.82716049382714,219.79757085020242,255,7
768,25.6,True,417.13765182186233,219.79757085020242,417.7843137254902,220.70980392156864,247,7
769,25.633333333333333,True,423.5515873015873,224.28174603174602,417.13765182186233,222.84959349593495,252,8
770,25.666666666666668,True,414.0243902439024,222.84959349593495,414.0243902439024,224.20689655172413,246,7
771,25.7,True,412.375,224.275,412.375,224.275,280,7
772,25.733333333333334,True,411.5632183908046,224.20689655172413,411.5632183908046,224.275,261,7
773,25.766666666666666,True,410.4029850746269,224.3955223880597,410.4029850746269,224.30795847750866,268,7
774,25.8,True,408.96923076923076,225.23461538461538,409.4532871972318,224.30795847750866,260,7
775,25.833333333333332,True,409.4532871972318,224.30795847750866,408.96923076923076,224.3955223880597,289,8
776,25.866666666666667,True,402.0176056338028,221.19366197183098,406.51827242524917,225.23461538461538,284,8
777,25.9,True,406.51827242524917,225.4418604651163,405.98979591836735,225.2517006802721,301,7
778,25.933333333333334,True,405.98979591836735,225.2517006802721,404.93870967741935,225.2517006802721,294,7
779,25.966666666666665,True,404.93870967741935,225.6290322580645,404.93870967741935,225.4418604651163,310,8
780,26.0,True,403.6350148367953,224.25519287833828,404.3375,225.6290322580645,337,8
781,26.033333333333335,True,404.3375,228.01875,404.3375,228.01875,320,7
782,26.066666666666666,True,399.2157534246575,228.18835616438355,404.3375,228.18835616438355,292,9
783,26.1,True,405.73737373737373,234.96969696969697,405.73737373737373,234.96969696969697,297,8
784,26.133333333333333,True,407.8905109489051,239.46715328467153,407.8905109489051,239.46715328467153,274,7
785,26.166666666666668,True,408.87698412698415,241.734126984127,408.87698412698415,241.734126984127,252,7
786,26.2,True,409.5953307392996,242.0739299610895,409.5953307392996,242.0739299610895,257,7
787,26.233333333333334,True,410.6837606837607,243.17094017094018,410.6837606837607,243.17094017094018,234,7
788,26.266666666666666,True,411.7510548523207,243.34177215189874,411.7510548523207,243.17094017094018,237,7
789,26.3,True,413.33031674208144,245.02714932126696,413.33031674208144,243.34177215189874,221,7
790,26.333333333333332,True,425.1082251082251,239.99134199134198,415.7235023041475,245.02714932126696,231,8
791,26.366666666666667,True,415.7235023041475,248.56221198156683,416.0765765765766,247.8063063063063,217,7
792,26.4,True,416.0765765765766,247.8063063063063,417.4524886877828,248.56221198156683,222,7
793,26.433333333333334,True,417.4524886877828,252.10407239819006,417.4524886877828,252.10407239819006,221,7
794,26.466666666666665,True,418.7260273972603,256.42922374429224,417.4524886877828,254.25877192982455,219,7
795,26.5,True,417.8070175438597,254.25877192982455,417.4524886877828,254.25877192982455,228,7
796,26.533333333333335,True,417.2780269058296,256.13452914798205,417.2780269058296,256.13452914798205,223,7
797,26.566666666666666,True,409.2914798206278,251.01793721973095,416.25957446808513,256.13452914798205,223,8
798,26.6,True,416.25957446808513,257.54893617021276,415.1311475409836,257.54893617021276,235,7
799,26.633333333333333,True,415.1311475409836,257.82377049180326,414.4412955465587,257.82377049180326,244,7
800,26.666666666666668,True,414.01234567901236,260.73251028806584,414.4412955465587,260.73251028806584,243,7
801,26.7,True,414.4412955465587,263.95546558704456,414.01234567901236,263.4761904761905,247,7
802,26.733333333333334,True,413.43956043956047,263.4761904761905,413.43956043956047,263.95546558704456,273,7
803,26.766666666666666,True,411.9503816793893,265.40458015267177,411.9503816793893,263.95546558704456,262,7
804,26.8,True,411.2610294117647,269.16911764705884,411.2610294117647,265.40458015267177,272,7
805,26.833333333333332,True,401.29007633587787,260.99236641221376,408.7864768683274,268.2653846153846,262,8
806,26.866666666666667,True,408.7864768683274,268.5017793594306,407.32971014492756,268.5017793594306,281,7
807,26.9,True,406.9730769230769,268.2653846153846,406.9730769230769,268.5017793594306,260,7
808,26.933333333333334,True,407.32971014492756,271.35869565217394,406.9730769230769,268.91205211726384,276,7
809,26.966666666666665,True,406.6962457337884,269.77133105802045,406.6962457337884,268.91509433962267,293,8
810,27.0,True,406.08794788273616,268.91205211726384,406.6962457337884,269.76510067114094,307,8
811,27.033333333333335,True,404.24528301886795,268.91509433962267,406.38275862068963,269.76510067114094,318,8
812,27.066666666666666,True,410.8859060402685,269.76510067114094,406.08794788273616,269.76510067114094,298,9
813,27.1,True,406.38275862068963,273.57241379310346,406.38275862068963,272.951724137931,290,8
814,27.133333333333333,True,404.7758620689655,272.951724137931,407.2857142857143,273.57241379310346,290,8
815,27.166666666666668,True,407.2857142857143,275.2717770034843,407.2857142857143,275.2717770034843,287,8
816,27.2,True,410.92936802973975,279.6728624535316,410.92936802973975,278.59298245614036,269,8
817,27.233333333333334,True,411.26666666666665,278.59298245614036,411.26666666666665,279.6728624535316,285,9
818,27.266666666666666,True,416.3538461538462,283.67692307692306,416.3538461538462,283.67692307692306,260,8
819,27.3,True,421.5532786885246,287.8155737704918,421.5532786885246,287.8155737704918,244,7
820,27.333333333333332,True,422.3690476190476,287.95238095238096,422.3690476190476,287.8155737704918,252,7
821,27.366666666666667,True,424.0042553191489,288.7617021276596,423.8267716535433,287.95238095238096,235,7
822,27.4,True,423.8267716535433,287.7007874015748,424.0042553191489,288.1061224489796,254,7
823,27.433333333333334,True,425.64224137931035,288.54741379310343,425.64224137931035,288.54741379310343,232,7
824,27.466666666666665,True,425.7918367346939,288.1061224489796,425.7918367346939,288.54741379310343,245,7
825,27.5,True,428.8523206751055,290.9240506329114,428.3679245283019,289.7354260089686,237,7
826,27.533333333333335,True,428.3679245283019,290.3160377358491,428.3856502242152,290.3160377358491,212,7
827,27.566666666666666,True,428.3856502242152,289.7354260089686,428.8523206751055,290.9240506329114,223,7
828,27.6,True,434.28793774319064,297.7003891050584,430.6804979253112,295.50622406639,257,7
829,27.633333333333333,True,432.5019305019305,296.35135135135135,430.6804979253112,295.5348837209302,259,7
830,27.666666666666668,True,430.6804979253112,295.50622406639,430.6804979253112,296.35135135135135,241,7
831,27.7,True,429.8217054263566,295.5348837209302,430.6804979253112,296.35135135135135,258,7
832,27.733333333333334,True,429.75757575757575,296.97402597402595,430.6804979253112,296.97402597402595,231,7
833,27.766666666666666,True,431.44401544401546,299.2084942084942,430.02024291497975,299.2084942084942,259,7
834,27.8,True,431.836,302.36,430.02024291497975,302.36,250,7
835,27.833333333333332,True,430.02024291497975,303.43724696356276,430.02024291497975,303.43724696356276,247,7
836,27.866666666666667,True,429.828,305.312,430.02024291497975,303.43724696356276,250,7
837,27.9,True,427.2867924528302,305.55471698113206,429.828,305.312,265,7
838,27.933333333333334,True,433.9068825910931,302.5668016194332,427.4922480620155,305.55471698113206,247,8
839,27.966666666666665,True,427.4922480620155,308.40697674418607,427.2867924528302,308.40697674418607,258,7
840,28.0,True,426.7913669064748,310.6151079136691,427.2153284671533,310.6151079136691,278,7
841,28.033333333333335,True,427.2153284671533,311.9124087591241,426.87072243346006,311.9124087591241,274,7
842,28.066666666666666,True,426.87072243346006,313.7148288973384,426.87072243346006,313.3178294573643,263,7
843,28.1,True,426.468992248062,313.3178294573643,426.87072243346006,313.7148288973384,258,7
844,28.133333333333333,True,429.1335740072202,315.8050541516246,426.87072243346006,314.5807560137457,277,7
845,28.166666666666668,True,426.34364261168383,314.5807560137457,426.468992248062,314.5807560137457,291,8
846,28.2,True,428.80664652567975,315.8549848942598,428.80664652567975,315.8050541516246,331,8
847,28.233333333333334,True,420.05864197530866,310.3487654320988,426.34364261168383,314.5807560137457,324,9
848,28.266666666666666,True,430.75850340136054,318.51360544217687,428.80664652567975,315.8549848942598,294,9
849,28.3,True,424.40880503144655,312.89622641509436,429.7524752475247,317.1023102310231,318,10
850,28.333333333333332,True,429.7524752475247,317.1023102310231,430.75850340136054,317.1023102310231,303,8
851,28.366666666666667,True,435.24074074074076,320.02962962962965,433.23643410852713,317.1023102310231,270,8
852,28.4,True,433.23643410852713,300.8837209302326,435.24074074074076,320.02962962962965,258,9
853,28.433333333333334,True,445.64255319148936,322.468085106383,445.64255319148936,322.468085106383,235,7
854,28.466666666666665,True,446.9277566539924,322.59695817490496,446.9277566539924,322.59695817490496,263,7
855,28.5,True,449.86821705426354,322.7984496124031,449.86821705426354,322.7984496124031,258,7
856,28.533333333333335,True,452.58736059479554,323.3382899628253,452.58736059479554,322.7984496124031,269,7
857,28.566666666666666,True,453.90725806451616,323.31451612903226,452.712,323.0487804878049,248,7
858,28.6,True,452.712,322.52,453.90725806451616,323.31451612903226,250,7
859,28.633333333333333,True,455.5975609756098,323.0487804878049,455.5975609756098,323.31451612903226,246,7
860,28.666666666666668,True,457.0954356846473,323.8713692946058,457.0954356846473,323.8713692946058,241,7
861,28.7,True,460.1587301587302,325.5238095238095,458.7764227642276,325.09328358208955,252,7
862,28.733333333333334,True,459.2835820895522,325.09328358208955,458.97222222222223,325.3739837398374,268,7
863,28.766666666666666,True,458.7764227642276,325.3739837398374,459.2835820895522,325.5238095238095,246,7
864,28.8,True,458.97222222222223,326.88492063492066,459.2835820895522,326.88492063492066,252,7
865,28.833333333333332,True,460.7912087912088,328.26739926739924,460.7912087912088,328.26739926739924,273,7
866,28.866666666666667,True,462.1155378486056,329.9003984063745,462.07924528301885,329.9003984063745,251,7
867,28.9,True,463.09615384615387,330.80384615384617,462.1155378486056,330.80384615384617,260,7
868,28.933333333333334,True,462.07924528301885,332.46792452830186,463.09615384615387,332.46792452830186,265,7
869,28.966666666666665,True,464.3424124513619,335.15564202334633,463.80223880597015,335.15564202334633,257,7
870,29.0,True,464.2134387351779,336.1857707509881,464.2134387351779,336.1857707509881,253,7
871,29.033333333333335,True,463.80223880597015,337.3544776119403,464.2134387351779,337.3544776119403,268,7
872,29.066666666666666,True,465.3137254901961,340.2078431372549,463.8546712802768,337.3544776119403,255,7
873,29.1,True,463.8546712802768,341.5916955017301,463.8546712802768,340.2078431372549,289,7
874,29.133333333333333,True,453.7562724014337,334.64516129032256,463.8546712802768,341.5916955017301,279,8
875,29.166666666666668,True,464.541095890411,342.55479452054794,463.8546712802768,342.55479452054794,292,7
876,29.2,True,461.4810996563574,343.73539518900344,464.541095890411,343.1741935483871,291,8
877,29.233333333333334,True,465.10322580645163,343.1741935483871,464.541095890411,343.1741935483871,310,8
878,29.266666666666666,True,466.3863636363636,344.90584415584414,465.10322580645163,343.73539518900344,308,7
879,29.3,True,462.7207792207792,339.8279220779221,466.3863636363636,344.8422818791946,308,8
880,29.333333333333332,True,467.875,345.38461538461536,467.875,344.90584415584414,312,7
881,29.366666666666667,True,470.67785234899327,344.8422818791946,470.41379310344826,344.97492163009406,298,8
882,29.4,True,471.93594306049823,345.01423487544486,470.5522875816994,345.01423487544486,281,8
883,29.433333333333334,True,470.41379310344826,344.97492163009406,470.67785234899327,345.01423487544486,319,7
884,29.466666666666665,True,470.5522875816994,345.83660130718954,471.93594306049823,345.01423487544486,306,9
885,29.5,True,486.6085409252669,345.38434163701066,483.9173228346457,344.97492163009406,281,9
886,29.533333333333335,True,483.9173228346457,343.59055118110234,486.50787401574803,343.59055118110234,254,7
887,29.566666666666666,True,486.50787401574803,342.8267716535433,486.6085409252669,342.8267716535433,254,7
888,29.6,True,487.2906976744186,342.5387596899225,487.2906976744186,342.5387596899225,258,7
889,29.633333333333333,True,489.53435114503816,341.64885496183206,489.53435114503816,341.64885496183206,262,7
890,29.666666666666668,True,491.57421875,341.30859375,491.57421875,341.30859375,256,7
891,29.7,True,492.3448275862069,340.76245210727967,492.3448275862069,340.76245210727967,261,7
892,29.733333333333334,True,495.1093117408907,340.3643724696356,495.1093117408907,340.3643724696356,247,7
893,29.766666666666666,True,498.10980392156864,340.08235294117645,496.05442176870747,340.3643724696356,255,7
894,29.8,True,496.05442176870747,340.0748299319728,498.10980392156864,340.3643724696356,294,7
895,29.833333333333332,True,498.62745098039215,340.59215686274507,498.62745098039215,340.59215686274507,255,7
896,29.866666666666667,True,500.1937984496124,340.7480620155039,499.264,340.7480620155039,258,7
897,29.9,True,499.264,341.768,500.1937984496124,341.768,250,7
898,29.933333333333334,True,503.47131147540983,343.1106557377049,501.3346456692913,343.1106557377049,244,7
899,29.966666666666665,True,501.3346456692913,343.4685039370079,503.47131147540983,343.4685039370079,254,7
900,30.0,True,504.4154411764706,345.5257352941176,503.7433962264151,345.5257352941176,272,7
901,30.033333333333335,True,503.7433962264151,346.4075471698113,504.35714285714283,346.4075471698113,265,7
902,30.066666666666666,True,504.35714285714283,347.9924812030075,504.4154411764706,347.9924812030075,266,7
903,30.1,True,508.01083032490976,348.88808664259926,508.01083032490976,348.88808664259926,277,7
904,30.133333333333333,True,509.29473684210524,349.6982456140351,508.01083032490976,349.6982456140351,285,7
905,30.166666666666668,True,508.38652482269504,351.4822695035461,508.38652482269504,351.4822695035461,282,7
906,30.2,True,507.8905109489051,352.8868613138686,509.29473684210524,352.8868613138686,274,7
907,30.233333333333334,True,510.25,353.6701388888889,509.7190635451505,353.6701388888889,288,7
908,30.266666666666666,True,509.7190635451505,354.95317725752506,510.25,354.95317725752506,299,7
909,30.3,True,515.1111111111111,356.33633633633633,512.0387096774193,355.9,333,8
910,30.333333333333332,True,512.0387096774193,355.9,513.0265486725664,356.158940397351,310,7
911,30.366666666666667,True,513.3211920529801,356.158940397351,513.0265486725664,356.1740412979351,302,7
912,30.4,True,513.0265486725664,356.1740412979351,513.0265486725664,356.1740412979351,339,8
913,30.433333333333334,True,512.8210227272727,356.3863636363636,513.3211920529801,356.3863636363636,352,7
914,30.466666666666665,True,513.5823170731708,356.4573170731707,513.5823170731708,356.3863636363636,328,7
915,30.5,True,514.5594855305466,357.0739549839228,514.5594855305466,356.3863636363636,311,8
916,30.533333333333335,True,518.0958904109589,354.2671232876712,518.0958904109589,354.2671232876712,292,8
917,30.566666666666666,True,520.78073089701,353.7840531561462,520.78073089701,353.7840531561462,301,9
918,30.6,True,525.9064748201439,350.4064748201439,521.5461254612546,350.4064748201439,278,8
919,30.633333333333333,True,521.5461254612546,338.5608856088561,525.9064748201439,347.6240875912409,271,8
920,30.666666666666668,True,529.1313868613139,347.6240875912409,529.1313868613139,345.4046692607004,274,7
921,30.7,True,531.4941634241245,345.4046692607004,531.073359073359,345.1969111969112,257,7
922,30.733333333333334,True,531.073359073359,345.1969111969112,531.4941634241245,345.1969111969112,259,7
923,30.766666666666666,True,533.296,342.896,533.0,342.896,250,7
924,30.8,True,533.0,342.6311787072243,533.296,342.6311787072243,263,7
925,30.833333333333332,True,539.6943396226416,335.92452830188677,537.4626865671642,339.42910447761193,265,8
926,30.866666666666667,True,537.4626865671642,339.42910447761193,538.9704797047971,339.070110701107,268,7
927,30.9,True,538.9704797047971,339.070110701107,539.6943396226416,338.6051660516605,271,7
928,30.933333333333334,True,540.2435424354244,338.6051660516605,540.2435424354244,339.05743243243245,271,7
929,30.966666666666665,True,542.52,338.3527272727273,541.0304054054054,338.87265917602997,275,7
930,31.0,True,541.0304054054054,339.05743243243245,542.52,338.87265917602997,296,7
931,31.033333333333335,True,544.6142322097378,338.87265917602997,544.6142322097378,339.05743243243245,267,7
932,31.066666666666666,True,546.1955719557195,339.4206642066421,546.1955719557195,339.322695035461,271,7
933,31.1,True,549.2375886524823,339.322695035461,549.2375886524823,339.4206642066421,282,7
934,31.133333333333333,True,549.9470198675497,340.387417218543,549.7508650519031,340.1771217712177,302,7
935,31.166666666666668,True,551.239852398524,340.1771217712177,549.9470198675497,340.387417218543,271,7
936,31.2,True,549.7508650519031,343.0034602076125,551.239852398524,340.9321428571429,289,7
937,31.233333333333334,True,556.6428571428571,340.9321428571429,555.6438356164383,343.0034602076125,280,7
938,31.266666666666666,True,555.6438356164383,343.38013698630135,556.6428571428571,343.38013698630135,292,7
939,31.3,True,557.7831715210356,344.2880258899676,556.8656716417911,344.2880258899676,309,7
940,31.333333333333332,True,557.5579937304075,345.2413793103448,557.5579937304075,345.2413793103448,319,7
941,31.366666666666667,True,556.8656716417911,346.5492537313433,557.7831715210356,346.5492537313433,335,8
942,31.4,True,558.3164556962025,349.0,558.3164556962025,347.2475570032573,316,8
943,31.433333333333334,True,559.4617940199336,347.4784053156146,559.4617940199336,347.2475570032573,301,7
944,31.466666666666665,True,559.9315960912052,347.2475570032573,559.9315960912052,347.2475570032573,307,7
945,31.5,True,561.016447368421,345.44736842105266,561.016447368421,345.44736842105266,304,8
946,31.533333333333335,True,562.331081081081,344.6722972972973,562.331081081081,344.6722972972973,296,7
947,31.566666666666666,True,563.75,344.08012820512823,563.75,344.08012820512823,312,7
948,31.6,True,565.0325732899023,342.442996742671,564.4981412639405,342.6133828996283,307,7
949,31.633333333333333,True,564.4981412639405,342.6133828996283,565.0325732899023,342.442996742671,269,9
950,31.666666666666668,True,565.6780821917808,340.85616438356163,565.6780821917808,340.85616438356163,292,8
951,31.7,True,566.3490909090909,339.75272727272727,566.3490909090909,339.75272727272727,275,8
952,31.733333333333334,True,569.8827838827839,332.53846153846155,569.8157894736842,332.53846153846155,273,7
953,31.766666666666666,True,569.8157894736842,331.68045112781954,569.8827838827839,331.68045112781954,266,7
954,31.8,True,570.71875,328.70703125,570.71875,328.70703125,256,7
955,31.833333333333332,True,572.00826446281,325.68595041322317,572.00826446281,325.68595041322317,242,7
956,31.866666666666667,True,572.652,323.976,572.5300751879699,323.976,250,7
957,31.9,True,572.5300751879699,323.0827067669173,572.591037593985,323.52935338345867,266,7
958,31.933333333333334,True,573.7881040892194,320.86988847583643,572.652,323.0827067669173,269,7
