timesteps,mean_reward,ci95_low,ci95_high,run01,run02,run03,run04,run05,run06,run07,run08,run09,run10
5.000000000000000000e+03,-8.369061833999998612e+01,-8.505769848349999052e+01,-8.240308862199999851e+01,-8.428984919999999192e+01,-8.409197959999998773e+01,-8.173226379999999835e+01,-8.343488120000000663e+01,-8.784094020000000569e+01,-8.218730180000000018e+01,-8.636181060000001253e+01,-8.249789539999999022e+01,-8.434336980000000494e+01,-8.012589180000000511e+01
1.000000000000000000e+04,-7.831759924000002115e+01,-8.069831930000000852e+01,-7.560745242950000033e+01,-8.047963259999998797e+01,-7.751766940000000261e+01,-7.444782580000000394e+01,-8.244476440000001105e+01,-8.201563079999999673e+01,-7.868708339999999168e+01,-7.892738740000000064e+01,-7.548623720000000503e+01,-8.380826260000000616e+01,-6.936149880000000678e+01
1.500000000000000000e+04,-7.296015615999999682e+01,-7.713289414849998593e+01,-6.889703767199998197e+01,-7.380762579999998252e+01,-7.428894879999998579e+01,-6.998246419999999546e+01,-8.106990540000001033e+01,-6.350724279999999311e+01,-7.612683520000000215e+01,-6.823299140000000307e+01,-7.292715439999999205e+01,-8.572471740000000295e+01,-6.393367620000000073e+01
2.000000000000000000e+04,-6.690774134000000117e+01,-7.254069054400000027e+01,-6.110726616350000029e+01,-6.283568860000000456e+01,-7.313894260000000713e+01,-5.424157879999999921e+01,-8.068707320000000038e+01,-5.319144220000000445e+01,-6.980532759999999826e+01,-6.088794000000000040e+01,-7.149694959999999355e+01,-8.001405979999999829e+01,-6.277841099999999130e+01
2.500000000000000000e+04,-6.104282238000000405e+01,-6.718720878050000067e+01,-5.517401012200000565e+01,-5.108004820000000024e+01,-6.985477199999999698e+01,-4.738056179999999529e+01,-7.893755380000000343e+01,-5.083017180000000224e+01,-5.618733819999999923e+01,-5.951681399999999655e+01,-6.407153160000000014e+01,-7.230928500000000270e+01,-6.026014739999999392e+01
3.000000000000000000e+04,-5.452238608000000397e+01,-6.077563817750001363e+01,-4.896819240850000909e+01,-4.847442080000000431e+01,-6.140848340000000150e+01,-4.380802359999999851e+01,-7.542094879999999080e+01,-4.711589980000000111e+01,-4.912322820000000689e+01,-5.135442659999999648e+01,-5.887026799999999582e+01,-6.356349920000000253e+01,-4.608466239999999914e+01
3.500000000000000000e+04,-4.846157995999999457e+01,-5.298468215700000172e+01,-4.411366666750001286e+01,-4.437456519999999927e+01,-5.405034359999999793e+01,-3.946701199999999687e+01,-6.185252640000000213e+01,-5.044655920000000293e+01,-4.512993179999999427e+01,-4.212625580000000269e+01,-4.954275140000000022e+01,-5.732209819999999212e+01,-4.030375599999999991e+01
4.000000000000000000e+04,-4.520991510000000346e+01,-4.835426710449999632e+01,-4.191205366550000377e+01,-4.486448479999999961e+01,-4.843909299999999973e+01,-3.735484319999999059e+01,-4.675027699999999697e+01,-5.219874320000000267e+01,-4.094640080000000637e+01,-4.232996499999999429e+01,-4.867062659999999852e+01,-5.272706379999999626e+01,-3.781765359999999987e+01
4.500000000000000000e+04,-4.292126269999999266e+01,-4.627231029249999494e+01,-3.983925599949999707e+01,-4.098742519999999701e+01,-4.144714119999999724e+01,-3.564812719999999757e+01,-4.292768099999999976e+01,-5.107106699999999933e+01,-3.818144719999999381e+01,-4.083146019999999510e+01,-5.166077419999999165e+01,-4.800984679999999827e+01,-3.844765700000000663e+01
5.000000000000000000e+04,-4.053038422000000196e+01,-4.274427050700000308e+01,-3.829656217499999826e+01,-3.859634679999999918e+01,-4.116688520000000295e+01,-3.438742240000000550e+01,-3.921238319999999788e+01,-4.600522579999999806e+01,-3.566880539999999655e+01,-3.959081899999999621e+01,-4.564907300000000134e+01,-4.353086479999999625e+01,-4.149601660000000436e+01
5.500000000000000000e+04,-4.085327969999999453e+01,-4.372686425650000075e+01,-3.798318354949999076e+01,-3.613003139999999291e+01,-3.978558859999999697e+01,-3.368271000000000015e+01,-3.886864379999999386e+01,-4.813679259999999971e+01,-3.631270619999999383e+01,-3.897303320000000326e+01,-4.578239839999999816e+01,-4.523696759999999983e+01,-4.562392520000000218e+01
6.000000000000000000e+04,-4.087605393999999848e+01,-4.423574938849999683e+01,-3.765341906200000466e+01,-3.594243559999999604e+01,-3.715657159999999948e+01,-3.355593400000000059e+01,-3.896970220000000040e+01,-4.659642999999999802e+01,-3.724562459999999930e+01,-3.698476879999999767e+01,-4.629776160000000118e+01,-4.684837360000000217e+01,-4.916293739999999701e+01
6.500000000000000000e+04,-4.032626811999999461e+01,-4.318814729199998936e+01,-3.767338525800001037e+01,-3.524164860000000488e+01,-3.843720059999999705e+01,-3.345945400000000802e+01,-3.923389139999999742e+01,-4.250909539999999254e+01,-3.952025419999999656e+01,-3.733881840000000096e+01,-4.408365140000000082e+01,-4.439757400000000587e+01,-4.904109319999999883e+01
7.000000000000000000e+04,-4.050057804000000772e+01,-4.386956380699999869e+01,-3.763448080799999929e+01,-3.474789259999999302e+01,-3.720432739999999683e+01,-3.343919079999999866e+01,-4.008469079999999707e+01,-4.105690760000000239e+01,-3.918061080000000374e+01,-3.958548840000000268e+01,-4.314838500000000465e+01,-4.432671580000000233e+01,-5.223157119999999765e+01
7.500000000000000000e+04,-4.039744430000000364e+01,-4.388990094050000579e+01,-3.722038166200000120e+01,-3.447795299999999941e+01,-3.691447380000000322e+01,-3.255606420000000156e+01,-3.672730119999999943e+01,-4.085353240000000596e+01,-3.934151340000000374e+01,-4.238368480000000460e+01,-4.340085799999999949e+01,-4.543829639999999870e+01,-5.188076579999999183e+01
8.000000000000000000e+04,-4.131900085999999561e+01,-4.517789999349999874e+01,-3.775184872599999153e+01,-3.551454980000000461e+01,-3.594402079999999700e+01,-3.274863380000000035e+01,-3.721313820000000305e+01,-4.145479659999999456e+01,-4.005142800000000136e+01,-4.350989779999999740e+01,-4.541637640000000431e+01,-4.861598320000000228e+01,-5.272118399999999383e+01
8.500000000000000000e+04,-4.098795788000000329e+01,-4.546796736499999980e+01,-3.724264474300000671e+01,-3.576043660000000557e+01,-3.593100120000000430e+01,-3.252964440000000224e+01,-3.566688040000000370e+01,-4.030953560000000380e+01,-4.000972299999999393e+01,-4.276246400000000136e+01,-4.397850140000000607e+01,-4.606322459999999808e+01,-5.686816759999999249e+01
9.000000000000000000e+04,-4.139743688000000077e+01,-4.687161529949999306e+01,-3.709193707799999373e+01,-3.563553879999999907e+01,-3.609745840000000783e+01,-3.267525179999999807e+01,-3.695921119999999860e+01,-3.911446539999999317e+01,-3.674280199999999752e+01,-4.273475940000000151e+01,-4.442595300000000691e+01,-4.858665320000000065e+01,-6.100227560000000437e+01
9.500000000000000000e+04,-4.179400659999999590e+01,-4.710481954549999983e+01,-3.746266989450000295e+01,-3.553421519999999845e+01,-3.740216900000000066e+01,-3.265143719999999661e+01,-3.742510040000000515e+01,-3.854940299999999809e+01,-3.748659099999999711e+01,-4.382964900000000341e+01,-4.509397059999999868e+01,-4.962053059999999505e+01,-6.034699999999999420e+01
1.000000000000000000e+05,-4.196979310000000396e+01,-4.734769120000000697e+01,-3.759688683100000617e+01,-3.629070380000000284e+01,-3.652557099999999934e+01,-3.235654559999999691e+01,-3.869731879999999791e+01,-3.742393539999999774e+01,-3.864015360000000499e+01,-4.428355740000000651e+01,-4.574331840000000682e+01,-4.838428460000000086e+01,-6.135254240000000436e+01
1.050000000000000000e+05,-4.210778101999999734e+01,-4.708598620650001010e+01,-3.787530724900000934e+01,-3.678852920000000637e+01,-3.741274340000000365e+01,-3.206974280000000022e+01,-4.053395199999999932e+01,-3.626650540000000689e+01,-4.009817880000000656e+01,-4.262030599999999936e+01,-4.741516840000000599e+01,-4.861613760000000184e+01,-5.925654660000000007e+01
1.100000000000000000e+05,-4.160764332000000110e+01,-4.573710597200000194e+01,-3.774587607950000034e+01,-3.644754280000000080e+01,-3.642602899999999266e+01,-3.214504540000000077e+01,-4.114146379999999681e+01,-3.643512799999999885e+01,-3.911892720000000168e+01,-4.431104599999999749e+01,-4.835862120000000175e+01,-4.782240399999999880e+01,-5.387022580000000005e+01
1.150000000000000000e+05,-4.115615744000000120e+01,-4.512335911199999572e+01,-3.747519811299999759e+01,-3.609213880000000074e+01,-3.560668779999999600e+01,-3.247542620000000113e+01,-3.872135180000000076e+01,-3.585427700000000328e+01,-4.105204360000000463e+01,-4.424192140000000961e+01,-4.691211080000000067e+01,-4.834620139999999822e+01,-5.225941559999999697e+01
1.200000000000000000e+05,-4.102324488000000713e+01,-4.517210421600000103e+01,-3.716454884899999911e+01,-3.476387279999999436e+01,-3.647294740000000246e+01,-3.237825139999999635e+01,-3.970395699999999550e+01,-3.434808319999999782e+01,-4.099248839999999916e+01,-4.487992200000000054e+01,-4.766724420000000606e+01,-4.525094539999999910e+01,-5.377473699999999468e+01
1.250000000000000000e+05,-4.081367794000000515e+01,-4.574409977799999893e+01,-3.646864956900000010e+01,-3.400408960000000036e+01,-3.449129760000000289e+01,-3.220843299999999942e+01,-4.238575300000000112e+01,-3.296711559999999963e+01,-3.999275439999999548e+01,-4.179879100000000136e+01,-4.880296280000000309e+01,-4.411640340000000293e+01,-5.736917899999999548e+01
1.300000000000000000e+05,-4.094013030000000697e+01,-4.609491258650000134e+01,-3.641130190450000725e+01,-3.502482900000000399e+01,-3.394192940000000647e+01,-3.210296259999999791e+01,-4.037060780000000193e+01,-3.299833100000000030e+01,-3.919242160000000297e+01,-4.225758259999999922e+01,-5.053165140000000122e+01,-4.526419780000000515e+01,-5.771678980000000081e+01
1.350000000000000000e+05,-4.089528390000000257e+01,-4.647096052999999216e+01,-3.608290892000000127e+01,-3.478229399999999316e+01,-3.279765039999999487e+01,-3.216198039999999736e+01,-3.948464660000000492e+01,-3.280473720000000526e+01,-3.826368520000000473e+01,-4.346950440000000526e+01,-4.988729419999999948e+01,-4.588304620000000256e+01,-5.941800040000000394e+01
1.400000000000000000e+05,-4.046195455999999524e+01,-4.583929472600000565e+01,-3.549842703550000067e+01,-3.415110400000000368e+01,-3.211416519999999508e+01,-3.204465179999999691e+01,-3.736880200000000229e+01,-3.255013100000000037e+01,-3.605802839999999776e+01,-4.645776959999999889e+01,-4.980392039999999554e+01,-4.785043699999999944e+01,-5.622053620000000507e+01
1.450000000000000000e+05,-4.034172363999999789e+01,-4.585183039549999506e+01,-3.515374502949999425e+01,-3.392629579999999834e+01,-3.219004800000000444e+01,-3.206395260000000746e+01,-3.627573239999999544e+01,-3.277647759999999977e+01,-3.407985980000000126e+01,-4.737510739999999743e+01,-5.093054899999999918e+01,-4.944346060000000165e+01,-5.435575320000000232e+01
1.500000000000000000e+05,-4.069697280000000461e+01,-4.599801131850001212e+01,-3.568274473999999685e+01,-3.426836240000000089e+01,-3.229061639999999755e+01,-3.207988179999999545e+01,-3.914662040000000331e+01,-3.268225819999999260e+01,-3.502381860000000557e+01,-4.836385420000000579e+01,-5.359964499999999532e+01,-4.718262280000000430e+01,-5.233204820000000979e+01
1.550000000000000000e+05,-4.070361507999999873e+01,-4.584234849450000127e+01,-3.591410210849998919e+01,-3.438943899999999587e+01,-3.310237339999999762e+01,-3.218679680000000332e+01,-3.822363219999999728e+01,-3.334025939999999366e+01,-3.540893619999999942e+01,-4.908116439999999869e+01,-5.384213200000000654e+01,-4.660087620000000186e+01,-5.086054120000000012e+01
1.600000000000000000e+05,-4.065724658000000602e+01,-4.553123182199999519e+01,-3.607173540050000327e+01,-3.487666860000000213e+01,-3.411025039999999819e+01,-3.258981299999999948e+01,-3.603533519999999868e+01,-3.325194799999999873e+01,-3.705204980000000603e+01,-4.900149980000000483e+01,-5.340327119999999184e+01,-4.667058180000000078e+01,-4.958104799999999557e+01
1.650000000000000000e+05,-4.056151138000000600e+01,-4.515375115350001067e+01,-3.612064640050000719e+01,-3.527127159999999861e+01,-3.409913740000000359e+01,-3.236696020000000829e+01,-3.630102200000000323e+01,-3.266769500000000193e+01,-3.796023339999999990e+01,-4.769728440000000091e+01,-5.036952280000000570e+01,-4.985964740000000717e+01,-4.902233959999999513e+01
1.700000000000000000e+05,-4.105585139999999456e+01,-4.581611609499999815e+01,-3.649952536299999650e+01,-3.563469059999999899e+01,-3.423566300000000240e+01,-3.220297920000000147e+01,-3.885179980000000199e+01,-3.251153920000000141e+01,-3.774251739999999700e+01,-4.680590240000000080e+01,-5.110954579999999936e+01,-5.100427720000000420e+01,-5.045959940000000188e+01
1.750000000000000000e+05,-4.099607767999999908e+01,-4.562758371449999117e+01,-3.654786780799999946e+01,-3.507817340000000428e+01,-3.399435300000000382e+01,-3.219932239999999979e+01,-4.138383540000000238e+01,-3.233383899999999755e+01,-3.872156979999999749e+01,-4.393854699999999269e+01,-4.935998359999999963e+01,-5.199348840000000394e+01,-5.095766480000000342e+01
1.800000000000000000e+05,-4.101858818000000184e+01,-4.591450612200000592e+01,-3.645312943350000268e+01,-3.565028960000000069e+01,-3.516540840000000401e+01,-3.228071200000000118e+01,-3.854925020000000302e+01,-3.226592620000000267e+01,-3.878400639999999555e+01,-4.207010499999999809e+01,-5.319939580000000490e+01,-5.192364419999999825e+01,-5.029714400000000296e+01
1.850000000000000000e+05,-4.085824182000000349e+01,-4.618131800000000453e+01,-3.606707489250000265e+01,-3.415656239999999855e+01,-3.459445960000000753e+01,-3.228840860000000390e+01,-3.873298799999999886e+01,-3.222993800000000419e+01,-3.879419040000000507e+01,-3.945769299999999191e+01,-5.092300180000000154e+01,-5.403430040000000645e+01,-5.337087599999999554e+01
1.900000000000000000e+05,-4.097942320000000649e+01,-4.719873593350000363e+01,-3.555697186650000674e+01,-3.293641380000000396e+01,-3.364571360000000055e+01,-3.271645699999999835e+01,-3.783715860000000220e+01,-3.226160199999999634e+01,-3.888668400000000247e+01,-3.729371280000000155e+01,-5.169591520000000173e+01,-5.760050840000000250e+01,-5.492006659999999840e+01
1.950000000000000000e+05,-4.052833757999999875e+01,-4.643547333400000099e+01,-3.540040100449999727e+01,-3.296095659999999583e+01,-3.298726680000000044e+01,-3.255846539999999578e+01,-3.839853420000000028e+01,-3.257581640000000078e+01,-3.738246780000000768e+01,-3.846120000000000516e+01,-4.814300459999999759e+01,-5.781602420000000109e+01,-5.399963979999999708e+01
2.000000000000000000e+05,-3.991014713999999941e+01,-4.497284179700000095e+01,-3.546516179800000401e+01,-3.284298780000000306e+01,-3.245381960000000277e+01,-3.332675559999999848e+01,-3.915800059999999405e+01,-3.301271039999999601e+01,-3.871099759999999890e+01,-3.873910359999999997e+01,-4.439156300000000499e+01,-5.515321880000000476e+01,-5.131231440000000532e+01
