category,files,path
average_reward_summary,3,C:\Users\ytyla\Documents\GitHub\robot_eel\mujoco_simulation\outputs\paper_free_swim_10_targetv17_w100_ew08_a20_extracted_figures\average_reward_summary
batch_logs_and_status,22,C:\Users\ytyla\Documents\GitHub\robot_eel\mujoco_simulation\outputs\paper_free_swim_10_targetv17_w100_ew08_a20_extracted_figures\batch_logs_and_status
gait_jsons,10,C:\Users\ytyla\Documents\GitHub\robot_eel\mujoco_simulation\outputs\paper_free_swim_10_targetv17_w100_ew08_a20_extracted_figures\gait_jsons
individual_rewards,30,C:\Users\ytyla\Documents\GitHub\robot_eel\mujoco_simulation\outputs\paper_free_swim_10_targetv17_w100_ew08_a20_extracted_figures\individual_rewards
fixed_gait_trajectories_after_mean,30,C:\Users\ytyla\Documents\GitHub\robot_eel\mujoco_simulation\outputs\paper_free_swim_10_targetv17_w100_ew08_a20_extracted_figures\fixed_gait_trajectories_after_mean
training_eval_best_policy_curves,30,C:\Users\ytyla\Documents\GitHub\robot_eel\mujoco_simulation\outputs\paper_free_swim_10_targetv17_w100_ew08_a20_extracted_figures\training_eval_best_policy_curves
policy_rerun_before_fixed_mean,30,C:\Users\ytyla\Documents\GitHub\robot_eel\mujoco_simulation\outputs\paper_free_swim_10_targetv17_w100_ew08_a20_extracted_figures\policy_rerun_before_fixed_mean
fixed_gait_fitted_rotated_after_mean,20,C:\Users\ytyla\Documents\GitHub\robot_eel\mujoco_simulation\outputs\paper_free_swim_10_targetv17_w100_ew08_a20_extracted_figures\fixed_gait_fitted_rotated_after_mean
swim_recording_metadata,0,C:\Users\ytyla\Documents\GitHub\robot_eel\mujoco_simulation\outputs\paper_free_swim_10_targetv17_w100_ew08_a20_extracted_figures\swim_recording_metadata
