time_s,snapshot_png
2.0,C:\Users\ytyla\Documents\GitHub\robot_eel\mujoco_simulation\outputs\paper_swim_recordings\paper80_ppo_turn_right_a20_r07\paper80_ppo_turn_right_a20_r07_run08\paper80_ppo_turn_right_a20_r07_run08_snapshots\paper80_ppo_turn_right_a20_r07_run08_t02.0s.png
4.0,C:\Users\ytyla\Documents\GitHub\robot_eel\mujoco_simulation\outputs\paper_swim_recordings\paper80_ppo_turn_right_a20_r07\paper80_ppo_turn_right_a20_r07_run08\paper80_ppo_turn_right_a20_r07_run08_snapshots\paper80_ppo_turn_right_a20_r07_run08_t04.0s.png
6.0,C:\Users\ytyla\Documents\GitHub\robot_eel\mujoco_simulation\outputs\paper_swim_recordings\paper80_ppo_turn_right_a20_r07\paper80_ppo_turn_right_a20_r07_run08\paper80_ppo_turn_right_a20_r07_run08_snapshots\paper80_ppo_turn_right_a20_r07_run08_t06.0s.png
8.0,C:\Users\ytyla\Documents\GitHub\robot_eel\mujoco_simulation\outputs\paper_swim_recordings\paper80_ppo_turn_right_a20_r07\paper80_ppo_turn_right_a20_r07_run08\paper80_ppo_turn_right_a20_r07_run08_snapshots\paper80_ppo_turn_right_a20_r07_run08_t08.0s.png
10.0,C:\Users\ytyla\Documents\GitHub\robot_eel\mujoco_simulation\outputs\paper_swim_recordings\paper80_ppo_turn_right_a20_r07\paper80_ppo_turn_right_a20_r07_run08\paper80_ppo_turn_right_a20_r07_run08_snapshots\paper80_ppo_turn_right_a20_r07_run08_t10.0s.png
12.0,C:\Users\ytyla\Documents\GitHub\robot_eel\mujoco_simulation\outputs\paper_swim_recordings\paper80_ppo_turn_right_a20_r07\paper80_ppo_turn_right_a20_r07_run08\paper80_ppo_turn_right_a20_r07_run08_snapshots\paper80_ppo_turn_right_a20_r07_run08_t12.0s.png
14.0,C:\Users\ytyla\Documents\GitHub\robot_eel\mujoco_simulation\outputs\paper_swim_recordings\paper80_ppo_turn_right_a20_r07\paper80_ppo_turn_right_a20_r07_run08\paper80_ppo_turn_right_a20_r07_run08_snapshots\paper80_ppo_turn_right_a20_r07_run08_t14.0s.png
16.0,C:\Users\ytyla\Documents\GitHub\robot_eel\mujoco_simulation\outputs\paper_swim_recordings\paper80_ppo_turn_right_a20_r07\paper80_ppo_turn_right_a20_r07_run08\paper80_ppo_turn_right_a20_r07_run08_snapshots\paper80_ppo_turn_right_a20_r07_run08_t16.0s.png
18.0,C:\Users\ytyla\Documents\GitHub\robot_eel\mujoco_simulation\outputs\paper_swim_recordings\paper80_ppo_turn_right_a20_r07\paper80_ppo_turn_right_a20_r07_run08\paper80_ppo_turn_right_a20_r07_run08_snapshots\paper80_ppo_turn_right_a20_r07_run08_t18.0s.png
