time,x,y,yaw,reward,yaw_rate,turn_radius
2.000000000000001082e-02,5.998680876501515380e-01,-2.491890745941527374e-03,4.180117683027848724e-02,0.000000000000000000e+00,3.933045988271075100e+00,inf
4.000000000000002859e-02,5.996253464685465939e-01,-3.520705224262454802e-03,6.233653483001976026e-02,0.000000000000000000e+00,1.202848628074718373e+00,inf
6.000000000000004635e-02,5.991845349576565560e-01,-4.757902782019485244e-03,8.126442877052830749e-02,0.000000000000000000e+00,1.843623058974708018e+00,inf
8.000000000000005718e-02,5.987399426772689326e-01,-5.032075032306015938e-03,8.882062155302054840e-02,0.000000000000000000e+00,8.738029150922442811e-01,inf
1.000000000000000749e-01,5.980647334062230147e-01,-5.752813821174485032e-03,9.955659964149440877e-02,0.000000000000000000e+00,1.258595658941335849e+00,inf
1.200000000000000927e-01,5.973789211374721519e-01,-5.703252916166912101e-03,1.018095360513585068e-01,0.000000000000000000e+00,6.740426254279032747e-01,inf
1.400000000000000966e-01,5.964384404627258718e-01,-6.221338147527677442e-03,1.090200309853554123e-01,0.000000000000000000e+00,9.567750590997038396e-01,inf
1.600000000000001144e-01,5.954814877510473670e-01,-6.046490384181479882e-03,1.088643972698346563e-01,0.000000000000000000e+00,5.436049589906137847e-01,inf
1.800000000000001321e-01,5.942663568368946603e-01,-6.492026638831693841e-03,1.143729841739333092e-01,0.000000000000000000e+00,7.699649801831465190e-01,inf
2.000000000000001499e-01,5.930341828172229768e-01,-6.273651779302058529e-03,1.129672178193794063e-01,0.000000000000000000e+00,4.527387915637179350e-01,inf
2.200000000000001676e-01,5.915504875038053445e-01,-6.698788216435436205e-03,1.175320217472262119e-01,0.000000000000000000e+00,6.424263355108081885e-01,inf
2.400000000000001854e-01,5.900529317761176173e-01,-6.469092059558034791e-03,1.153824742392824121e-01,0.000000000000000000e+00,3.859514631085072534e-01,inf
2.600000000000001754e-01,5.883144880135334764e-01,-6.893987712408067292e-03,1.193531919909871508e-01,0.000000000000000000e+00,5.495294562941852590e-01,inf
2.800000000000001932e-01,5.865603160387816706e-01,-6.602973987385629684e-03,1.186189574198233954e-01,0.000000000000000000e+00,3.488553182829598476e-01,inf
3.000000000000002109e-01,5.846300125130632352e-01,-6.815610484906031719e-03,1.259154385361322126e-01,0.000000000000000000e+00,5.037825060514541375e-01,inf
3.200000000000002287e-01,5.825405678152604239e-01,-6.228370158940399470e-03,1.330882648678327340e-01,0.000000000000000000e+00,3.671493783171882463e-01,inf
3.400000000000002465e-01,5.802301290647264853e-01,-6.023883095136184362e-03,1.506417317931598721e-01,0.000000000000000000e+00,5.298502707764849440e-01,inf
3.600000000000002642e-01,5.777905881859846104e-01,-4.691478128309944928e-03,1.629849648386634264e-01,0.000000000000000000e+00,4.110700952574992129e-01,inf
3.800000000000002820e-01,5.752460544761972550e-01,-3.750687847230316230e-03,1.818169899847863480e-01,0.000000000000000000e+00,5.536492225012580315e-01,inf
4.000000000000002998e-01,5.723077641807687854e-01,-1.780143758726759895e-03,2.016679842506595155e-01,0.000000000000000000e+00,4.784480494454808053e-01,inf
4.200000000000003175e-01,5.690730555368824772e-01,3.524662091723418378e-04,2.251647934536930018e-01,0.000000000000000000e+00,5.981867286993168831e-01,inf
4.400000000000003353e-01,5.659137403053366988e-01,3.772734456946646997e-03,2.372721300602275707e-01,0.000000000000000000e+00,5.009045961221643140e-01,inf
4.600000000000003531e-01,5.628839817738657825e-01,6.802168380432904726e-03,2.504557348290087915e-01,0.000000000000000000e+00,5.917719590305405841e-01,inf
4.800000000000003708e-01,5.593918335325420710e-01,1.032524444005961106e-02,2.648281703528992392e-01,0.000000000000000000e+00,5.238087914787342703e-01,inf
5.000000000000003331e-01,5.556955519783686182e-01,1.287108103508782797e-02,2.906649667953970506e-01,0.000000000000000000e+00,6.346115818403772479e-01,inf
5.200000000000003508e-01,5.526410689663382447e-01,1.608641855428383227e-02,3.060113747180751020e-01,0.000000000000000000e+00,5.543950721526917924e-01,inf
5.400000000000003686e-01,5.506675446042438304e-01,1.877901075854210289e-02,3.155217807499500204e-01,0.000000000000000000e+00,6.101470364242421729e-01,inf
5.600000000000003864e-01,5.483593255739921402e-01,1.777150141343381007e-02,3.741229705690554685e-01,0.000000000000000000e+00,7.110985459603831327e-01,inf
5.800000000000004041e-01,5.468997648011664214e-01,1.773345463578679393e-02,4.199613051111603101e-01,0.000000000000000000e+00,7.254147805321854436e-01,inf
6.000000000000004219e-01,5.465663644866940452e-01,1.903315555766166289e-02,4.416087004188953280e-01,0.000000000000000000e+00,7.340081141269479970e-01,inf
6.200000000000004396e-01,5.468191559675553703e-01,2.025289472494240517e-02,4.582501924343186372e-01,0.000000000000000000e+00,6.255825370399181740e-01,inf
6.400000000000004574e-01,5.473456908568797852e-01,2.161543712972385789e-02,4.695378361240791776e-01,0.000000000000000000e+00,6.924516044914579282e-01,inf
6.600000000000004752e-01,5.479534798629085435e-01,2.278127547238056883e-02,4.787642124719145298e-01,0.000000000000000000e+00,6.042140955726892360e-01,inf
6.800000000000004929e-01,5.485015325286397569e-01,2.321940478225559268e-02,4.898305152654292005e-01,0.000000000000000000e+00,6.937715780056176174e-01,inf
7.000000000000005107e-01,5.489161205635857410e-01,2.266972241649528597e-02,5.054174103621721370e-01,0.000000000000000000e+00,6.310115487002199153e-01,inf
7.200000000000005285e-01,5.491802199018739339e-01,2.121295188345417859e-02,5.264280063057863446e-01,0.000000000000000000e+00,7.453493755493955097e-01,inf
7.400000000000005462e-01,5.492760593535467306e-01,1.906382782177229451e-02,5.522710913571929892e-01,0.000000000000000000e+00,7.033642110964256622e-01,inf
7.600000000000005640e-01,5.492026274009028652e-01,1.637996907512678790e-02,5.811644052737813260e-01,0.000000000000000000e+00,8.313355940819752155e-01,inf
7.800000000000005818e-01,5.489628082756899952e-01,1.318030413572834902e-02,6.105048681242764008e-01,0.000000000000000000e+00,7.934411004380127475e-01,inf
8.000000000000005995e-01,5.485062427424914899e-01,9.422581129541418576e-03,6.384490787038358262e-01,0.000000000000000000e+00,9.189140640551871630e-01,inf
8.200000000000006173e-01,5.477939869384134131e-01,5.182323900604079991e-03,6.649247212993947276e-01,0.000000000000000000e+00,8.782299608351096243e-01,inf
8.400000000000006350e-01,5.468518665593750105e-01,6.768791916612615367e-04,6.914334902714546205e-01,0.000000000000000000e+00,1.005004469523204547e+00,inf
8.600000000000006528e-01,5.457150158527815931e-01,-3.918271792889227445e-03,7.193673309176910058e-01,0.000000000000000000e+00,9.697361881999704281e-01,inf
8.800000000000006706e-01,5.443633769026233749e-01,-8.554324784027844686e-03,7.488753856249410479e-01,0.000000000000000000e+00,1.095701647894232744e+00,inf
9.000000000000006883e-01,5.428156772712747768e-01,-1.321019193754113807e-02,7.760066016282327617e-01,0.000000000000000000e+00,1.047938189779952900e+00,inf
9.200000000000007061e-01,5.413469719084551546e-01,-1.766215804320786509e-02,7.955293141479969909e-01,0.000000000000000000e+00,1.131165391263333708e+00,inf
9.400000000000007239e-01,5.402582847724877180e-01,-2.143598090366838349e-02,8.091173630889246793e-01,0.000000000000000000e+00,1.048562842784984905e+00,inf
9.600000000000007416e-01,5.405442970633035360e-01,-2.315880316253043913e-02,7.920130450108422426e-01,0.000000000000000000e+00,1.031805969555569691e+00,inf
9.800000000000007594e-01,5.403657411925069098e-01,-2.487901224101601860e-02,7.837653617024408215e-01,0.000000000000000000e+00,9.680594034566081252e-01,inf
1.000000000000000666e+00,5.408244327973141807e-01,-2.524929357480520942e-02,7.608359786728894347e-01,0.000000000000000000e+00,8.919078424987897380e-01,inf
1.019999999999998463e+00,5.408380986419938363e-01,-2.612801252747987135e-02,7.438944829993062724e-01,0.000000000000000000e+00,8.363159428648770932e-01,inf
1.039999999999996261e+00,5.411885425318216924e-01,-2.657510557636616477e-02,7.230099522847394100e-01,0.000000000000000000e+00,7.829475325420799381e-01,inf
1.059999999999994058e+00,5.410302952618377681e-01,-2.782543836257533876e-02,7.121965326151024067e-01,0.000000000000000000e+00,7.554491320541736332e-01,inf
1.079999999999991855e+00,5.412528065191903881e-01,-2.862581596124758043e-02,6.995794020212272590e-01,0.000000000000000000e+00,6.987625768200470544e-01,inf
1.099999999999989653e+00,5.411329949268186557e-01,-2.972113297161865786e-02,6.940294058665430477e-01,0.000000000000000000e+00,6.517730043318591404e-01,inf
1.119999999999987450e+00,5.414807938275910670e-01,-2.999235591261523171e-02,6.850223426204853361e-01,0.000000000000000000e+00,6.160340992817304739e-01,inf
1.139999999999985247e+00,5.416816396322676752e-01,-2.959028383954775965e-02,6.734408655336634464e-01,0.000000000000000000e+00,5.865339403169527177e-01,inf
1.159999999999983045e+00,5.423184479475475772e-01,-2.789980320043428108e-02,6.566155547673103721e-01,0.000000000000000000e+00,3.843432270387302507e-01,inf
1.179999999999980842e+00,5.430848354541600864e-01,-2.515217243389811230e-02,6.314521206430376843e-01,0.000000000000000000e+00,3.483884927866458536e-01,inf
1.199999999999978639e+00,5.433379178349476701e-01,-2.092087101417994255e-02,6.134462312946367124e-01,0.000000000000000000e+00,2.567884857428943679e-01,inf
1.219999999999976437e+00,5.436414071926074509e-01,-1.362198223571947642e-02,5.746722161136978979e-01,0.000000000000000000e+00,1.653421756698723322e-01,inf
1.239999999999974234e+00,5.423329325670003254e-01,-4.560894962440664724e-03,5.396854866519201765e-01,0.000000000000000000e+00,1.081518989205474957e-01,inf
1.259999999999972031e+00,5.393950549626043145e-01,5.911665213119643436e-03,5.088281433603800696e-01,0.000000000000000000e+00,3.336432093590251807e-02,inf
1.279999999999969829e+00,5.351713960163327899e-01,1.346663083614973999e-02,5.216146763852764767e-01,0.000000000000000000e+00,1.016398947376077749e-01,inf
1.299999999999967626e+00,5.326783585884110606e-01,2.088628390042202021e-02,5.340252982962708783e-01,0.000000000000000000e+00,2.771544438360987531e-02,inf
1.319999999999965423e+00,5.322252364757468213e-01,2.668879767326537422e-02,5.472390529794016745e-01,0.000000000000000000e+00,6.937062319989098502e-02,inf
1.339999999999963221e+00,5.326686762349730486e-01,3.255480395014981321e-02,5.536508922849856518e-01,0.000000000000000000e+00,-3.023821428994924801e-02,inf
1.359999999999961018e+00,5.337439721768478806e-01,3.717737312184316023e-02,5.645298288101807671e-01,0.000000000000000000e+00,2.160334845338211188e-03,inf
1.379999999999958815e+00,5.343631100183291460e-01,4.212755872287266001e-02,5.732626979341539641e-01,0.000000000000000000e+00,-9.141212682615673657e-02,inf
1.399999999999956612e+00,5.349967491940280651e-01,4.613369175456039084e-02,5.883778135924074837e-01,0.000000000000000000e+00,-5.057596095422289828e-02,inf
1.419999999999954410e+00,5.350998372827062699e-01,4.798614213524543537e-02,6.369850313972464928e-01,0.000000000000000000e+00,-2.859487859986116834e-02,inf
1.439999999999952207e+00,5.358398311587444507e-01,4.868329706156421244e-02,6.990808361986184938e-01,0.000000000000000000e+00,5.734158291939264740e-02,inf
1.459999999999950004e+00,5.385116520932036188e-01,4.961343365944592687e-02,7.542176932418002133e-01,0.000000000000000000e+00,5.389294242502947613e-02,inf
1.479999999999947802e+00,5.420172126106577171e-01,5.192583131742667391e-02,7.835449876001444602e-01,0.000000000000000000e+00,4.960102058634224126e-02,inf
1.499999999999945599e+00,5.442187084006674391e-01,5.489034623314636985e-02,8.036563634649215304e-01,0.000000000000000000e+00,2.608149023748175185e-02,inf
1.519999999999943396e+00,5.457034659761873518e-01,5.931021524065599460e-02,8.040727883067989579e-01,0.000000000000000000e+00,-1.639066454517696877e-02,inf
1.539999999999941194e+00,5.473805099022678311e-01,6.458784239610931843e-02,7.879889113547968726e-01,0.000000000000000000e+00,-7.351093715711133625e-02,inf
1.559999999999938991e+00,5.500585601579073280e-01,6.964917674467774322e-02,7.652252506508191443e-01,0.000000000000000000e+00,-4.123816128277060788e-02,inf
1.579999999999936788e+00,5.539680767269838935e-01,7.350990625932463107e-02,7.444354762296597761e-01,0.000000000000000000e+00,-1.115726987328382325e-01,inf
1.599999999999934586e+00,5.587035450646682389e-01,7.571506173646175286e-02,7.298272983241957945e-01,0.000000000000000000e+00,-2.224006036075387369e-02,inf
1.619999999999932383e+00,5.636614946807856352e-01,7.652172411086011206e-02,7.219772997168676376e-01,0.000000000000000000e+00,-7.452039491930685655e-02,inf
1.639999999999930180e+00,5.684598761612631446e-01,7.644121787387059275e-02,7.195106580417427455e-01,0.000000000000000000e+00,2.968080768437615993e-02,inf
1.659999999999927978e+00,5.729864124831554051e-01,7.585287009705443673e-02,7.209322886587152812e-01,0.000000000000000000e+00,-2.401638017235059944e-02,inf
1.679999999999925775e+00,5.772603861885861054e-01,7.489255716567633225e-02,7.257460821881720481e-01,0.000000000000000000e+00,7.834667067452256994e-02,inf
1.699999999999923572e+00,5.813237026245319239e-01,7.353020366684243081e-02,7.344524078645193743e-01,0.000000000000000000e+00,3.378276051296832949e-02,inf
1.719999999999921370e+00,5.851911591920289091e-01,7.169590508249185090e-02,7.479323466355420891e-01,0.000000000000000000e+00,1.447642426683245220e-01,inf
1.739999999999919167e+00,5.888419081698025304e-01,6.937282045097037386e-02,7.668559592058449281e-01,0.000000000000000000e+00,1.418552121896567153e-01,inf
1.759999999999916964e+00,5.922571460849932468e-01,6.659145053563414463e-02,7.912209582106699557e-01,0.000000000000000000e+00,2.743011626089797428e-01,inf
1.779999999999914762e+00,5.954945415680356069e-01,6.333094447323683873e-02,8.190153314643929816e-01,0.000000000000000000e+00,3.204199697051636764e-01,inf
1.799999999999912559e+00,5.985763348439198106e-01,5.951672794590151527e-02,8.475034248168167306e-01,0.000000000000000000e+00,4.264281787868568485e-01,inf
1.819999999999910356e+00,6.014364393457753977e-01,5.514495610815461912e-02,8.751352698580187051e-01,0.000000000000000000e+00,5.406907697231642107e-01,inf
1.839999999999908153e+00,6.039951891856160104e-01,5.035744734203501105e-02,9.020940658717290228e-01,0.000000000000000000e+00,6.274095336936177381e-01,inf
1.859999999999905951e+00,6.061942458037488102e-01,4.539470353008068226e-02,9.297710671939869442e-01,0.000000000000000000e+00,7.341762077024003297e-01,inf
1.879999999999903748e+00,6.079749938853871161e-01,4.041432483165824374e-02,9.590858507313608783e-01,0.000000000000000000e+00,6.949229953140759752e-01,inf
1.899999999999901545e+00,6.092935855281007562e-01,3.546203823044774550e-02,9.887479781101118359e-01,0.000000000000000000e+00,7.875305708415731853e-01,inf
1.919999999999899343e+00,6.102655140733695971e-01,3.062626788966599234e-02,1.014351719187534639e+00,0.000000000000000000e+00,7.447280861293246179e-01,inf
1.939999999999897140e+00,6.113811463522902390e-01,2.638318317610538477e-02,1.029796138660477922e+00,0.000000000000000000e+00,8.156593373111480361e-01,inf
1.959999999999894937e+00,6.127477594773095282e-01,2.315557733879564095e-02,1.039221427798233677e+00,0.000000000000000000e+00,7.514072106443697718e-01,inf
1.979999999999892735e+00,6.151769914206752787e-01,2.302509055994150788e-02,1.009707580285987838e+00,0.000000000000000000e+00,6.899440248062219672e-01,inf
1.999999999999890532e+00,6.168977582678331073e-01,2.276535192387457718e-02,9.878713545475340529e-01,0.000000000000000000e+00,6.332571816529132258e-01,inf
2.019999999999888551e+00,6.187169806849603937e-01,2.317577841033080510e-02,9.600280355672536903e-01,-5.553596456654148056e-02,4.537200295278820961e-01,inf
2.039999999999886349e+00,6.200215987377634130e-01,2.249570171497150550e-02,9.444406739087484182e-01,-1.501538388054449724e-01,3.748718009954625230e-01,inf
2.059999999999884146e+00,6.215079858905516730e-01,2.215271030406934516e-02,9.293335582503207126e-01,-3.167909200449562923e-01,2.360075666292031082e-01,inf
2.079999999999881943e+00,6.226241014603262069e-01,2.115992211025674585e-02,9.249714266138033825e-01,-2.895726452931500772e-01,2.586894622557082690e-01,inf
2.099999999999879741e+00,6.239181950030957546e-01,2.089596800319321046e-02,9.183367154553367939e-01,-4.094607808731078324e-01,1.587826826057434915e-01,inf
2.119999999999877538e+00,6.248250585272024926e-01,2.051421096199540495e-02,9.162371374882866126e-01,-3.125163110416842027e-01,2.395697407985965255e-01,inf
2.139999999999875335e+00,6.258504834690883367e-01,2.119365459217276149e-02,9.111079985724671593e-01,-3.583119873887056217e-01,2.014066771760786578e-01,inf
2.159999999999873133e+00,6.264505383654466186e-01,2.198364577428629785e-02,9.104249991176153189e-01,-2.367073292213781044e-01,3.027438923155182371e-01,inf
2.179999999999870930e+00,6.268718247480269401e-01,2.404840123498763749e-02,9.104337077024790004e-01,-2.689568647483587260e-01,2.758692793763677376e-01,inf
2.199999999999868727e+00,6.267240996720476742e-01,2.621132129065489869e-02,9.178995248034998999e-01,-1.565628626758764907e-01,3.695309477701029244e-01,inf
2.219999999999866525e+00,6.264302839146685953e-01,2.969223122610703536e-02,9.226975103858039429e-01,-2.110815323778017782e-01,3.240987230184985135e-01,inf
2.239999999999864322e+00,6.257790781851836348e-01,3.292918494953134267e-02,9.318650754154582661e-01,-1.177704768115699768e-01,4.018579359903583503e-01,inf
2.259999999999862119e+00,6.249465719716422729e-01,3.719509239731766392e-02,9.380303427636454972e-01,-1.851879216050704990e-01,3.456767319957745888e-01,inf
2.279999999999859916e+00,6.238748963460114538e-01,4.104010541927782807e-02,9.479527119684407754e-01,-1.080975490274709433e-01,4.099187091437742070e-01,inf
2.299999999999857714e+00,6.222593694981078949e-01,4.581308099036984771e-02,9.563467537262728690e-01,-1.816887740442249266e-01,3.485926882964792139e-01,inf
2.319999999999855511e+00,6.205211965806864960e-01,5.051396307047339995e-02,9.648333056523417106e-01,-1.365903019956972442e-01,3.861747483369189493e-01,inf
2.339999999999853308e+00,6.163753139958793037e-01,5.572731524357033006e-02,9.833783347496990457e-01,-1.837486732938759249e-01,3.468761055884367339e-01,inf
2.359999999999851106e+00,6.099268914951125886e-01,6.355629621521469153e-02,9.787981923156096054e-01,-2.494977299202872922e-01,2.920852250664272565e-01,inf
2.379999999999848903e+00,6.009700426845190346e-01,7.174102861625553107e-02,9.712376491130961798e-01,-3.204833268347642150e-01,2.329305609710297931e-01,inf
2.399999999999846700e+00,5.935588938185731855e-01,7.704451241149440355e-02,9.961616135621984558e-01,-2.773472819742918705e-01,2.688772650214234505e-01,inf
2.419999999999844498e+00,5.898935521297781204e-01,8.142697128997156142e-02,1.036647258653743187e+00,-2.755802115352765091e-01,2.703498237206028998e-01,inf
2.439999999999842295e+00,5.897879155561444042e-01,8.588177710689165467e-02,1.077077944802516729e+00,-2.315099727197237611e-01,3.070750227335635185e-01,inf
2.459999999999840092e+00,5.917720399091457306e-01,8.962154768541458205e-02,1.124947184627964836e+00,-2.060222163376163318e-01,3.283148197186530615e-01,inf
2.479999999999837890e+00,5.933773595722396932e-01,9.454973765644286710e-02,1.153505384383327836e+00,-2.386794199997092913e-01,3.011004833335755859e-01,inf
2.499999999999835687e+00,5.940362475132940911e-01,1.010158195901941225e-01,1.153181042153431424e+00,-3.246136262180164267e-01,2.294886448183196814e-01,inf
2.519999999999833484e+00,5.945418373253534838e-01,1.081356059034346839e-01,1.130715649164335090e+00,-4.284825519145177841e-01,1.429312067379018558e-01,inf
2.539999999999831282e+00,5.959500810858744391e-01,1.148535249859357621e-01,1.100016446526267400e+00,-5.104575672060551739e-01,7.461869399495399402e-02,inf
2.559999999999829079e+00,5.987627633470524735e-01,1.204798785463847000e-01,1.073049451219284967e+00,-5.772822436164972704e-01,1.893146365291893327e-02,inf
2.579999999999826876e+00,6.028263945779247512e-01,1.248145697170307544e-01,1.055273022877189160e+00,-4.749033564910992711e-01,1.042472029240839176e-01,inf
2.599999999999824674e+00,6.075889840098688266e-01,1.280211999367031894e-01,1.046340334011070183e+00,-5.213149575851274697e-01,6.557086867906042338e-02,inf
2.619999999999822471e+00,6.125328715509927857e-01,1.303869189559042630e-01,1.043182482901461317e+00,-3.876506238648338987e-01,1.769578134459717234e-01,inf
2.639999999999820268e+00,6.173810415651986849e-01,1.321664774097988104e-01,1.043018250630591170e+00,-4.492146246985258551e-01,1.256544794178951208e-01,inf
2.659999999999818066e+00,6.220875548354586337e-01,1.334802686372285607e-01,1.044835264921466722e+00,-3.307560958357076975e-01,2.243699201369102891e-01,inf
2.679999999999815863e+00,6.267189354101045939e-01,1.343228061209574831e-01,1.049307573148237305e+00,-4.010478718232083906e-01,1.657934401473263319e-01,inf
2.699999999999813660e+00,6.313389508977158560e-01,1.346321211525003947e-01,1.057888523466699926e+00,-2.803084319137298386e-01,2.664096400718917734e-01,inf
2.719999999999811457e+00,6.359524255820631078e-01,1.343672426267233377e-01,1.071871875356063875e+00,-3.249585865871872370e-01,2.292011778440105896e-01,inf
2.739999999999809255e+00,6.405039551795541630e-01,1.335492782181093019e-01,1.091885074960746937e+00,-1.907159165225047748e-01,3.410700695645793590e-01,inf
2.759999999999807052e+00,6.449084080661088292e-01,1.322543461192977055e-01,1.117870745638002150e+00,-2.089573382758146414e-01,3.258688847701544655e-01,inf
2.779999999999804849e+00,6.491089511845441473e-01,1.305727611406672373e-01,1.149187837072604523e+00,-7.326857619281169909e-02,4.389428531726569105e-01,inf
2.799999999999802647e+00,6.531242273853162805e-01,1.285521195387605009e-01,1.184322059195417998e+00,-9.053067647798758444e-02,4.245577696016770153e-01,inf
2.819999999999800444e+00,6.570335891037197840e-01,1.261658139713432991e-01,1.220453428531380835e+00,-4.527244650591626118e-02,5.377270387549302200e-01,inf
2.839999999999798241e+00,6.608413970782921476e-01,1.233406596749463957e-01,1.255685371403957307e+00,-2.270850928928735968e-02,5.189237577410727997e-01,inf
2.859999999999796039e+00,6.644339011801555506e-01,1.201616999992953239e-01,1.290412153003472229e+00,-1.539078025686859141e-01,6.282565021405716044e-01,inf
2.879999999999793836e+00,6.676923233038438710e-01,1.168045143461337587e-01,1.325545167086989773e+00,-1.352893994820840162e-01,6.127411662350700228e-01,inf
2.899999999999791633e+00,6.705287396281830459e-01,1.133728417296958613e-01,1.361560795688451675e+00,-2.603213883442899168e-01,7.169344902869082548e-01,inf
2.919999999999789431e+00,6.728844676792501422e-01,1.098895344299494203e-01,1.398173390648437708e+00,-2.569763471775756702e-01,7.141469559813130585e-01,inf
2.939999999999787228e+00,6.747345562929635276e-01,1.064004705149743657e-01,1.434681753142339034e+00,-3.335702177965821913e-01,7.779751814971518353e-01,inf
2.959999999999785025e+00,6.764107945599080463e-01,1.034505718924839668e-01,1.462498297066706199e+00,-3.878128435278441200e-01,8.231773696065367574e-01,inf
2.979999999999782823e+00,6.777843804788801219e-01,1.008564580171192326e-01,1.489326997435504119e+00,-4.678817113245031800e-01,8.899014261037526685e-01,inf
2.999999999999780620e+00,6.795353710934376457e-01,1.015140108878542224e-01,1.475488526548697665e+00,-2.571296408626838059e-01,7.142747007189031994e-01,inf
3.019999999999778417e+00,6.808631172371508722e-01,1.022839505457136533e-01,1.455566407545215935e+00,-2.309089663913262147e-01,6.924241386594385261e-01,inf
3.039999999999776215e+00,6.821565818815736870e-01,1.039814438331374546e-01,1.430610400393953707e+00,-1.113873927958790484e-02,5.092822827329899216e-01,inf
3.059999999999774012e+00,6.831847117975673456e-01,1.047605879332347278e-01,1.419988842008462537e+00,-1.704672942511953207e-03,4.985794392145733722e-01,inf
3.079999999999771809e+00,6.841097928358984559e-01,1.061290665313479598e-01,1.409777014585288812e+00,-1.321639970718807011e-01,3.898633357734327398e-01,inf
3.099999999999769607e+00,6.847929335541554918e-01,1.067032970075209586e-01,1.408531631180351962e+00,-1.902716670092701248e-02,4.841440277492274902e-01,inf
3.119999999999767404e+00,6.853687322041350782e-01,1.079852955366619738e-01,1.404037231822553577e+00,-5.550474699689631614e-02,4.537460441692530710e-01,inf
3.139999999999765201e+00,6.855531052527505942e-01,1.088408080449415061e-01,1.402327989366173755e+00,-8.192972620569927145e-02,5.682747718380827262e-01,inf
3.159999999999762998e+00,6.855029410093177455e-01,1.105893596694934589e-01,1.395831724030913712e+00,-3.400691283331762349e-02,5.283390940277646886e-01,inf
3.179999999999760796e+00,6.850100250102101329e-01,1.121337251627810838e-01,1.391487561736247880e+00,-1.266129509888054283e-01,6.055107924906711903e-01,inf
3.199999999999758593e+00,6.837559892728071187e-01,1.145179954942975309e-01,1.388197147076142945e+00,-6.574404457608414021e-02,5.547867038134034479e-01,inf
3.219999999999756390e+00,6.818876522252562689e-01,1.166806065005379089e-01,1.392099118776127575e+00,-1.464873183209838559e-01,6.220727652674865604e-01,inf
3.239999999999754188e+00,6.791717071177280074e-01,1.198233543499584441e-01,1.395799794357040824e+00,-8.674153551378083193e-02,5.722846129281506933e-01,inf
3.259999999999751985e+00,6.762142673145172811e-01,1.228356476596709768e-01,1.402122984964750296e+00,-1.562704513283222074e-01,6.302253761069351867e-01,inf
3.279999999999749782e+00,6.721602294800345101e-01,1.265335256021294930e-01,1.409291262986501314e+00,-9.970550516448914435e-02,5.830879209704076249e-01,inf
3.299999999999747580e+00,6.678100403244683347e-01,1.299169770372216037e-01,1.420844940677774115e+00,-1.607701334414744776e-01,6.339751112012287360e-01,inf
3.319999999999745377e+00,6.630702283812954789e-01,1.344408399559990919e-01,1.425685959252452228e+00,-6.722269670235081485e-02,5.560189139186256790e-01,inf
3.339999999999743174e+00,6.589490855650519396e-01,1.387415882547048396e-01,1.429495342584909512e+00,-8.785602886069385220e-02,5.732133573839115481e-01,inf
3.359999999999740972e+00,6.520735304140102828e-01,1.417662687203217753e-01,1.444771891467352631e+00,-2.464225728843332311e-02,5.205352144070277687e-01,inf
3.379999999999738769e+00,6.431106371678774192e-01,1.451594204190584936e-01,1.452123370809484726e+00,-1.071855545056974411e-02,4.910678704578585463e-01,inf
3.399999999999736566e+00,6.360040891281609765e-01,1.473731513172600871e-01,1.484071597722580238e+00,-1.833482808384090347e-03,5.015279023403200753e-01,inf
3.419999999999734364e+00,6.318988157715157428e-01,1.502710865932287421e-01,1.525613960474243802e+00,-2.786646270513104366e-03,5.023222052254275871e-01,inf
3.439999999999732161e+00,6.296530753603122310e-01,1.549920362731889156e-01,1.555598776614546930e+00,-2.503363937372362485e-02,4.791386338552303115e-01,inf
3.459999999999729958e+00,6.281373496580365812e-01,1.615628405314525340e-01,1.564911347602108149e+00,-1.006394051620341512e-01,4.161338290316382027e-01,inf
3.479999999999727756e+00,6.266810579848699492e-01,1.693332437484388331e-01,1.551327607331148384e+00,-2.180347311582699066e-01,3.183043907014417306e-01,inf
3.499999999999725553e+00,6.255531370693248050e-01,1.772870510622105433e-01,1.523089175198133916e+00,-3.546168862977729930e-01,2.044859280851891448e-01,inf
3.519999999999723350e+00,6.253451067837489941e-01,1.846642089318601965e-01,1.491573211846046298e+00,-4.886651947961156428e-01,9.277900433657029766e-02,inf
3.539999999999721148e+00,6.264192013009088900e-01,1.912231038523860560e-01,1.464847515956519297e+00,-6.075942712788289235e-01,-6.328559399024088171e-03,inf
3.559999999999718945e+00,6.286718184297738210e-01,1.970374060457379395e-01,1.445671785355111094e+00,-6.810467589887959639e-01,-6.753896582399662729e-02,inf
3.579999999999716742e+00,6.317261564696461384e-01,2.022228695409731269e-01,1.432884839534979138e+00,-7.682322406684797267e-01,-1.401935338903997907e-01,inf
3.599999999999714539e+00,6.352084621469668013e-01,2.068546991276740687e-01,1.424030864616090408e+00,-6.723767780935191452e-01,-6.031398174459933620e-02,inf
3.619999999999712337e+00,6.388940829889663275e-01,2.109661925946355598e-01,1.417434745497871740e+00,-7.137887960551683175e-01,-9.482399671264030161e-02,inf
3.639999999999710134e+00,6.427285650656225924e-01,2.145530246679685504e-01,1.412955989422865377e+00,-5.989403472635117520e-01,8.830439470735242276e-04,inf
3.659999999999707931e+00,6.467534049804902763e-01,2.175939246476920053e-01,1.411629338942200773e+00,-6.676439038247231617e-01,-5.636991985393606519e-02,inf
3.679999999999705729e+00,6.510126645482465779e-01,2.200726261280462337e-01,1.414829196037937997e+00,-5.536944618715613498e-01,3.858794844036552568e-02,inf
3.699999999999703526e+00,6.554991183493670270e-01,2.219814836151837723e-01,1.423579997472123049e+00,-6.164927612998063466e-01,-1.374396774983863319e-02,inf
3.719999999999701323e+00,6.601501332446497727e-01,2.233325199852188581e-01,1.438293859774583350e+00,-4.866522159855877216e-01,9.445648667867687087e-02,inf
3.739999999999699121e+00,6.648701374074188486e-01,2.241638654386270968e-01,1.458862763828428832e+00,-5.166877372091441822e-01,6.942688565904656106e-02,inf
3.759999999999696918e+00,6.695602180193405140e-01,2.245301048474356298e-01,1.484916597142785566e+00,-3.660324713573765432e-01,1.949729405355195566e-01,inf
3.779999999999694715e+00,6.741594548594795899e-01,2.244891736356519063e-01,1.515910665572786087e+00,-3.662332791806682253e-01,1.948056006827764697e-01,inf
3.799999999999692513e+00,6.786753391053754747e-01,2.240776598426764687e-01,1.550849966721258077e+00,-2.213605616685706545e-01,3.155328652761911212e-01,inf
3.819999999999690310e+00,6.832058084677703480e-01,2.232946244921826251e-01,1.587116804867232833e+00,-2.275544377379895289e-01,3.103713018850087213e-01,inf
3.839999999999688107e+00,6.878057710427166738e-01,2.220602030803398019e-01,1.622610805751711682e+00,-9.874963977011631810e-02,4.177086335249030613e-01,inf
3.859999999999685905e+00,6.923366872778700110e-01,2.204036536962385995e-01,1.657679827629235492e+00,-1.034918733218983949e-01,4.137567722317513352e-01,inf
3.879999999999683702e+00,6.966185946092654513e-01,2.184520780239612714e-01,1.693104775964135111e+00,-1.272991852484124317e-02,5.106082654373677032e-01,inf
3.899999999999681499e+00,7.005257705761545051e-01,2.162828596506805034e-01,1.729328869712544625e+00,-3.134741042014699362e-03,5.026122842016789161e-01,inf
3.919999999999679297e+00,7.039935690690536374e-01,2.139045549307947436e-01,1.766124363480704895e+00,-1.371641420291350999e-01,6.143034516909459120e-01,inf
3.939999999999677094e+00,7.069765111897293730e-01,2.113429927290697563e-01,1.803091311321265877e+00,-1.447501159480867050e-01,6.206250966234055921e-01,inf
3.959999999999674891e+00,7.095839805203412176e-01,2.091493738779440781e-01,1.832586632406608462e+00,-1.973607362480326588e-01,6.644672802066938777e-01,inf
3.979999999999672688e+00,7.117992257780603182e-01,2.071733138157125786e-01,1.860371157108243301e+00,-2.307879892127496502e-01,6.923233243439580464e-01,inf
3.999999999999670486e+00,7.132356838562344814e-01,2.084201298085693876e-01,1.846494744788569564e+00,-3.511192277558108227e-02,5.292599356463175697e-01,inf
4.019999999999677165e+00,7.142292052101832933e-01,2.096728178326389136e-01,1.826448091281917652e+00,-8.393027452928492407e-03,4.930058104558929233e-01,inf
4.039999999999683844e+00,7.148155010789986052e-01,2.117418676403410860e-01,1.802025121856523526e+00,-1.668449449094338566e-01,3.609625459088051103e-01,inf
4.059999999999690523e+00,7.154306676560179268e-01,2.127661092818937671e-01,1.793595886258058547e+00,-8.692702137340810320e-02,4.275608155221599094e-01,inf
4.079999999999697202e+00,7.157481119339088593e-01,2.143750929697372243e-01,1.784973926592578142e+00,-1.413285406044743342e-01,3.822262161629380595e-01,inf
4.099999999999703881e+00,7.161440530532908744e-01,2.151617827506039360e-01,1.784631214293526114e+00,-9.596115937982529001e-03,5.079967632816521084e-01,inf
4.119999999999710560e+00,7.162003284798075242e-01,2.165781425517598890e-01,1.780916842779832310e+00,-2.315142095232538416e-02,4.807071492063955120e-01,inf
4.139999999999717240e+00,7.160380217059507668e-01,2.174598900766239185e-01,1.779851075004320160e+00,-1.006117449233832895e-01,5.838431207694860792e-01,inf
4.159999999999723919e+00,7.153292368306846116e-01,2.190965380334352064e-01,1.774054049775079411e+00,-4.018387538320337959e-02,5.334865628193361520e-01,inf
4.179999999999730598e+00,7.142717973806069764e-01,2.203850547499522916e-01,1.770397884833456503e+00,-1.288507695402884290e-01,6.073756412835736862e-01,inf
4.199999999999737277e+00,7.121663165332118295e-01,2.221722341048595339e-01,1.767988198674037559e+00,-7.417035450737814728e-02,5.618086287561484538e-01,inf
4.219999999999743956e+00,7.095503183961263671e-01,2.235193224643582388e-01,1.772852864498247527e+00,-1.654460114888091637e-01,6.378716762406743124e-01,inf
4.239999999999750635e+00,7.057849631680394031e-01,2.254988309111570777e-01,1.777273825509269045e+00,-1.146493245583935783e-01,5.955411037986613199e-01,inf
4.259999999999757314e+00,7.018535508786170052e-01,2.272873850959518105e-01,1.784008694812705187e+00,-1.892574604140175032e-01,6.577145503450145814e-01,inf
4.279999999999763993e+00,6.965918257592662588e-01,2.292322789489829038e-01,1.792266087243830519e+00,-1.370403346883320717e-01,6.142002789069433977e-01,inf
4.299999999999770672e+00,6.911150285282626760e-01,2.307302777344401035e-01,1.805345451081341146e+00,-1.995755731270645594e-01,6.663129776058871467e-01,inf
4.319999999999777351e+00,6.849866118379925872e-01,2.333343829917033929e-01,1.810443727331533470e+00,-1.037497260134578464e-01,5.864581050112148697e-01,inf
4.339999999999784031e+00,6.796606624506749128e-01,2.361024303480104836e-01,1.813159504519714194e+00,-1.197137146119731516e-01,5.997614288433109619e-01,inf
4.359999999999790710e+00,6.722716418947718431e-01,2.366522259769369141e-01,1.826422944405015736e+00,-5.486672652766935027e-02,5.457222721063911264e-01,inf
4.379999999999797389e+00,6.632193775420625048e-01,2.363170462530049809e-01,1.840007918834019707e+00,-4.362097711306578418e-02,5.363508142608881535e-01,inf
4.399999999999804068e+00,6.553478092875097971e-01,2.362500089499509626e-01,1.866437406252880127e+00,-1.631564166794694307e-02,5.135963680566224543e-01,inf
4.419999999999810747e+00,6.499519519021162983e-01,2.381553079589828759e-01,1.897038653650259921e+00,-1.231491359424299360e-02,5.102624279952024944e-01,inf
4.439999999999817426e+00,6.465516714920859220e-01,2.419792058104019983e-01,1.926603043099547552e+00,-1.392808320841181120e-02,4.883932639929901565e-01,inf
4.459999999999824105e+00,6.430907167230160981e-01,2.474502470005593979e-01,1.937867827903339224e+00,-8.527807876786261398e-02,4.289349343601144837e-01,inf
4.479999999999830784e+00,6.390549590946960068e-01,2.538709497872118082e-01,1.926683757755154769e+00,-1.989492067205018977e-01,3.342089943995817380e-01,inf
4.499999999999837463e+00,6.351018989170597040e-01,2.605700770144929734e-01,1.899955305803700423e+00,-3.341358174238625023e-01,2.215534854801145814e-01,inf
4.519999999999844142e+00,6.321259990065789536e-01,2.671588679432232993e-01,1.868714144281043099e+00,-4.690984231510512137e-01,1.090846473741239886e-01,inf
4.539999999999850822e+00,6.306287262168771557e-01,2.735489259454189082e-01,1.841378763548774833e+00,-5.911005865174472351e-01,7.416177902127296835e-03,inf
4.559999999999857501e+00,6.305336987906741131e-01,2.797362883652614318e-01,1.821325700858520191e+00,-6.709974607003607039e-01,-5.916455058363392222e-02,inf
4.579999999999864180e+00,6.314563953431640009e-01,2.856509510692385456e-01,1.807860319504442259e+00,-7.582584260069018534e-01,-1.318820216724182481e-01,inf
4.599999999999870859e+00,6.330119636292531604e-01,2.911992896002663089e-01,1.798697323499100609e+00,-6.634817193804948277e-01,-5.290143281707902073e-02,inf
4.619999999999877538e+00,6.349624571293731590e-01,2.963247035249135797e-01,1.792086691532436493e+00,-7.036129962039942010e-01,-8.634416350332849155e-02,inf
4.639999999999884217e+00,6.372436213586394338e-01,3.010108604246299890e-01,1.787706535598966084e+00,-5.934848184901507784e-01,5.429317924874331978e-03,inf
4.659999999999890896e+00,6.398936790935518815e-01,3.052621845910469256e-01,1.786429482858346018e+00,-6.663574021236483569e-01,-5.529783510304028121e-02,inf
4.679999999999897575e+00,6.429589448353064673e-01,3.090833150837951626e-01,1.789555242425463710e+00,-5.548407127805266015e-01,3.763273934956112149e-02,inf
4.699999999999904254e+00,6.464391454876300402e-01,3.124630978308367002e-01,1.798124442587256011e+00,-6.195231751084115945e-01,-1.626931259034304633e-02,inf
4.719999999999910933e+00,6.502759651826079956e-01,3.153867809621818674e-01,1.812612784510652775e+00,-4.918065966148222334e-01,9.016116948764812955e-02,inf
4.739999999999917613e+00,6.543693950742390797e-01,3.178521978942193682e-01,1.832975177149109847e+00,-5.231831443411950611e-01,6.401404638233743061e-02,inf
4.759999999999924292e+00,6.586081080648462649e-01,3.198724695519414851e-01,1.858875247281702281e+00,-3.745185171074085217e-01,1.879012357438261949e-01,inf
4.779999999999930971e+00,6.629106004843341449e-01,3.214783560129796935e-01,1.889784463743825249e+00,-3.759205305225779004e-01,1.867328912311850830e-01,inf
4.799999999999937650e+00,6.672592352471976573e-01,3.227054290673556647e-01,1.924815194999989876e+00,-2.326185885385333718e-01,3.061511762178888429e-01,inf
4.819999999999944329e+00,6.717440202872780874e-01,3.235955595243111826e-01,1.961296463978754456e+00,-2.404102757094940535e-01,2.996581035754216082e-01,inf
4.839999999999951008e+00,6.764601866433626043e-01,3.240975058808623910e-01,1.996907249087473302e+00,-1.125008698991225992e-01,4.062492750840644984e-01,inf
4.859999999999957687e+00,6.812758196680847034e-01,3.241814268571500124e-01,2.031968149563267989e+00,-1.180646148623218650e-01,4.016128209480651079e-01,inf
4.879999999999964366e+00,6.859779847238853812e-01,3.238996263671704012e-01,2.067242421968914723e+00,-5.766756004069617525e-03,4.951943699966086521e-01,inf
4.899999999999971045e+00,6.904141624160389235e-01,3.232826044752411532e-01,2.103253212954608653e+00,-1.843825842297897033e-02,4.846347846475175247e-01,inf
4.919999999999977724e+00,6.945146397777038905e-01,3.223184420641290737e-01,2.139895017884590800e+00,-1.162092798305795482e-01,5.968410665254829661e-01,inf
4.939999999999984404e+00,6.982270036539989233e-01,3.210133135402684079e-01,2.176840680902987213e+00,-1.279092548970667542e-01,6.065910457475556239e-01,inf
4.959999999999991083e+00,7.014630743513423639e-01,3.198599019480845573e-01,2.207346261947472854e+00,-1.860051056969565797e-01,6.550042547474638210e-01,inf
4.979999999999997762e+00,7.042716635617592980e-01,3.187835294912395590e-01,2.235594165426086910e+00,-1.945855571071885559e-01,6.621546309226571392e-01,inf
5.000000000000004441e+00,7.052080198533378086e-01,3.204653550064126000e-01,2.221656030978736762e+00,-4.188887081329597389e-02,5.349073923444133127e-01,inf
5.020000000000011120e+00,7.057586648666703821e-01,3.220015035786225610e-01,2.202422832555802845e+00,-3.060871518278274195e-03,5.025507262652318952e-01,inf
5.040000000000017799e+00,7.055572328343205912e-01,3.240561539275479408e-01,2.179690187256886347e+00,-1.516048417928524683e-01,3.736626318392896051e-01,inf
5.060000000000024478e+00,7.057150021112243987e-01,3.251113547400505954e-01,2.173553753402686084e+00,-7.303801175146214242e-02,4.391349902071148836e-01,inf
5.080000000000031157e+00,7.053535555808696511e-01,3.266934301025220533e-01,2.166305414411734187e+00,-1.297628401718366187e-01,3.918642998568028224e-01,inf
5.100000000000037836e+00,7.053796265669357579e-01,3.275571892596825796e-01,2.166600442174872132e+00,-2.019073377702098465e-02,5.168256114808508217e-01,inf
5.120000000000044516e+00,7.048718198453091111e-01,3.288981833784544451e-01,2.163475581952032822e+00,-1.048195168889773897e-02,4.912650402592518839e-01,inf
5.140000000000051195e+00,7.043584255332049349e-01,3.296625654312486109e-01,2.163056297016284990e+00,-1.161057091453009116e-01,5.967547576210840976e-01,inf
5.160000000000057874e+00,7.030570319021920422e-01,3.309324530708098733e-01,2.158079575526789640e+00,-5.985752951696445695e-02,5.498812745974703819e-01,inf
5.180000000000064553e+00,7.015499790357413445e-01,3.317343606459178806e-01,2.155543037369361148e+00,-1.515732470942966759e-01,6.263110392452472253e-01,inf
5.200000000000071232e+00,6.988635737984753016e-01,3.325938976238301814e-01,2.154485525154895331e+00,-1.001313609618349199e-01,5.834428008015291045e-01,inf
5.220000000000077911e+00,6.957708770811630306e-01,3.330113034194852606e-01,2.158473158281830617e+00,-1.856934439547841542e-01,6.547445366289867952e-01,inf
5.240000000000084590e+00,6.911959534999569943e-01,3.333257359608917669e-01,2.164328103869680220e+00,-1.445707369640468476e-01,6.204756141367057110e-01,inf
5.260000000000091269e+00,6.860244450175545516e-01,3.334784354501391102e-01,2.169938872296317545e+00,-2.080704839462138300e-01,6.733920699551781963e-01,inf
5.280000000000097948e+00,6.793299881542144147e-01,3.332231574168156296e-01,2.176070397336239193e+00,-1.569535502328182341e-01,6.307946251940151905e-01,inf
5.300000000000104627e+00,6.726558970813011351e-01,3.319350186649264733e-01,2.190353484516155191e+00,-2.239935666817186866e-01,6.866613055680989008e-01,inf
5.320000000000111307e+00,6.653278167260511244e-01,3.317385209698174853e-01,2.196133496575696675e+00,-1.279130435486356132e-01,6.065942029571963490e-01,inf
5.340000000000117986e+00,6.597164410663812761e-01,3.328373023887342130e-01,2.201818853118380659e+00,-1.548844320659623630e-01,6.290703600549686358e-01,inf
5.360000000000124665e+00,6.541848322775738467e-01,3.315990428172854720e-01,2.223771544100345832e+00,-1.132855219049162948e-01,5.944046015874302480e-01,inf
5.380000000000131344e+00,6.479534538553753942e-01,3.291005320762855346e-01,2.251893956569305910e+00,-1.327219360942835935e-01,6.106016134119029992e-01,inf
5.400000000000138023e+00,6.401513219032056723e-01,3.273607537650897736e-01,2.268275149405168722e+00,-4.242677383510282813e-02,5.353556448625856889e-01,inf
5.420000000000144702e+00,6.326310339621973311e-01,3.280014867561664715e-01,2.271418836156861243e+00,-5.247938101148963072e-03,4.956267182490425305e-01,inf
5.440000000000151381e+00,6.276596900006010671e-01,3.307050372697901697e-01,2.286991018446129509e+00,-4.422577384932351030e-02,4.631451884588970724e-01,inf
5.460000000000158060e+00,6.231890327055240597e-01,3.345513229618157780e-01,2.298424523057752022e+00,-1.041790801605536332e-01,4.131840998662053011e-01,inf
5.480000000000164739e+00,6.182141721477981688e-01,3.388063662113889318e-01,2.295862528187105234e+00,-1.967579889041064234e-01,3.360350092465779759e-01,inf
5.500000000000171418e+00,6.129209202154030089e-01,3.432372790884943292e-01,2.278876054092509928e+00,-3.149794312897002957e-01,2.375171405919164203e-01,inf
5.520000000000178098e+00,6.080397973290569968e-01,3.479118219268522161e-01,2.253430619429741100e+00,-4.434792887202666511e-01,1.304339260664444389e-01,inf
5.540000000000184777e+00,6.041911777342046097e-01,3.529668345031946597e-01,2.226796983609641067e+00,-5.683605870264478721e-01,2.636617747796003372e-02,inf
5.560000000000191456e+00,6.015578609866453208e-01,3.584078254887550496e-01,2.204129915646568794e+00,-6.585243605750188411e-01,-4.877030047918244626e-02,inf
5.580000000000198135e+00,6.000073463554129738e-01,3.640557678376861173e-01,2.187323381645229325e+00,-7.501857498942474667e-01,-1.251547915785395926e-01,inf
5.600000000000204814e+00,5.993173815147554429e-01,3.696713223702128293e-01,2.175920380507859520e+00,-6.614644621884758768e-01,-5.122038515706332090e-02,inf
5.620000000000211493e+00,5.992900919256354264e-01,3.750836903039410641e-01,2.168701001526218253e+00,-7.014544866023190162e-01,-8.454540550193254123e-02,inf
5.640000000000218172e+00,5.998076040890661931e-01,3.802234579587955299e-01,2.164873527858778512e+00,-5.956362626528398652e-01,3.636447789300066395e-03,inf
5.660000000000224851e+00,6.008299076438922137e-01,3.850909994043465456e-01,2.164474591931164316e+00,-6.704995393359957090e-01,-5.874961611332977368e-02,inf
5.680000000000231530e+00,6.023540936834803627e-01,3.897021358578658390e-01,2.168150371597076020e+00,-5.603209965395494763e-01,3.306583621704203835e-02,inf
5.700000000000238209e+00,6.043785584180167980e-01,3.940500207569833657e-01,2.176712430384388774e+00,-6.263141823060703883e-01,-2.192848525505866272e-02,inf
5.720000000000244889e+00,6.068734441792478229e-01,3.981072557433503745e-01,2.190764580890604662e+00,-5.012613594210556522e-01,8.228220048245361851e-02,inf
5.740000000000251568e+00,6.097718244654493081e-01,4.018397985215677037e-01,2.210541034743237709e+00,-5.349209487580726119e-01,5.423254270160608043e-02,inf
5.760000000000258247e+00,6.129824481911887446e-01,4.052184418315363246e-01,2.235943858330507794e+00,-3.895843331100453111e-01,1.753463890749622778e-01,inf
5.780000000000264926e+00,6.164210829085334797e-01,4.082373037921602776e-01,2.266556053302958951e+00,-3.934230052650050657e-01,1.721474956124957878e-01,inf
5.800000000000271605e+00,6.200492285450140972e-01,4.109185462411476530e-01,2.301499558309623605e+00,-2.530899453953613931e-01,2.890917121705321446e-01,inf
5.820000000000278284e+00,6.239257424389873519e-01,4.133360626267091886e-01,2.337995990978471106e+00,-2.553631209152818493e-01,2.871973992372651163e-01,inf
5.840000000000284963e+00,6.281587505475159094e-01,4.154823464399793886e-01,2.373517696428428803e+00,-1.376567392073282659e-01,3.852860506605597646e-01,inf
5.860000000000291642e+00,6.326435535273539079e-01,4.172805199721476566e-01,2.408311111073040411e+00,-1.328280299422221755e-01,3.893099750481481824e-01,inf
5.880000000000298321e+00,6.371672735588240766e-01,4.187016742136501213e-01,2.443122569646264175e+00,-2.243490058237762597e-02,4.813042495146853117e-01,inf
5.900000000000305000e+00,6.415702991596441418e-01,4.197193032255400746e-01,2.478582823686141356e+00,-4.025266086882810235e-02,4.664561159426432457e-01,inf
5.920000000000311680e+00,6.457832464741792844e-01,4.202974415987948964e-01,2.514751888385688083e+00,-9.430750089099805555e-02,5.785895840758317199e-01,inf
5.940000000000318359e+00,6.497536247058781633e-01,4.204207497896094159e-01,2.551398604586484264e+00,-9.495017704223474020e-02,5.791251475351956168e-01,inf
5.960000000000325038e+00,6.531903306609022630e-01,4.205423518986372011e-01,2.581284047393768155e+00,-1.281858781673250181e-01,6.068215651394375243e-01,inf
5.980000000000331717e+00,6.561971581358317929e-01,4.205754074811771659e-01,2.609187252243049038e+00,-1.065885934763310533e-01,5.888238278969425421e-01,inf
6.000000000000338396e+00,6.564483994222489738e-01,4.224655046204298658e-01,2.595304905297727061e+00,-1.515475625080160357e-02,5.126289635423346702e-01,inf
6.020000000000345075e+00,6.563645951451112515e-01,4.240691540044068120e-01,2.576058905105203856e+00,-2.085137404157189067e-02,5.173761450346432422e-01,inf
6.040000000000351754e+00,6.554330685562770320e-01,4.258773535902773411e-01,2.553617266880780168e+00,-1.211379786809427817e-01,3.990516844325476820e-01,inf
6.060000000000358433e+00,6.552320706857815980e-01,4.268964373458077333e-01,2.547818028626975817e+00,-5.268130960004086677e-02,4.560989086666326076e-01,inf
6.080000000000365112e+00,6.543713859917094089e-01,4.282158041982189189e-01,2.541056703649184456e+00,-1.292218363374305345e-01,3.923151363854745499e-01,inf
6.100000000000371791e+00,6.541248679386149067e-01,4.290121824500042758e-01,2.541811297541006542e+00,-5.070848627218005160e-03,5.042257071893483378e-01,inf
6.120000000000378471e+00,6.531942459666054690e-01,4.300577818381005057e-01,2.539152245486287374e+00,-3.091679309540791218e-02,4.742360057538267393e-01,inf
6.140000000000385150e+00,6.524484513799236884e-01,4.305692539464892610e-01,2.539100782973398029e+00,-9.899086530931056060e-02,5.824923877577588005e-01,inf
6.160000000000391829e+00,6.507686214922305812e-01,4.312557609500258238e-01,2.534493059412066707e+00,-5.080580766748572091e-02,5.423381730562381042e-01,inf
6.180000000000398508e+00,6.490583908340257224e-01,4.314191902630121200e-01,2.532493871988886092e+00,-1.494026502185853145e-01,6.245022085154877667e-01,inf
6.200000000000405187e+00,6.462194606075418735e-01,4.312007605177021752e-01,2.531861746610370556e+00,-1.015260359754935615e-01,5.846050299795779726e-01,inf
6.220000000000411866e+00,6.430102448254313430e-01,4.305650136159929753e-01,2.533682217724308128e+00,-1.784103673221168473e-01,6.486753061017640487e-01,inf
6.240000000000418545e+00,6.384645056290942922e-01,4.286040873171717003e-01,2.542996792436790887e+00,-1.555095318577655317e-01,6.295912765481379569e-01,inf
6.260000000000425224e+00,6.304705925784652720e-01,4.261969818552552303e-01,2.523082705987805152e+00,-1.030144559658359577e-01,5.858453799715299670e-01,inf
6.280000000000431903e+00,6.209517994839567345e-01,4.213182468553952065e-01,2.499651610049316908e+00,-5.005544996496906485e-02,5.417128749708075564e-01,inf
6.300000000000438583e+00,6.114820564138104819e-01,4.140924443144242684e-01,2.485526152104448272e+00,-1.700941303749732222e-02,5.141745108645811024e-01,inf
6.320000000000445262e+00,6.040979195242578426e-01,4.063148254446568020e-01,2.499454494427401752e+00,-4.323593265383709333e-02,5.360299438781975789e-01,inf
6.340000000000451941e+00,5.985175202749271062e-01,4.005479988237321542e-01,2.537528833565871444e+00,-8.134549655448099215e-02,5.677879137954008337e-01,inf
6.360000000000458620e+00,5.946427710155463009e-01,3.978988470381104037e-01,2.594175047347718532e+00,-1.533789248855488285e-01,6.278157707379573571e-01,inf
6.380000000000465299e+00,5.903942789861122975e-01,3.974034846565949186e-01,2.644737904939638451e+00,-1.532332532146276627e-01,6.276943776788563856e-01,inf
6.400000000000471978e+00,5.863480905712766811e-01,3.982476471590213896e-01,2.692744363711067290e+00,-1.934386271119927225e-01,6.611988559266606114e-01,inf
6.420000000000478657e+00,5.831339613371369079e-01,3.985894813078179055e-01,2.745910009073978308e+00,-2.105136157303739708e-01,6.754280131086449757e-01,inf
6.440000000000485336e+00,5.782983183547819594e-01,3.977963422121394421e-01,2.775823196766140644e+00,-1.681144733858931095e-01,6.400953944882442626e-01,inf
6.460000000000492015e+00,5.714602124932570693e-01,3.964237026645728301e-01,2.774901551998909532e+00,-6.942486897336204443e-02,5.578540574778017014e-01,inf
6.480000000000498694e+00,5.635627111228143082e-01,3.957702696061585756e-01,2.750856583622625529e+00,-6.381950045785778070e-02,4.468170829517851828e-01,inf
6.500000000000505374e+00,5.558116276534073030e-01,3.968864829268015093e-01,2.716955781812916637e+00,-2.050610401776486735e-01,3.291157998519594341e-01,inf
6.520000000000512053e+00,5.491084835280582999e-01,3.998627085833573735e-01,2.684703322669250714e+00,-3.366311805097745302e-01,2.194740162418545304e-01,inf
6.540000000000518732e+00,5.437531811644177315e-01,4.041257615816966631e-01,2.659588368514326451e+00,-4.529971319167777066e-01,1.225023900693518603e-01,inf
6.560000000000525411e+00,5.395386252327077914e-01,4.089558637378934991e-01,2.641708617271497861e+00,-5.317777178006558580e-01,5.685190183278678727e-02,inf
6.580000000000532090e+00,5.361286126324071866e-01,4.138832836493123724e-01,2.628550681090593866e+00,-6.193746849639666374e-01,-1.614557080330562833e-02,inf
6.600000000000538769e+00,5.332712566369930407e-01,4.187365963399184432e-01,2.617825110015030710e+00,-5.309107572589586432e-01,5.757436895086782969e-02,inf
6.620000000000545448e+00,5.308888524900047257e-01,4.235334669658880058e-01,2.608813274003423555e+00,-5.771225783124390718e-01,1.906451807296740894e-02,inf
6.640000000000552127e+00,5.290365934326386466e-01,4.283514373029380096e-01,2.602270449208516467e+00,-4.766906545143748675e-01,1.027577879046875642e-01,inf
6.660000000000558806e+00,5.278025466997966486e-01,4.332390159172581079e-01,2.599620320049739419e+00,-5.561516757781168607e-01,3.654027018490261375e-02,inf
6.680000000000565485e+00,5.272261382258975893e-01,4.381841907109439438e-01,2.602140440796919751e+00,-4.480353959775595918e-01,1.266371700187003124e-01,inf
6.700000000000572165e+00,5.272855399608088467e-01,4.431227298273252568e-01,2.610532340705507437e+00,-5.145853672813217594e-01,7.117886059889848294e-02,inf
6.720000000000578844e+00,5.279152676474744288e-01,4.479716289920435690e-01,2.624915214459032864e+00,-3.896733835561295156e-01,1.752721803698920611e-01,inf
6.740000000000585523e+00,5.290293889794940307e-01,4.526555909376644982e-01,2.645044491317955604e+00,-4.233616436325711718e-01,1.471986303061906809e-01,inf
6.760000000000592202e+00,5.305441886750136282e-01,4.571175573658700086e-01,2.670561104637404704e+00,-2.793835371570058124e-01,2.671803857024951379e-01,inf
6.780000000000598881e+00,5.323951170689487089e-01,4.613371648705201222e-01,2.701001678118847948e+00,-2.847193065573478954e-01,2.627339112022100687e-01,inf
6.800000000000605560e+00,5.345612470716112341e-01,4.653473146196028809e-01,2.735357082513983684e+00,-1.468161660466349716e-01,3.776531949611375283e-01,inf
6.820000000000612239e+00,5.370870542539570858e-01,4.692413950970643066e-01,2.770996345877083211e+00,-1.422236864143030799e-01,3.814802613214141047e-01,inf
6.840000000000618918e+00,5.400679713036080631e-01,4.730357426356573969e-01,2.805786805960566177e+00,-4.571136114896590108e-02,4.619071990425284158e-01,inf
6.860000000000625597e+00,5.434284396444434284e-01,4.766129463232959829e-01,2.840001494208816091e+00,-7.248312691886850401e-02,5.604026057657237603e-01,inf
6.880000000000632276e+00,5.469924618914377978e-01,4.798571276558547538e-01,2.874282072555395473e+00,-1.830953180099151034e-01,6.525794316749292667e-01,inf
6.900000000000638956e+00,5.506276851938425310e-01,4.826756280284574263e-01,2.909201805542220853e+00,-2.648221473515400270e-01,7.206851227929500503e-01,inf
6.920000000000645635e+00,5.542740425000554083e-01,4.850053212408780290e-01,2.944884227981629188e+00,-2.773351508226141737e-01,7.311126256855118299e-01,inf
6.940000000000652314e+00,5.578790765929009243e-01,4.868117582115870645e-01,2.981177972483247451e+00,-2.674183601926661824e-01,7.228486334938885038e-01,inf
6.960000000000658993e+00,5.608121042141840373e-01,4.884727259160205337e-01,3.008256047944931399e+00,-1.783391511809209184e-01,6.486159593174340987e-01,inf
6.980000000000665672e+00,5.633815319717623282e-01,4.898332169023063010e-01,3.034736632552081037e+00,-1.803142308416665340e-01,6.502618590347221117e-01,inf
7.000000000000672351e+00,5.627592570678374706e-01,4.916207116041800829e-01,3.022361949733353370e+00,-4.015422104232224676e-02,4.665381491313981277e-01,inf
7.020000000000679030e+00,5.620095971274893243e-01,4.929753305212368764e-01,3.005425545972626011e+00,-9.181276184733570822e-02,4.234893651272202408e-01,inf
7.040000000000685709e+00,5.603579469845932914e-01,4.942733264305670948e-01,2.983377277374914982e+00,-2.360048818896823553e-01,3.033292650919313660e-01,inf
7.060000000000692388e+00,5.596365994319587589e-01,4.952633893576525725e-01,2.975019270931297477e+00,-1.329683580708364288e-01,3.891930349409696288e-01,inf
7.080000000000699067e+00,5.583094924637195255e-01,4.961956475413979994e-01,2.966491240757837655e+00,-1.697870975985981967e-01,3.585107520011681648e-01,inf
7.100000000000705747e+00,5.577518133820780211e-01,4.968724720284716234e-01,2.966415015710536451e+00,-1.273481466359893677e-02,4.893876544470008860e-01,inf
7.120000000000712426e+00,5.564627167559129672e-01,4.974546771820032021e-01,2.963237010355785905e+00,-4.568074819711529649e-02,4.619327098357372541e-01,inf
7.140000000000719105e+00,5.555563509110713616e-01,4.976323958814617976e-01,2.962942692904087849e+00,-7.593416159119788234e-02,5.632784679926648996e-01,inf
7.160000000000725784e+00,5.537275414922324668e-01,4.975680576422097934e-01,2.957964641056856525e+00,-1.689372095430114948e-02,5.140781007952509585e-01,inf
7.180000000000732463e+00,5.520960874873797053e-01,4.970273509666848222e-01,2.955477588463709004e+00,-1.102887171829950164e-01,5.919072643191625183e-01,inf
7.200000000000739142e+00,5.497625153458902680e-01,4.955143179718575208e-01,2.956543828300981502e+00,-7.115476335031879762e-02,5.592956361252656716e-01,inf
7.220000000000745821e+00,5.465085118232735351e-01,4.934539681151861590e-01,2.951257545199102328e+00,-1.217826306980477058e-01,6.014855255817064261e-01,inf
7.240000000000752500e+00,5.428569538767223923e-01,4.888535997743788108e-01,2.957591703187738563e+00,-1.243901016803788673e-01,6.036584180669823940e-01,inf
7.260000000000759179e+00,5.366862543563039045e-01,4.812916671567067928e-01,2.945877585066719373e+00,-8.130857412651315563e-02,5.677571451054276297e-01,inf
7.280000000000765858e+00,5.296005592685970598e-01,4.717550897801615628e-01,2.922911015057564121e+00,-2.356828054511552611e-02,5.196402337875962729e-01,inf
7.300000000000772538e+00,5.251861193648250659e-01,4.617384178901922098e-01,2.929096578479088553e+00,-6.791379834690637607e-02,5.565948319557553203e-01,inf
7.320000000000779217e+00,5.199661439264002816e-01,4.525648001155720968e-01,2.934029599696154733e+00,-9.207907469451015806e-03,4.923267437754574871e-01,inf
7.340000000000785896e+00,5.147399468910630604e-01,4.470654255864096038e-01,2.944822487609610295e+00,-2.343842058213292320e-02,5.195320171517774366e-01,inf
7.360000000000792575e+00,5.128395702599766182e-01,4.452460759402967483e-01,3.005873167119539779e+00,-1.276797879143614090e-01,6.063998232619678408e-01,inf
7.380000000000799254e+00,5.083098321209351678e-01,4.439305883118522811e-01,3.043837830918803000e+00,-5.623453002898939207e-02,5.468621083574911612e-01,inf
7.400000000000805933e+00,5.028821190696969312e-01,4.438914613764605166e-01,3.068013009377946965e+00,-7.716794379036380491e-02,5.643066198253031684e-01,inf
7.420000000000812612e+00,5.004162775369876970e-01,4.444140803652740779e-01,3.121377814678508056e+00,-1.129712763562863986e-01,5.941427302969053414e-01,inf
7.440000000000819291e+00,4.974896166569767186e-01,4.434750091906969338e-01,3.163542168563049373e+00,-9.930719172126276084e-02,5.827559931010523053e-01,inf
7.460000000000825970e+00,4.925540529822289848e-01,4.410207381836613871e-01,3.174274872396387615e+00,-1.904027293091830123e-02,5.158668941090985838e-01,inf
7.480000000000832650e+00,4.856924749349754711e-01,4.381180167579641349e-01,3.154990665334865607e+00,-1.117113525948991715e-01,4.069072061709173571e-01,inf
7.500000000000839329e+00,4.776668024016195169e-01,4.362794319312656155e-01,3.118344710723897517e+00,-2.631714277990044870e-01,2.806904768341629275e-01,inf
7.520000000000846008e+00,4.696597829430143589e-01,4.363549021266072137e-01,3.078985861175833616e+00,-4.095002976306497677e-01,1.587497519744585084e-01,inf
7.540000000000852687e+00,4.625078975304347528e-01,4.382700673471786601e-01,3.046664883599577767e+00,-5.375488117569241497e-01,5.204265686922982664e-02,inf
7.560000000000859366e+00,4.564253781053957404e-01,4.413766835502294095e-01,3.024274045950871237e+00,-6.125165269218243447e-01,-1.043043910152029533e-02,inf
7.580000000000866045e+00,4.512536704604209747e-01,4.450362953413747880e-01,3.009741524472961949e+00,-7.039686349823335298e-01,-8.664052915194465909e-02,inf
7.600000000000872724e+00,4.467259810041327994e-01,4.488655801704328763e-01,2.999620199599354109e+00,-6.148366808825606045e-01,-1.236390073546720508e-02,inf
7.620000000000879403e+00,4.426701759340495590e-01,4.527450651029901740e-01,2.991684224615986931e+00,-6.665632986472428412e-01,-5.546941553936899499e-02,inf
7.640000000000886082e+00,4.390585433265356552e-01,4.567255955741073015e-01,2.985694725117708170e+00,-5.598612047797593139e-01,3.344899601686724538e-02,inf
7.660000000000892761e+00,4.359513865375098662e-01,4.609050230353167743e-01,2.982829271958720607e+00,-6.354921456189893680e-01,-2.957678801582454275e-02,inf
7.680000000000899441e+00,4.334130940240831231e-01,4.653348889813466727e-01,2.984655598525606912e+00,-5.269090449259030695e-01,6.090912922841408561e-02,inf
7.700000000000906120e+00,4.314717434664300244e-01,4.699888717207549860e-01,2.992330708485045676e+00,-5.933283513757922067e-01,5.559707186839772490e-03,inf
7.720000000000912799e+00,4.301122940509780612e-01,4.747847973611981631e-01,3.006296228000207016e+00,-4.680387302380240033e-01,1.099677248016466408e-01,inf
7.740000000000919478e+00,4.292853183995861688e-01,4.796196576331539507e-01,3.026388999226978349e+00,-5.012782690631265581e-01,8.226810911406116922e-02,inf
7.760000000000926157e+00,4.289278348403910979e-01,4.843989694486632303e-01,3.052142561304722612e+00,-3.553356655288973931e-01,2.038869453925855058e-01,inf
7.780000000000932836e+00,4.289788515879849884e-01,4.890762475068148873e-01,3.082885732725989758e+00,-3.594260301548352632e-01,2.004783082043039566e-01,inf
7.800000000000939515e+00,4.294029206922375663e-01,4.936977990141162564e-01,3.117077804293088672e+00,-2.298654103617925049e-01,3.084454913651729080e-01,inf
7.820000000000946194e+00,4.302229722180057614e-01,4.983673607013957563e-01,3.152056544964178642e+00,-1.952477975275690447e-01,3.372935020603591294e-01,inf
7.840000000000952873e+00,4.315169500154615312e-01,5.031025641984820940e-01,3.186183780673554011e+00,-1.202097455287783889e-01,3.998252120593513426e-01,inf
7.860000000000959552e+00,4.332512550834979326e-01,5.077668205733907314e-01,3.219765103961989006e+00,-9.169035062985230605e-03,4.923591374475123073e-01,inf
7.880000000000966232e+00,4.353182952168354602e-01,5.121940849361031889e-01,3.253451016057822720e+00,-1.062805320709701018e-01,5.885671100591417515e-01,inf
7.900000000000972911e+00,4.376341955901750236e-01,5.162483379243947290e-01,3.287848359060876469e+00,-1.093447429914603253e-01,5.911206191595502757e-01,inf
7.920000000000979590e+00,4.401557801105626111e-01,5.198417768165189967e-01,3.323146354182917150e+00,-2.237849083182317234e-01,6.864874235985264361e-01,inf
7.940000000000986269e+00,4.428157560002160542e-01,5.229387525324616925e-01,3.358647981379788927e+00,-2.163975713912427157e-01,6.803313094927022631e-01,inf
7.960000000000992948e+00,4.448284903523692657e-01,5.256441847019921454e-01,3.384265311557864475e+00,-9.212445002127771232e-02,5.767703750177314292e-01,inf
7.980000000000999627e+00,4.465876156950148168e-01,5.279309664397664470e-01,3.409502435954538058e+00,-1.641121487817153446e-01,6.367601239847627825e-01,inf
8.000000000001005418e+00,4.452739983834077542e-01,5.294169079708027636e-01,3.396516730195511258e+00,-3.603828351845492911e-02,4.699680970679542269e-01,inf
8.020000000000994334e+00,4.440253497042254693e-01,5.304443122681999911e-01,3.379817347262049854e+00,-1.033926164168006839e-01,4.138394863193327611e-01,inf
8.040000000000983249e+00,4.419805175860738178e-01,5.310744419659425564e-01,3.358131043679625893e+00,-2.751031644797255482e-01,2.707473629335620524e-01,inf
8.060000000000972165e+00,4.409058574277897047e-01,5.317695522597082336e-01,3.349863156144934351e+00,-1.891204440294426414e-01,3.423996299754644701e-01,inf
8.080000000000961080e+00,4.392941488483660395e-01,5.321847918398681099e-01,3.341352002576290836e+00,-2.275116904578754484e-01,3.104069246184371078e-01,inf
8.100000000000949996e+00,4.384904546800749148e-01,5.326448735850244365e-01,3.341281696788281241e+00,-5.905669297667363871e-02,4.507860891861052988e-01,inf
8.120000000000938911e+00,4.370439868234029523e-01,5.327377024684224471e-01,3.338141885365318640e+00,-7.629406584206947783e-02,4.364216117982754328e-01,inf
8.140000000000927827e+00,4.360976548977626432e-01,5.325936212890310939e-01,3.337962683133792741e+00,-5.790341745218804959e-02,5.482528478768233793e-01,inf
8.160000000000916742e+00,4.344172280266954678e-01,5.318392773775090232e-01,3.333845972798191060e+00,-8.064790805807174959e-03,5.067206590048393133e-01,inf
8.180000000000905658e+00,4.331095121078308852e-01,5.306925239390529736e-01,3.333072252765624466e+00,-1.050811098565036517e-01,5.875675915470863764e-01,inf
8.200000000000894573e+00,4.314218282995944120e-01,5.284165451702221850e-01,3.334898351350725765e+00,-6.359888663369957229e-02,5.529990721947496413e-01,inf
8.220000000000883489e+00,4.289643701683129029e-01,5.253164752429637652e-01,3.328511424557991649e+00,-1.085213212303592911e-01,5.904344343586327426e-01,inf
8.240000000000872404e+00,4.270841576191446443e-01,5.197367316170874441e-01,3.333282421525576744e+00,-1.101219888084493809e-01,5.917683240070411577e-01,inf
8.260000000000861320e+00,4.240957399273326822e-01,5.104318806185242918e-01,3.321182868289942913e+00,-6.692062561021451528e-02,5.557671880085121030e-01,inf
8.280000000000850235e+00,4.210769730113618214e-01,4.989733227417109118e-01,3.298294694252752901e+00,-1.203992395400983392e-02,5.100332699616748622e-01,inf
8.300000000000839151e+00,4.207548829504543231e-01,4.879913484353837205e-01,3.304356158105865138e+00,-5.600999804366452867e-02,5.466749983697204440e-01,inf
8.320000000000828067e+00,4.194111214442405311e-01,4.775464878873724173e-01,3.309695765886766061e+00,-1.714064470609941507e-02,4.857161294115838190e-01,inf
8.340000000000816982e+00,4.166998323703646756e-01,4.705914344886382716e-01,3.321886764749930609e+00,-1.733747935415324085e-02,5.144478994617943668e-01,inf
8.360000000000805898e+00,4.156544479376144130e-01,4.682390079775584635e-01,3.383709227455992341e+00,-1.220529609202821025e-01,6.017108007669017544e-01,inf
8.380000000000794813e+00,4.119157072661868146e-01,4.652494756632311601e-01,3.420759079849623241e+00,-4.791594267159893228e-02,5.399299522263324436e-01,inf
8.400000000000783729e+00,4.069031905886298928e-01,4.631966875425376218e-01,3.444768883675434434e+00,-7.120895375624791690e-02,5.593407947968732641e-01,inf
8.420000000000772644e+00,4.044907560458941842e-01,4.628423851747763829e-01,3.499157758058657919e+00,-1.108472702652024411e-01,5.923727252210020389e-01,inf
8.440000000000761560e+00,4.021965998361691774e-01,4.609667203524764334e-01,3.542535797085585969e+00,-1.005641380640001081e-01,5.838034483866667568e-01,inf
8.460000000000750475e+00,3.985617749183910097e-01,4.569048595505000865e-01,3.554034652332502819e+00,-2.241458560023006433e-02,5.186788213335250530e-01,inf
8.480000000000739391e+00,3.932674636609348462e-01,4.516542666671841122e-01,3.534890777557068375e+00,-1.074345726190462230e-01,4.104711894841281405e-01,inf
8.500000000000728306e+00,3.864741468241075228e-01,4.469113842532547176e-01,3.497984917246919512e+00,-2.586401357323086514e-01,2.844665535564094294e-01,inf
8.520000000000717222e+00,3.789792129728623560e-01,4.439415590649422594e-01,3.458306127393773188e+00,-4.049008593475564854e-01,1.625826172103695677e-01,inf
8.540000000000706137e+00,3.716008709939139787e-01,4.430276740135273839e-01,3.425806063599412532e+00,-5.306897421852652119e-01,5.775854817894563592e-02,inf
8.560000000000695053e+00,3.647821990789822388e-01,4.436540271153586179e-01,3.403420084935065315e+00,-6.024569138472676277e-01,-2.047428206056408056e-03,inf
8.580000000000683968e+00,3.586113814311625014e-01,4.451515402145177491e-01,3.389001494287668947e+00,-6.917691722388518150e-01,-7.647431019904314675e-02,inf
8.600000000000672884e+00,3.529789412132103288e-01,4.470465641399693490e-01,3.378995275465314752e+00,-6.018223183841850954e-01,-1.518598653487559114e-03,inf
8.620000000000661800e+00,3.477665137281343855e-01,4.491541802802772043e-01,3.371108840538856732e+00,-6.549526233499786132e-01,-4.579385279164882583e-02,inf
8.640000000000650715e+00,3.429287415137189932e-01,4.515104555769864358e-01,3.365100679275592643e+00,-5.482853337932670490e-01,4.309555517227749849e-02,inf
8.660000000000639631e+00,3.384859364949605043e-01,4.542333306244543678e-01,3.362186542728311078e+00,-6.243317796898250061e-01,-2.027648307485416940e-02,inf
8.680000000000628546e+00,3.344795303521345131e-01,4.573998480860592686e-01,3.363977045025497770e+00,-5.156327305738497291e-01,7.030605785512523964e-02,inf
8.700000000000617462e+00,3.309456441653753633e-01,4.609983656321813283e-01,3.371652525910779907e+00,-5.821289358929084834e-01,1.489255342257624244e-02,inf
8.720000000000606377e+00,3.279007278586736351e-01,4.649466049148668345e-01,3.385653227269023180e+00,-4.568354074846336377e-01,1.193038270961386538e-01,inf
8.740000000000595293e+00,3.253365981796946249e-01,4.691288716671554448e-01,3.405798598096831498e+00,-4.903030632957130486e-01,9.141411392023914007e-02,inf
8.760000000000584208e+00,3.232291398669775995e-01,4.734327429404816545e-01,3.431601098059457122e+00,-3.477972576495430013e-01,2.101689519587141564e-01,inf
8.780000000000573124e+00,3.215367479187875577e-01,4.777988742360372854e-01,3.462334327666786393e+00,-3.554011301796767830e-01,2.038323915169360234e-01,inf
8.800000000000562039e+00,3.202031719427125833e-01,4.822891544726536361e-01,3.496011143167744972e+00,-2.275056897681360102e-01,3.104119251932199730e-01,inf
8.820000000000550955e+00,3.192332453749437415e-01,4.870146053765657124e-01,3.530034838562953414e+00,-1.907452051306939567e-01,3.410456623910883556e-01,inf
8.840000000000539870e+00,3.186929758572240035e-01,4.919753626736171892e-01,3.563300072177552735e+00,-1.166606155856603211e-01,4.027828203452830658e-01,inf
8.860000000000528786e+00,3.185907007189489049e-01,4.970248328601518661e-01,3.596088880306552937e+00,-5.925783897149305805e-03,4.950618467523755784e-01,inf
8.880000000000517701e+00,3.188936404205859887e-01,5.019743742944633436e-01,3.629073854834800272e+00,-1.069132750146768035e-01,5.890943958455640006e-01,inf
8.900000000000506617e+00,3.195780973645805934e-01,5.066684838590721496e-01,3.662877663110812865e+00,-1.104937154633707230e-01,5.920780962194756025e-01,inf
8.920000000000495533e+00,3.206315457350131237e-01,5.110042202232357722e-01,3.697723872210220808e+00,-2.206542400190487918e-01,6.838785333492073404e-01,inf
8.940000000000484448e+00,3.219612905038868322e-01,5.149352114064675856e-01,3.732089735787178952e+00,-2.076088334522669110e-01,6.730073612102224212e-01,inf
8.960000000000473364e+00,3.227752708334588605e-01,5.182399465956921691e-01,3.756187908860603830e+00,-7.995786971587674763e-02,5.666315580965639587e-01,inf
8.980000000000462279e+00,3.231225944416289408e-01,5.209170565966627642e-01,3.775660318080581668e+00,-1.351192683070456813e-01,6.125993902558714010e-01,inf
9.000000000000451195e+00,3.210026889301597075e-01,5.216384951702697226e-01,3.758561979012508214e+00,-6.328554781385054007e-02,4.472620434884578833e-01,inf
9.020000000000440110e+00,3.193276176616282602e-01,5.220060964766655154e-01,3.743534035009083993e+00,-1.316451828812058855e-01,3.902956809323284149e-01,inf
9.040000000000429026e+00,3.169732006574874084e-01,5.217375041474683339e-01,3.721685150486084837e+00,-3.082880993638628109e-01,2.430932505301143520e-01,inf
9.060000000000417941e+00,3.155420175412441686e-01,5.219330969886081251e-01,3.712370071943702943e+00,-2.249004266901989124e-01,3.125829777581675684e-01,inf
9.080000000000406857e+00,3.137694656968738061e-01,5.217294816025104254e-01,3.702462255925825119e+00,-2.665637290865265907e-01,2.778635590945611744e-01,inf
9.100000000000395772e+00,3.127661230472971177e-01,5.218919159631799642e-01,3.700867105124010070e+00,-1.002807869758748083e-01,4.164326775201043218e-01,inf
9.120000000000384688e+00,3.113352483551601879e-01,5.214996674398475474e-01,3.696321676663548939e+00,-1.194746348201068675e-01,4.004378043165776058e-01,inf
9.140000000000373603e+00,3.104562437307680778e-01,5.210724741711788566e-01,3.695084604427663511e+00,-1.302836697932554556e-02,5.108569724827712877e-01,inf
9.160000000000362519e+00,3.092388678755560449e-01,5.197504702922388642e-01,3.691907525045444505e+00,-3.180768501050559166e-02,4.734935958245786725e-01,inf
9.180000000000351434e+00,3.085362574210021580e-01,5.181716958303098641e-01,3.693652850612874960e+00,-6.998330617155321121e-02,5.583194218096276806e-01,inf
9.200000000000340350e+00,3.076272284396134871e-01,5.154011699544401859e-01,3.695114961225910211e+00,-2.220203139427181366e-02,5.185016928285598459e-01,inf
9.220000000000329266e+00,3.069508560980696577e-01,5.122550627007073087e-01,3.698344057153015285e+00,-1.064231535706642029e-01,5.886859613088868404e-01,inf
9.240000000000318181e+00,3.069960382770081653e-01,5.075086432840876238e-01,3.708485793363525573e+00,-8.803216428815319183e-02,5.733601369067943265e-01,inf
9.260000000000307097e+00,3.061570406675225842e-01,4.994952461997592685e-01,3.688035416826438428e+00,-3.960887931205232110e-02,5.330073994267102711e-01,inf
9.280000000000296012e+00,3.071140703090861068e-01,4.891863128880431510e-01,3.664581023577447638e+00,-8.681434938715426597e-03,4.927654708844038112e-01,inf
9.300000000000284928e+00,3.102447405337903641e-01,4.776886239033283355e-01,3.647068838067763163e+00,-5.591101600625749540e-02,4.534074866614520860e-01,inf
9.320000000000273843e+00,3.147745353398588297e-01,4.689286623079983451e-01,3.667701922707198303e+00,-7.238655349078193524e-03,5.060322127908984946e-01,inf
9.340000000000262759e+00,3.171456231401796333e-01,4.601238522192070413e-01,3.683521012362972247e+00,-6.738011060951025477e-02,4.438499078254081187e-01,inf
9.360000000000251674e+00,3.164780659519015327e-01,4.532879183896024733e-01,3.698145815872939668e+00,-4.360746546645555277e-02,4.636604454446203727e-01,inf
9.380000000000240590e+00,3.153334225811989522e-01,4.512904874026165691e-01,3.758890179635667295e+00,-4.846439482638400381e-02,5.403869956886533377e-01,inf
9.400000000000229505e+00,3.129344871138668438e-01,4.496974063429021173e-01,3.818763548478300240e+00,-5.076246391302680766e-02,5.423020532608556765e-01,inf
9.420000000000218421e+00,3.100640532819383677e-01,4.472262770968107315e-01,3.861299793148448067e+00,-7.141775600461794382e-02,5.595147966705149578e-01,inf
9.440000000000207336e+00,3.086639021440792385e-01,4.439735334040488812e-01,3.897769597186705681e+00,-5.665237756314098205e-02,5.472103146359508230e-01,inf
9.460000000000196252e+00,3.076694117365054160e-01,4.386362143050582807e-01,3.909831232915536248e+00,-1.268651835979486310e-02,4.894279013668376144e-01,inf
9.480000000000185167e+00,3.060498551454557403e-01,4.319500257817245892e-01,3.896919159103143127e+00,-1.246986346614088609e-01,3.960844711154926090e-01,inf
9.500000000000174083e+00,3.029383018933439198e-01,4.253760249359046508e-01,3.868617743172962253e+00,-2.584339135665156273e-01,2.846384053612369680e-01,inf
9.520000000000162999e+00,2.981483686068853722e-01,4.201207653871820158e-01,3.835718070211703967e+00,-3.939770523401409097e-01,1.716857897165492697e-01,inf
9.540000000000151914e+00,2.923285861644441264e-01,4.166290019799064881e-01,3.806153827303634607e+00,-5.142242868930994026e-01,7.147976092241717372e-02,inf
9.560000000000140830e+00,2.862427559799354260e-01,4.146066669006498451e-01,3.783271034991198878e+00,-5.870476388994955164e-01,1.079363425042036313e-02,inf
9.580000000000129745e+00,2.803594406476160317e-01,4.135649290269534095e-01,3.766674470268908781e+00,-6.621418892214632201e-01,-5.178490768455266957e-02,inf
9.600000000000118661e+00,2.748058747378971933e-01,4.131381428732091576e-01,3.754540471711661276e+00,-5.785644989594104226e-01,1.786291753382460504e-02,inf
9.620000000000107576e+00,2.695413625548989667e-01,4.131677939653339848e-01,3.745516278956924960e+00,-6.343683770550476719e-01,-2.864031421253971851e-02,inf
9.640000000000096492e+00,2.645008686515584184e-01,4.136621996768665710e-01,3.739399542399818088e+00,-5.243526467266291791e-01,6.303946106114231840e-02,inf
9.660000000000085407e+00,2.596592087417998740e-01,4.146921559921283862e-01,3.736888895979691316e+00,-5.978128918276227610e-01,1.822590143647648915e-03,inf
9.680000000000074323e+00,2.550367032631671860e-01,4.162969721371915233e-01,3.738998277279387494e+00,-4.853362707244394669e-01,9.555310772963375443e-02,inf
9.700000000000063238e+00,2.506825452126817400e-01,4.184540353841198490e-01,3.746563248143660818e+00,-5.496969860288077880e-01,4.191917830932681555e-02,inf
9.720000000000052154e+00,2.466460263429679500e-01,4.210914967343782900e-01,3.760003702072921339e+00,-4.233671067447281611e-01,1.471940777127265509e-01,inf
9.740000000000041069e+00,2.429619347450204248e-01,4.241122496308034062e-01,3.779333087744038089e+00,-4.566980391751899182e-01,1.194183006873416886e-01,inf
9.760000000000029985e+00,2.396498478909375729e-01,4.274182986946070129e-01,3.804298921826746671e+00,-3.209250289035321946e-01,2.325624759137231712e-01,inf
9.780000000000018900e+00,2.366942582597362787e-01,4.309492581490134144e-01,3.834311308411117114e+00,-3.348905699949387693e-01,2.209245250042176367e-01,inf
9.800000000000007816e+00,2.340110542962898221e-01,4.347579288185718926e-01,3.867145972557918920e+00,-2.029140714556335323e-01,3.309049404536387184e-01,inf
9.819999999999996732e+00,2.315732105150616893e-01,4.389504052225307040e-01,3.900190455997301076e+00,-2.072818649490147658e-01,3.272651125424876906e-01,inf
9.839999999999985647e+00,2.294455358406239376e-01,4.435162445783296103e-01,3.932556585797844839e+00,-1.148983782224033134e-01,4.042513514813305675e-01,inf
9.859999999999974563e+00,2.276808490305303745e-01,4.483112799011783611e-01,3.964455588073011238e+00,-6.173699714715041430e-04,4.994855250237737465e-01,inf
9.879999999999963478e+00,2.263164138517578250e-01,4.531513360356489439e-01,3.996562528380830592e+00,-1.039493428891756499e-01,5.866244524076463795e-01,inf
9.899999999999952394e+00,2.253876823053306833e-01,4.578847147888073232e-01,4.029552849430902306e+00,-1.971753138481626144e-01,6.643127615401355213e-01,inf
9.919999999999941309e+00,2.249209070898306462e-01,4.624090932389346431e-01,4.063716581503094893e+00,-1.697270098564011565e-01,6.414391748803343063e-01,inf
9.939999999999930225e+00,2.247333732616677016e-01,4.665634920482701897e-01,4.095452902651072868e+00,-2.571447022141880590e-01,7.142872518451567343e-01,inf
9.959999999999919140e+00,2.243513212904662546e-01,4.700170124669752481e-01,4.119091855907869970e+00,-2.161441363190562404e-01,6.801201135992135383e-01,inf
9.979999999999908056e+00,2.229712108936534043e-01,4.721120240581592187e-01,4.125055633464821625e+00,-4.994008281543074051e-02,5.416167356795256183e-01,inf
9.999999999999896971e+00,2.221362976598945660e-01,4.739448556945095037e-01,4.141209557769549576e+00,-4.982757524150138728e-02,5.415229793679178227e-01,inf
