frame,time_s,detected,confidence,center_x,center_y,axis_angle_deg,chord_angle_deg,start_segment_angle_deg,end_segment_angle_deg,body_bend_angle_deg,yaw_rate_deg_s,speed_px_s,curvature_px,curvature_pct_length,length_px,width_px,elongation,area_px,bbox_x,bbox_y,bbox_w,bbox_h,seg1_x,seg1_y,seg2_x,seg2_y,seg3_x,seg3_y,seg4_x,seg4_y,seg5_x,seg5_y,seg6_x,seg6_y,seg7_x,seg7_y
0,0.0,1,1.0,400.3006407226511,637.5067748542618,155.60855667329062,162.16886895374523,152.93322153251574,-177.13471080878298,29.93206765870127,,,46.630124058832564,0.11119078350510811,419.3704063312979,120.74522195102934,6.428934249964637,38082,197,523,401,214,563.6544775681582,554.4299537005569,506.50281200029957,569.3812863566566,457.39815332886934,608.7263414531311,411.7887284263854,645.4804378675612,360.24273911015365,668.8433723954139,300.75450761578617,679.1861969278077,228.4666571697253,662.2479187915966
3,0.2,1,1.0,385.67812836047943,646.1299866236525,159.6368992585886,160.40453065263262,154.69085996604525,170.57044399540982,15.879584029364565,20.14171292648996,84.87897987747333,24.454628492844737,0.057653743348585244,424.1637588905114,118.98316126365984,6.732703860971894,38127,195,542,401,199,565.7064302757408,567.8206000302953,504.8033591721249,582.970205430187,457.00127109782693,619.2265107548055,405.0005790201608,650.9890743510169,349.7540978166068,667.8335974745252,293.40148419473854,667.1807467399365,227.93665743393802,688.0649111591018
6,0.4,1,0.7757711102946538,399.5719502540923,629.4218953497281,144.32878997463268,152.3015778343944,128.30276634200087,175.3605660209505,47.057799678949635,-76.54054641977964,108.65065586884715,52.04267630073791,0.13994242669665422,371.8863358968904,142.27120791957833,3.8788555514732765,39159,192,465,373,276,498.40258608551306,542.0055473087649,466.2656574913947,572.2079125743525,430.69215428867335,627.7333143978852,390.92610379494243,657.2064771932625,341.71220131326436,678.2709626432243,286.27289744539604,680.4452055894911,220.02790124134046,688.1457453542648
9,0.6,1,0.8078933383001647,414.0099639561435,601.9094940650299,144.68185944965174,157.5775071409928,157.6495497060655,-178.4445183632329,23.905931930701627,1.7653473750952746,155.35350527996462,57.196756211482146,0.1315072796769604,434.932243690102,165.02900359318238,4.039466691500822,52991,195,457,401,284,551.9241491955275,524.7666141376686,489.6007765053255,527.49354967167,442.39644544541295,569.7999037732488,412.1592791643981,634.8041780942181,360.27018220895457,665.7234227238713,294.1560787056369,668.100109778867,219.5769500231113,661.9029053662427
12,0.8,1,0.57059741639735,402.08695754884127,626.1600009449339,149.7613916449691,161.90234440943613,167.83470333449182,179.45097481799894,11.61627148350712,25.39766097658684,135.1152439328038,34.6858716916845,0.09354169055371499,370.8065514570386,152.03105947427326,2.852987081986751,42331,205,503,369,239,527.7606919324467,579.7274166505927,473.88864976035,573.5674097797686,429.97115509257657,600.8082723628711,391.38001523870713,637.2809847759563,352.04991964875614,673.6417374549526,296.3713252472906,670.7835484751156,237.01663814317402,674.7440542735927
15,1.0,1,0.7208264320374668,396.10276073619633,609.7840299079754,140.77641084382165,151.24679189349786,145.52923221932446,171.28440106700992,25.755168847685468,-44.9249040057373,87.17554687178249,48.96876853288364,0.11132339364382274,439.87851007810957,173.815452537376,3.6041321601873313,52160,160,384,410,358,522.3878942982493,525.0508432890745,464.8042242692857,539.1808802464993,423.2516550625088,593.1108484384746,390.62378582799397,647.0631023212868,338.5499325928515,681.7769931675454,255.26682155813918,673.6903357114223,197.28286031017896,703.4332554497624
18,1.2,1,0.5325025155031704,406.228134515792,597.0202040408082,143.40546837486946,154.15114609568695,145.58537325953674,174.6904419324002,29.105068672863467,13.145287655239034,81.46140879948804,45.72784106579281,0.11234550310921126,407.028673157845,182.48093695262338,2.6625125775158542,44991,182,384,433,347,522.8535008898964,520.851295597871,481.681499037787,538.434114824635,436.04512792890705,580.3227853888053,394.5382539766016,627.7530640864328,350.424083786067,655.2000754063282,282.05315297266816,644.3377360869796,220.64875698073357,667.2608042131727
21,1.4,1,0.6458682148959939,424.1421844090822,597.1313306373964,147.16959615137267,154.02728293182278,151.7986928217337,164.56707782807425,12.768385006340537,18.820638882516082,89.57197283466498,22.26477136969789,0.05048166509622456,441.04669145239893,189.4446871927447,3.2293410744799704,57123,204,384,412,347,556.2137158172978,530.5230540724438,509.45567398007523,551.2539226204485,453.0093804260546,585.8637647285454,401.43156606342944,626.1721967218658,352.42938586982945,654.5612985325329,287.49784599668334,662.4212739755652,235.09858429521728,686.9521305569889
24,1.6,1,0.45973552636113924,399.9895650134834,609.181967405323,141.75410693583987,134.45330660092353,96.63108707194361,173.11345013394117,76.48236306199756,-27.077446077663982,134.95988942841095,99.83369512371901,0.2501419654195666,399.1081422753937,180.40772855839117,2.298677631805696,42645,198,399,368,332,458.64948601105345,444.76437448662375,490.06711762745334,555.2942156366694,441.88018031597005,589.0117294216998,397.67211949662936,622.5466622322506,357.4933912217189,657.9995756011348,294.3613418438224,656.1738257020213,234.9213420884211,672.8032291378312
27,1.8,1,0.5596240095648102,419.8780443198098,598.7216295302832,149.1396679332491,155.09068666467138,158.08083008980933,164.62276744769997,6.541937357890646,36.92780498704608,112.35771864653618,30.864910110780098,0.06509412704105433,474.1581385877385,206.06934801285357,2.7981200478240518,65614,179,384,453,352,559.9823347047845,530.4191388033634,502.3217731727512,549.210177453742,446.4810430826227,576.090483302789,400.3753247675366,638.5683686465351,335.3236570487842,658.9894334940955,267.80824583433576,668.7611756116622,207.3011396243104,694.1979842538902
30,2.0,1,0.5260666801308653,420.73589806520226,603.1490980488403,146.58972129331065,155.13160553629828,150.77694569204098,171.6385815781419,20.861635886100913,-12.749733199692205,22.549052381030542,33.47279334921002,0.08216407718969865,407.3896341819644,173.16184900148772,2.630333400654326,48894,214,384,388,354,551.7373895636463,526.5241374214227,516.3275186153309,548.752318646279,466.4654826851867,574.2260336746839,425.3195847188539,618.0346395989652,373.7059688438204,645.9379581974435,315.02653940157217,651.4283187239884,257.15104439867713,663.069103318801
33,2.2,1,0.5985677599264931,407.79644072741416,613.9354857531848,137.9525261553837,136.38804148419243,100.53821927193245,168.10837992719837,67.57016065526592,-43.18597568963465,84.22821912887515,91.9767176290413,0.19728320748356762,466.2166577796661,200.28358612495765,2.9928387996324686,51415,169,384,427,368,490.082179460023,434.4354095450767,481.9037860492072,523.3510670985078,461.35959399480396,588.8337594179463,405.2783583656749,634.1317976335731,354.62995558154745,671.7861078695026,285.08413647497565,688.5917236257786,208.68378216833347,702.5194975656395
36,2.4,1,0.7034743268352524,418.5841667378978,614.2702652648375,150.0219867799029,153.13805199605443,151.81753473637698,150.3323398094037,-1.4851949269732927,60.34730312259605,53.964597144490995,29.719963759701677,0.06735813077387606,441.22310726633407,189.30087344458798,3.5173716341762664,70194,195,384,439,376,564.4633882967698,547.5968611898855,502.8594392645622,545.4842100946503,466.7436553932568,599.9552243772574,410.4659196641267,637.3481423731763,348.60059490937704,650.5778114286622,295.065819062269,684.3072590142066,248.00670874679835,707.880323779093
39,2.6,1,0.6297039014576465,424.24548280040034,621.8262656060685,146.6293782279888,161.37564892619162,175.75366047754244,164.26437967972234,-11.4892807978201,-16.963042759570456,47.20795502778985,60.35117598094762,0.1386432802594747,435.2982406936618,165.61192818117752,3.14851950728823,56949,220,384,433,394,621.7924388305867,564.5021362637641,526.0801702824373,533.0719165118342,487.61144504737933,574.4648867759998,446.41299274730403,626.1054482093697,389.7323534730773,649.1883189040483,337.05473723135043,680.8173399991897,272.46046438190575,682.2306414100137
42,2.8,1,0.6807870920676271,409.6361167239615,644.0796047970189,158.97051921090807,164.47872156081226,152.195326261484,175.63508870429152,23.439762442807506,61.70570491459637,133.10190478566506,41.02290604198482,0.08506390217814824,482.2598657191986,198.58923500720448,3.403935460338137,76214,137,384,479,384,562.863785781309,582.4326398477605,512.5811870668261,603.7030153808732,455.55101057055333,639.0234352994495,392.72679307307993,672.2594448185627,322.14442134947734,677.1734761325678,261.43516263683614,698.1373353901918,183.6742401716068,687.7428768312137
45,3.0,1,0.6920590962960816,408.27785115287304,630.114634883758,145.5057301661299,141.4567065883855,122.08325263817443,153.83074727762818,31.74749463945375,-67.3239452238908,70.15434235310856,43.243225871513395,0.09832040688779997,439.81943566264073,173.2239324836375,3.4602954814804106,62843,184,384,425,392,527.3995006105721,501.3175914853947,507.03267452841243,572.4687574436714,458.15918527420604,611.7678160902395,400.7020175005699,636.3918875387129,351.0608858246308,673.3353609805595,296.46337914302916,701.9637622812887,247.76404449404885,724.0948713519783
48,3.2,1,0.9355365786128477,428.3395857357642,619.4308610798896,157.43118257114693,161.97522486287832,175.72241353197634,162.41032690635018,-13.312086625626165,59.62726202508515,113.64596530086258,29.35254973800381,0.06372344264298431,460.62404227677746,181.632140233573,4.677682893064238,68507,184,430,471,354,602.6565869829864,574.8582369027404,545.6398517220605,566.9153639176925,479.48286709124005,584.0712601134792,420.3869269046848,620.6641563214167,364.0762901651345,653.4620207305942,299.5026658317401,672.6223241670834,248.2571402995137,690.1790448477991
51,3.4,1,0.4472904855799748,405.11309035834876,653.5886145423724,148.50976185051255,160.6497523236952,172.63038857429117,162.24474861308886,-10.385639961202315,-44.60710360317199,206.5322135358587,72.37550851688316,0.16269882478834907,444.84346221329315,220.6284278835686,2.236452427899874,71969,186,450,460,356,584.9847817725819,609.1716226773144,501.5964665625358,561.7471911129791,462.07105113242477,625.0690429024969,405.9823164247144,652.4925143275251,358.5875106068363,692.2709951838129,308.160190739765,722.9280687071215,242.58877036184214,729.4142061625616
54,3.6,1,0.6055603054182542,433.7121605890793,624.956319878719,148.78323248483622,155.7227556179559,170.81600843836807,166.07264911540284,-4.743359322965233,1.3673531716183607,202.3434651631064,31.711034159702955,0.07411535906439218,427.8604942351029,208.96018909563713,3.027801527091268,73878,224,421,419,387,601.2225666985954,548.0163031838754,544.5654446509124,552.8844254710925,481.00124674844415,567.453438748801,446.9432768425247,625.1548071025392,396.3565743347145,663.9350916805607,342.274514642712,688.1517029352774,280.546197136239,692.6539388394195
57,3.8,1,0.30925518499146926,412.56326779796166,659.7338217338217,118.95614421609953,102.14094663302114,73.93105913749433,103.84298274998459,29.911923612490256,-149.13544134368362,203.5159884119591,87.56775512820194,0.19198970488242603,456.1065145749778,270.93270417839346,1.5462759249573463,80262,168,384,425,478,431.57074404944456,428.84888685990666,497.60565445773994,538.2542334053699,479.7486559135861,596.1054181486452,429.3881676028428,642.0144095828334,380.2440586798706,685.2931311024932,357.71396089803767,751.8242698507502,349.98779022326227,808.0768830617324
60,4.0,1,0.30689345840069404,396.2627959892981,641.7516065311429,152.37194887654428,155.84791567238855,147.16146885615595,172.10516248237616,24.94369362622021,167.0790233022236,121.35335232086582,37.80454412020227,0.09485130020836392,398.56643016126725,260.1070285837293,1.5344672920034708,79986,190,384,390,457,532.0835920371629,564.4520616561821,490.70972756240036,588.5348771852681,446.05684899900405,619.9744299761398,399.0273661112171,665.5475382363511,348.8163089570421,682.9046731571241,285.63418837762,679.106196912609,231.7091077093537,699.1438855152502
63,4.2,1,0.5046212148362506,434.0980279532836,631.8563684663986,149.40347850397364,158.6641724426348,138.11729872885283,-178.12905039102128,43.75365088012586,-14.842351862853166,195.5390315337674,79.1448568825793,0.15774921033671288,501.71317316673736,229.69699458245162,2.5231060741812548,83568,138,427,501,414,570.1622444386071,531.0605055828386,522.4891318753072,579.9891980222242,468.2862858288995,622.4130698794951,407.3502038231341,655.8707936259568,341.6886579782597,692.8277969970437,290.9944937239046,725.0728633659882,170.34525160524532,687.2307203298192
66,4.4,1,0.3324033356590419,430.12895082829345,656.6154194057323,145.71277209047278,160.4043033894301,169.24641529957543,144.09714533120822,-25.149269968367207,-18.453532067504295,125.37585260334588,86.12425429692517,0.1880938493894482,457.87916285664903,270.551953474813,1.6620166782952097,95075,210,412,474,481,646.6784581997459,605.1284702040398,543.1930281668781,550.5502153663751,520.1733139937761,629.1544224333295,454.3690533999117,652.4755792670736,381.79441458534734,664.299260191688,340.09690499186155,715.3429646258338,286.3270981655747,733.4133213229304
69,4.6,1,0.4109328864980977,423.39587079677125,664.5082949121835,105.89963452486303,98.803621852511,106.3743788463476,87.66147955921481,-18.712899287132785,-199.06568782804945,51.87288561262556,88.17888804604483,0.1742808413148167,505.95858604309024,270.984104941441,2.054664432490488,73961,176,451,426,511,477.51501014192405,504.64954995273473,481.76094122529895,569.434752844484,441.72651745223556,626.4494788678678,360.969575444537,681.0219110919701,406.19721221620176,749.7864397921949,420.3812502263782,861.693414704613,413.1566985296239,920.2051979134612
72,4.8,1,0.30634364092800037,440.9833689884816,640.6000942746292,145.6633762753997,156.24085217277073,147.15459575769302,163.10598318011543,15.951387422422414,198.81870875268322,148.40166359992085,67.17619359415166,0.152574100719046,440.28569250984265,267.42463096832023,1.53171820464,82737,218,456,430,490,595.9651172656494,539.3407372597916,559.0431487596845,579.5057989908915,501.18523828628787,600.5285584990454,432.6157607815161,612.0653806725437,377.7102808138384,649.8037252335494,351.90921571868944,720.1711960490285,272.30504821409136,681.8162607267252
75,5.0,1,0.2444035612329889,418.7207512020054,657.9609468104051,138.63367312183024,158.9087972689652,-176.06915687662348,164.06826259566643,-19.862580527710065,-35.14851576784733,141.15800999905034,60.30453633362914,0.13991620828661266,431.0046496550117,304.59468938130567,1.2220178061649447,73003,167,454,474,504,588.6362042246662,601.3426476658848,510.9779916612633,585.4668501621273,446.3965546834436,591.5687928839353,412.69506823031696,659.282880947711,368.891489722542,697.7149767753385,298.4783789411763,712.1312815492491,252.97731046532405,730.8034277570721
78,5.2,1,0.24135085483601798,430.52698163298476,654.9250555344855,123.26201401327064,111.6697780214887,132.23554131199776,88.0663825377075,-44.16915877429027,-76.85829554279792,60.95156126560413,82.04063785804206,0.17549384076566168,467.48442851388484,270.0163273774761,1.2067542741800896,73828,214,465,430,467,529.538250883372,526.5566251822505,509.33590543798846,585.3975085376331,446.2182589733658,618.331305219925,388.6249500746308,659.0226723935806,373.8129820121988,721.5641135910053,434.18104502977127,834.8713235601331,379.9403460543367,903.057513426862
81,5.4,1,0.2488785181528773,412.807031342752,690.4814792829159,103.17028432796495,112.69602699710596,145.05249182707584,125.68949053809226,-19.363001288983583,-100.45864842652838,198.63634536926136,98.00724450901532,0.1900242736546657,515.7617109860687,306.858781092412,1.2443925907643858,67384,166,490,436,487,535.9022144938202,544.3281196367288,463.705993072237,588.8462004236161,385.7965717987968,649.228408647186,385.8893369916934,712.8319773941982,466.17860808722673,807.5957793819073,417.8164222065915,878.5110274384738,369.5125361268367,942.1729368452909
84,5.6,1,0.40967756021207036,427.32068420296105,702.9649927476577,95.8267223874089,102.3064829979794,126.57550669763762,106.41062918975166,-20.16487750788596,-36.71780970278034,95.71888891058113,71.47988721949854,0.12793698437424977,558.7116780117375,285.22778578070177,2.048387801060354,76527,216,503,391,549,498.0066981683441,549.2353274237544,436.43664485546327,618.7179408853482,394.37818906237584,688.8959239494196,459.93224011382614,759.4633583264725,448.420302343913,838.981629164054,419.98352310096175,927.1614626922576,395.88007773186195,1017.3758051240883
87,5.8,1,0.38957333829220786,444.79258178048184,674.8153902818323,106.2219813357485,107.12395852313628,140.65026473067897,91.27343070770331,-49.37683402297566,51.9762947416979,165.65531412720958,123.56665313330649,0.1991307939409726,620.5301083163198,261.69343186240104,1.947866691461038,73306,232,459,414,601,587.5520547007299,515.7251330421717,480.004054674357,576.3634626227661,428.1016660752596,646.465062845236,396.96149823887225,714.6621852480283,436.3475994728801,829.1464166369846,429.78998532163354,923.784740923202,432.098780696988,1020.2830812562479
90,6.0,1,0.6057450139576863,422.2573706377858,680.9823706377858,89.5471562145789,93.40157351118282,112.79815916072103,93.215758652633,-19.58240050808803,-83.37412560584788,116.81902541502042,60.38071286097579,0.09582615976793833,630.1067788503622,255.76359189613657,3.028725069788429,66480,230,451,340,631,469.1163153623482,503.21643496359604,432.3840752321337,591.5938717715444,398.66665519927176,670.8246277859454,427.17480926769974,744.117174914158,447.77845808007856,851.9701355576188,440.0347839281753,944.900927302017,437.2723822377257,1038.9622794262905
93,6.2,1,0.3622447428624404,440.5453120129096,666.8881136192764,115.8462707716143,104.75460831837695,129.9169094433447,76.35536104280932,-53.561548400535386,131.49557278517685,115.4444542457288,138.01501439718484,0.21322316728301613,647.2796373669577,313.19815656953887,1.8112237143122036,109066,140,428,528,658,550.4381163113532,504.8382047304799,514.4192633495221,580.3771237112938,438.32526852214187,638.8432796507992,356.94904608512763,697.6051866503758,347.70649696149167,784.3136661256236,454.96998541733154,950.3367586421748,409.64076567217734,1039.4493572984616
96,6.4,1,0.44481340394301905,435.3303091971378,688.1127420731307,97.04056817021433,104.4204341236682,139.42364826508324,122.55452113502656,-16.869127130056683,-94.02851300699977,109.27958493843529,114.75619869806695,0.18845763699146884,608.9230478001896,303.2159951306407,2.224067019715094,76165,186,490,430,598,516.6363490367114,549.7020948785256,450.8040188704372,618.0715816603904,364.6863780447612,679.8302212039868,438.44476023408845,790.8835329052903,494.0528129568158,876.5723749807023,465.06364370800486,965.2907860470059,391.13182096738916,1037.7872327731986
99,6.6,1,0.587015210217096,440.42326811793885,678.6340589694131,99.45298389787641,101.95090318275606,134.0037639936287,114.14098611349331,-19.862777880135383,12.062078638310439,53.80140889179127,120.33068972531015,0.1669587059415118,720.7212648585324,304.6566130840022,2.935076051085481,90725,180,437,487,710,525.0616063902745,499.6631888868588,475.16706236085514,584.0388714087794,367.5447802249274,662.7551945321253,420.8977251504537,773.6414299481756,485.6020707063775,904.438267360825,445.9989401528822,990.997310307718,398.0281150341579,1099.837176071117
102,6.8,1,0.525685806431629,445.8946640061792,682.2573699794027,100.91262077916109,101.59981245314673,141.37492647561325,97.38264104464946,-43.99228543096379,7.298184406423396,32.811794998508255,157.46509813567437,0.2165425881930854,727.1784245751548,307.33267110088343,2.628429032158145,93216,212,450,452,716,555.2384484615296,521.823540466629,468.95311760969685,593.3638069602955,362.9536387879656,675.4603062872139,447.8385163857817,778.8375786556853,461.19693180041577,902.857920131809,436.70711576044204,1008.6183251675762,434.10525077954503,1111.9482722824455
105,7.0,1,0.9796297453727861,413.3878702034509,706.6140999227401,86.56656780435928,86.90142021244401,97.46893949550562,88.40243935627711,-9.06650013922851,-71.73026487400898,203.09738654557822,31.611005503659165,0.04419674831011153,715.2337380536898,240.62812829168718,4.898148726863922,77660,232,473,372,715,416.21927663970405,547.9871915910426,403.4683869163973,626.4716382387832,393.8135743246685,718.8912785912813,441.7815693328521,829.6930944189248,441.786256450682,917.7726637740728,442.411382449367,1032.8553247672555,447.6837559114577,1129.2289605493502
108,7.2,1,1.0,454.199684929109,920.5388762471556,92.79841576297169,97.03070241849434,115.63482478623752,99.33032938764158,-16.304495398595932,31.159239793062,1088.9147595961374,52.40422571966342,0.10705772533750457,489.495041618497,123.82037908520621,15.156114637284174,28565,359,722,193,488,493.916167449063,761.1731313562052,433.40032470862826,823.7262855817603,430.7668066789956,892.7706885510379,458.48723292665665,968.4902293608965,465.98828515394644,1035.0106227136757,452.34632126824636,1103.4568519595528,442.5527820296937,1177.6492208231432
111,7.4,1,0.7241113445390439,414.105157657879,711.9397077752994,84.10982960285496,89.7026861929131,93.33220919985312,98.94583558174965,5.613626381896523,-43.4429308005836,1062.0873811068132,59.14832041541212,0.07936612937933764,745.2589773240338,294.4362410310241,3.6205567226952207,101771,191,468,406,753,428.24863454746793,537.3308408887682,392.0538800569071,631.561857622041,417.2558514740732,726.1334528948246,410.9000620815397,821.5659782006865,461.43908003357325,958.2560310227702,490.0634708504064,1051.0409496282139,431.42237015585664,1148.940591849526
114,7.6,1,0.8364174727706961,429.019330833406,625.3719804656841,151.37153749057666,152.70708884367428,142.22991271516923,160.2255598523433,17.995647137174075,336.30853943860967,439.21532228115564,32.259223365076025,0.06940561714851588,464.7926881198524,183.84517255264012,4.182087363853484,68802,212,427,442,384,595.4750812692581,518.9196349179255,551.5046133382959,577.9079997913115,495.2065134722819,596.6120982173705,440.95832454849614,632.1122309540325,372.64288751685575,651.1859634807018,319.1632307378121,680.557456199394,262.14447503271975,690.912165802868
117,7.8,1,1.0,461.2118564914016,1063.5204109664305,96.86077698707803,96.16729400754734,79.03198219309958,100.78836221775238,21.7563800246528,-272.5538025174929,2196.647478878369,39.611960334025476,0.08643010870728103,458.31205035483765,78.46595628269964,29.645938220859286,18201,384,848,156,456,465.86319431454604,885.8257713755924,468.7332407607631,950.8396163664028,491.44317374219196,1017.8166691770949,476.50397525698384,1075.7451002750709,448.88242623225597,1141.9109536460526,438.90720345968253,1201.8043719349241,424.18703371083376,1271.511747234699
120,8.0,1,1.0,458.9322997992416,1060.7281954048628,92.61973019696052,92.84332118878135,97.99034618824828,86.74029869129016,-11.250047496958118,-21.205233950587523,18.02279560378469,14.864691986387037,0.032127854866407506,462.67303086983804,57.47868429166495,45.062419937169814,17932,390,847,128,461,478.17991006171786,892.8513931376257,467.373317163224,936.7687327400016,461.64275819737236,1010.6633709240798,454.7560354478831,1079.831998460513,450.74275773235235,1145.6221913058855,452.13353089070904,1208.0094122582652,458.69292023998946,1285.2114203359451
123,8.2,1,1.0,417.4720257749037,747.7468666811384,86.35670645639003,91.03261147834087,106.47646104819201,84.71524646661103,-21.761214581580973,-31.315118702852555,1578.5774169473125,99.99461817778473,0.11731707736957618,852.3449477246892,293.1074742033757,6.000933735681228,87527,184,469,384,858,474.83504528835294,550.8774477385654,372.95074976638483,654.8161802077939,412.32671805689546,762.2208262824154,470.0112299321343,911.9392885410928,441.1308702752353,1029.055339800123,464.8631500833614,1146.7352466978364,462.12518888953633,1256.0238644415106
126,8.4,1,0.7914150514433568,439.1689207953788,624.0130387691624,148.01669374737878,147.0876464916777,135.20761522513752,157.80447519811634,22.59685997297882,308.2999364549421,628.1085778605444,28.203443503611705,0.05885347915135485,479.21454959493997,186.1924074592612,3.9570752572167835,72016,232,438,418,382,603.6202846429492,493.2939938855676,570.4989604674488,545.0532386861538,512.3888614404542,583.8666345881652,458.6796532987096,620.7000450606863,392.4907336574145,656.8201614444632,336.42479187081574,677.7454466722172,280.14967168548765,702.6554640161398
129,8.6,1,1.0,473.01367855398144,1159.7241956870682,89.04848026403704,89.52928525164442,50.109133817702464,130.78559040437554,80.67645658667308,-294.84106741670973,2683.896008017364,97.61649317893928,0.27263348470355064,358.0502713563708,123.2462729094068,6.693158516941206,14329,391,984,151,359,421.2828213305058,1012.0285203667531,464.7452563177334,1062.1620136038548,504.1184348079093,1111.1309024839893,520.1040368541805,1158.264010953753,510.15633112040985,1212.4126204198565,475.0476061156588,1261.8663396873792,423.75193270118325,1312.5639897674537
132,8.8,1,0.6733273018017589,426.86748880817635,630.3952529774474,157.4933498556709,164.49815953638827,174.09227680417317,174.35281583055175,0.26053902637858073,342.2243479581675,2656.6830843089747,21.12087330839182,0.048510817305773446,435.3848168597676,174.75265377641358,3.366636509008793,59195,223,503,420,277,610.1804207006544,575.7817472236325,548.9540148192452,579.3836269137115,484.12886295444594,588.8250814038925,433.32859117902035,623.2064502029012,384.07713319886835,659.9599713985886,325.59476051355716,673.7535612462005,263.8014762527422,671.85311232967
135,9.0,1,1.0,474.6765542462414,1168.4423869507168,91.52078660134976,90.24496703984163,81.23830346405353,91.33924197196541,10.100938507911877,-329.86281627160696,2700.8351722889006,20.61438147764424,0.044330751557773225,465.0131286580813,60.554798761019015,50.69208010246771,17227,415,951,113,467,469.7574038288302,988.4714411134578,485.4413887070251,1045.3745434190673,489.815545788315,1118.6145733893825,479.34645318895184,1187.7835317046283,471.3682040181661,1247.797383530474,462.59429813068834,1319.2812673843657,468.0399798834652,1390.1603547914985
138,9.2,1,1.0,470.7886423467469,1204.8941331327567,90.21772858682203,91.07299056397366,105.67567751052451,84.79696393600608,-20.87871357451843,-6.51529007263863,183.29250248292337,29.848381899681375,0.0685958926038994,435.133661311736,61.39040080748464,49.728537921330066,15954,430,1001,91,436,489.0167752499001,1038.0855663090395,468.0040166578605,1090.943014006463,457.0282187679056,1152.0742092702974,463.0339549234523,1223.0647306788017,470.03995100678924,1282.9868513150632,472.9946104010844,1343.9182771122935,481.9750903028807,1414.0550063580597
141,9.4,1,1.0,469.53946525310187,1218.6838119648162,84.41583598312013,90.32387851510936,102.583917954324,97.76689742010555,-4.817020534218443,-29.00946301850935,69.23071675611834,34.7376550910922,0.07421249634107936,468.0836355569894,67.12309991374994,38.94159262465647,17167,414,983,106,472,476.24583958729835,1033.4004741925266,441.20681639183664,1086.615296269449,448.9317677319269,1155.7579195182748,476.0356481673851,1219.6809173337176,493.3905173065532,1283.266274644139,487.3946258443794,1353.352503711443,474.0310519906789,1425.2036481237562
144,9.6,1,0.7459177809348831,398.1601009988157,638.725783746341,159.61988809157629,160.6224429932871,139.26989568451435,-178.49468639232433,42.23541792316132,376.02026054228213,2921.6704474341823,41.157206676983,0.1015166460541887,405.4232313291127,152.96410371899884,3.729588904674422,44753,192,521,388,237,534.4117476142321,563.1905495222494,481.41997314560933,587.1442349349543,448.75365902335943,636.9464681372231,389.9457590513256,656.8471154459996,334.5524889352429,675.7235034430141,275.16919662707,652.5376544221455,222.80634990118568,672.7869573479865
147,9.8,1,1.0,405.379057095475,638.3994708994709,160.07280039961753,161.90756804105732,159.27894067292505,174.1181527353845,14.839212062459467,2.2645615402062327,36.131636829628256,25.699238424430362,0.05849891819580399,439.31134484250543,137.6339689807109,6.20872447023495,50652,176,524,444,234,573.5769185289798,569.5913601124424,507.6992655851645,596.9156115249672,453.6867067239718,614.944461194409,396.99993714531246,641.2749588487633,341.7332036289843,672.3716582535673,283.904057388659,680.0104855910166,220.8665706841484,684.8233084951653
150,10.0,1,1.0,493.02366293301685,1311.0620132037682,93.21585322011855,91.94626258638846,67.99315395168418,107.22982392835317,39.23666997666899,-334.28473589749615,3391.741708737938,50.719806140213066,0.12172034954516249,416.69126263389717,81.27704087217577,26.218630438158478,13481,426,1107,115,417,472.6589053545584,1145.1718111846217,507.7621345595913,1194.0314693931819,519.4719952350616,1260.9984266206588,516.1327762711974,1322.8389014588465,498.61549918141395,1377.6412787730064,481.5286246744574,1436.5915635791423,460.59283513837136,1500.2467014370523
153,10.2,1,0.9791931794036153,406.5821205406161,638.2275059391907,146.96981857061715,148.15538537290973,138.79507788455564,152.75408688003148,13.959008995475841,268.769826752494,3391.8225720737046,17.372477508466314,0.04437362026698823,391.50462378185927,139.10964920202002,4.895965897018085,50091,214,489,368,299,538.6582008933455,549.1695579575653,495.19391915044685,572.4482167135526,458.29586526168515,619.5336601580917,409.2027412291627,645.6189702381627,360.0411432968033,669.5227801019112,308.6963697727878,694.697407261448,271.37120020247653,715.1827994756401
156,10.4,1,1.0,487.24019058295966,1341.6809837443946,87.57270102817134,89.32388001307415,105.06891787332374,85.21693137316726,-19.851986500156485,-296.98558771222747,3540.312555761097,29.703185550373615,0.0718848600259064,413.2050273126909,59.56090451704887,37.767849668649184,14272,443,1148,95,415,501.3565487754793,1188.115897011521,477.8632537022719,1232.569381438774,472.8986400617869,1293.8135429696752,483.82727774019884,1352.5159982853245,495.66560749711766,1417.6114722980817,495.3069577964718,1471.7413262127916,505.4439265518259,1534.4725050317554
159,10.6,1,1.0,490.49318702520196,1342.2614855902568,84.92169541705928,92.34727670821572,104.61171868264249,107.47060196792773,2.858883285285245,-13.255028055560322,16.521931066230337,39.098783325889855,0.08904464966111456,439.0918878864896,83.34772638463525,20.9586855903833,16586,428,1128,121,442,495.1986376527159,1167.982348221478,453.5204087983986,1230.109011117533,464.2757830111175,1286.5975541323367,496.2063481514962,1348.9484668820655,522.0450300726603,1406.5067195916208,512.2590887559504,1470.4213053817507,479.9373177582676,1540.2946422216958
162,10.8,1,1.0,406.62877932758204,644.047327259534,162.79890478706236,160.3813254309924,159.9642569638938,155.484799943541,-4.479457020352811,389.38604685001326,3516.163569047759,9.504778281178774,0.02184443132746903,435.1121866572313,142.0495103053812,6.0089056186428635,49612,188,528,412,230,564.9973342320757,589.5242440090836,510.80505373139283,602.1794953661446,451.88145368303725,630.7749893221524,395.5923387423585,643.8410726618134,335.50039679348856,661.2381677986264,278.9328816524289,681.9016326958091,234.18492742556217,707.4427515056144
165,11.0,1,0.9311125998252899,412.77668470241025,635.1545798669774,156.05877897824755,164.1675519972116,155.42533431847258,-174.12775074121515,30.44691494031224,-33.70062904407417,54.05499437740783,45.80798893067823,0.10406849625899255,440.1715271899104,139.4179938152402,4.655562999126456,46759,184,497,424,255,576.6372806624735,560.1650473962297,512.8481373749338,578.6174270211022,465.0667458382954,611.1863648397868,410.5669130525563,647.7362905634168,353.7908409518157,670.9748665874073,292.7026438854531,674.5780261448243,230.57616881801076,658.3021811644506
168,11.2,1,1.0,510.52037365115154,1431.356015461427,94.42758587515826,94.25687419631147,81.0514082030683,101.5317699632965,20.48036176022819,-308.1559655154475,4010.893151069894,27.659543008475993,0.0709486738273853,389.852854413746,63.490702406044065,38.17080101540503,12418,460,1247,93,390,510.1458627432168,1272.0310699276486,525.7030726514299,1332.3773433956512,528.1059633432391,1386.0889308951794,524.8596750296772,1446.9825427767823,507.7365693234514,1501.4021722460718,493.07667229852257,1555.96722142514,484.65095756263173,1614.5504033644218
171,11.4,1,0.8273419530363079,406.3595918993034,633.2726235288106,161.7670296766724,163.17831285609807,160.43143020246086,175.79551616521297,15.364085962752114,336.6972190075689,4024.259462726712,25.14835174742756,0.05926388768500926,424.3452923826462,160.48143274233928,4.136709765181543,58711,199,513,429,263,573.4023533590017,567.1323245043069,522.8352138582866,599.6779154160963,463.6850773977257,606.1330843711833,408.5935095883232,632.8396961249517,354.7982503012279,659.4956451766258,296.41249971478885,667.7878241359014,239.9790730533876,667.9364724778376
174,11.6,1,1.0,396.99790163934426,643.3502950819673,156.04917689858183,158.10235378096198,160.20789167471446,162.09220510623666,1.8843134315222017,-28.5892638904529,68.77512421957465,13.67700051620357,0.03207983988179838,426.3425430612481,121.03918754862846,6.349540339359343,38125,194,543,395,203,548.0125487379304,580.6563383091875,489.7077356641999,591.8519243454571,436.3651947930341,620.834488886154,389.0422169264245,657.095040156459,333.38498010659913,676.3814995778413,272.6180760045442,676.6105602036641,213.40169415855468,715.1530720155049
177,11.8,1,1.0,407.2627131303216,632.7235440985041,161.83347292994424,170.31739037607838,-177.75257373867302,-179.64438146652157,-1.8918077278485441,28.921480156811857,73.87391139804227,48.57449020744952,0.10439507903400827,465.2948266998835,140.94809819876565,7.108018531281998,46861,171,496,459,256,593.6929760642244,602.4444734936596,516.33143465136,566.3675035862549,458.7597367597449,597.1490026585575,399.75456407805757,644.775788185024,340.2181454787642,667.6626501931481,272.30813156815293,671.2738027022209,215.97218740788276,666.8914811269909
180,12.0,1,0.7989307784814096,401.7459599341284,636.4556542825603,152.46102292280054,146.04512582561492,144.264734682588,142.27215428731552,-1.9925803952724834,-46.86225003571865,33.3028573299814,23.83242535219468,0.057479264555679935,414.6264837663033,153.3813383426991,3.9946538924070434,55259,222,504,364,292,545.0754622334455,539.0214153909443,518.6727695002621,574.1741606355978,461.215892788094,599.358930254821,419.33678563541184,644.4814774199426,359.77744088658363,655.1553812301024,302.2334693861331,673.8104334876541,273.6478518862356,721.7907811724115
183,12.2,1,1.0,402.8822841766289,642.2750231593807,157.95688468515502,164.69171394873916,164.92982203600002,173.620915377076,8.69109334107597,27.479308811772494,29.64636862610668,30.066641282798983,0.07362070831193454,408.39923945590357,129.9160285712949,5.680961251876991,45338,194,510,408,242,558.480713109987,594.3082968453319,498.72128603476824,579.4932445110344,448.6235590862234,623.8886977856383,401.81379806357785,651.5631389049533,348.01349927821457,670.6386506029936,295.5791788982543,687.9679403144637,232.40324149640784,683.563686916383
186,12.4,1,1.0,527.3885326642505,1545.373106588607,98.68818321645593,96.93668254117176,89.76683952240279,98.06226948537721,8.295429962974424,-296.34350734349385,4558.201274093747,13.593677048510546,0.03718691813273962,365.54997647257517,38.197124301127644,61.471345379363974,10761,486,1373,83,363,539.3262959033083,1406.8206460429647,547.4269004623269,1452.794450696046,539.7296774887087,1505.9452276827672,530.9090985353738,1555.6389197264548,517.8039259899477,1601.6509525535166,505.1144624016117,1653.7950073174331,502.34465496064837,1710.788614344271
189,12.6,1,0.9911070786787185,402.0616944939969,630.0502295003107,160.72718814075347,155.25862733561212,154.8460193057518,148.98537527471512,-5.860644031036685,310.1950246214888,4619.3148455343335,36.53365972536695,0.0864419739221942,422.6379624122262,139.90107744626692,4.955535393393595,49891,198,515,386,230,546.9459088504196,568.7148623619689,498.2717965486382,594.7580014471441,440.6826992342971,618.6143242238991,387.96153586108693,646.0590605321953,329.60537276393427,655.2916999951315,270.59670683245633,655.8369651937552,232.87916566444432,713.4442768243455
192,12.8,1,0.9491766277959165,392.87990511303553,645.6182228700449,153.9635360614239,152.29486666027734,156.10159804050477,147.31111066081073,-8.790487379694042,-33.818260396647695,90.36975071842603,37.84757909994879,0.10067261203747188,375.94712537965484,126.55950512934908,4.745883138979581,34989,202,529,374,239,546.1383416307556,578.2831855837323,489.95348296567096,577.7637910983633,449.5512739356708,621.0814596379638,403.16142974877755,647.5588905222202,356.72925612194,667.9026767961158,296.409468744789,666.6736931760054,272.29443631523685,722.0857489149068
195,13.0,1,0.6907691669230999,410.3096096595847,627.1331151421017,155.5764990032632,159.66077998044707,168.05830041100668,160.46968788863614,-7.588612522370539,8.064814709196526,127.0328508982681,15.249151935903283,0.03910127683466227,389.991150426712,157.8876872172071,3.4538458346154965,54081,217,496,383,260,546.3636228089164,582.8372421765226,497.26402572470766,588.1459385128937,444.20587386265987,604.4429200542456,393.5986866649404,629.3705206110656,350.2376826000767,657.0827117995796,298.57433526726425,688.0991614849663,253.61368532028132,691.356603391792
198,13.2,1,1.0,382.12461892282187,625.124886345403,163.09765733678125,165.5092440515972,151.76490736479147,-179.7051689837351,28.52992365147344,37.60579166759043,141.28222514981329,39.48977788372942,0.092777550126487,425.6393688978807,128.1728476965929,6.06395344292593,37394,160,528,411,204,532.5982123054607,559.6414298790714,486.57385956156094,582.0521325801842,429.5151579994382,614.9953939621224,378.73056632514374,640.1951272411079,318.8099849062402,646.1019376445664,257.96169823054606,654.6193744783307,200.4149045057959,645.4926981810046
201,13.4,1,1.0,424.1493473281594,619.7583891124997,153.05769106175333,156.43601801633747,145.90685504929138,171.65180595718053,25.744950907889148,-50.19983137513934,211.82994890319006,31.726926942409943,0.07128510066373497,445.0709425532235,121.41832768254497,6.948094203584635,44969,208,485,392,271,568.4661340218946,535.4695286020595,523.4999474484107,567.055968574461,474.1603436995921,599.3028949506628,411.34355254888106,625.1271997056474,361.55735945383776,660.3240690078068,299.88984634888004,680.270689079571,241.95308724835115,677.875203563374
204,13.6,1,1.0,392.4131158066776,642.4040100396918,160.6726077487741,161.4005647960296,144.33321315825498,166.5134987424871,22.18028558423211,38.07458343510404,194.93669090009644,36.40652421917997,0.08542523829677398,426.17995507019657,125.41800230054766,5.261845610388342,34264,152,529,413,216,519.9094695372726,574.188338387808,474.6413089705362,604.656045098087,422.575161063265,644.0446135603146,369.1547132523262,663.3340279106263,311.93321100179884,655.5536657782346,249.2070658236983,674.2927437906384,194.28828274851878,683.7684014330449
207,13.8,1,0.8933201453188812,409.97340044648496,623.0567794111453,161.27968562810796,165.58819877473783,162.29087894682,-176.3127253717503,21.39639568142968,3.035389396669201,130.6406263021975,35.71874196476156,0.09115554686933258,391.84386679137356,141.20544293472352,4.466600726594411,47482,205,513,373,230,550.2867318306514,569.680364255884,503.92902306401095,583.5604535834649,449.9571972296329,601.7172024250801,405.0091575438462,637.6497053302338,353.78975580893643,657.0546171550141,297.4875283437871,645.7516399065644,239.05121363166347,649.6603980576734
210,14.0,1,1.0,383.1869156374742,644.5353229565729,156.50877230358392,157.7117594629062,148.19498669307958,169.45084100306306,21.255854309983476,-23.85456662262024,171.67145957148819,24.285232187980707,0.05612447107292365,432.7030923182584,126.35570045973326,6.2885474442216,37327,169,529,415,214,542.0675253180686,562.1473054435921,488.9720786839857,578.5333416637675,436.7660853270585,627.4497208976566,388.7136696024254,651.2516848951042,332.30355338314627,673.6984170950071,266.1496637949978,678.3483757710381,217.97588409935963,694.9892753718964
213,14.2,1,1.0,415.7335425177947,628.9013814597987,156.22574510632157,156.7284949527637,145.8383718540099,171.6108254305249,25.772453576515005,-1.415135986311787,180.5341413702246,35.903744656173465,0.07750700750512148,463.2322394049471,133.7313504219257,5.201093235180177,47486,184,505,419,243,568.3238432167473,532.9650806619894,523.7140031567177,585.6501134558162,462.6467745926512,604.6797287238378,407.3446002481477,641.2822650903191,347.1665680706178,666.7175956217554,284.07757447814095,659.3404101766608,210.44720897829566,686.8801598720921
216,14.4,1,0.8916979994782958,387.0912290764979,643.668639516087,154.85184905088883,156.48089314344503,159.72887599137758,157.39938430712564,-2.329491684251934,-6.869480277163652,161.12526414024063,22.009673532432178,0.05806244426103822,379.0690146195134,133.92534138442306,4.4584899973914744,38354,228,528,370,213,549.44924980501,573.2376091086417,497.5843107922968,571.8059605812917,449.8050177130024,610.0400499618356,413.1617860193512,644.7312097924868,362.0328472533997,656.5570116199469,313.674721962379,674.6640557934235,269.4020617646833,695.1166539797299
219,14.6,1,0.9556433550529556,409.11087722408104,625.6634907269947,151.10742818977928,160.20756201613432,157.50456675763155,-176.54257217571526,25.952861066653213,-18.7221043055478,142.21904649700733,53.57708975746584,0.12290765074623228,435.9133823824083,138.8601364179268,4.778216775264787,45131,191,504,399,246,559.5689923005648,543.8768099951286,506.69567468982893,566.7570159586253,452.6631987433083,588.148657031667,409.8865125333022,639.6810004591126,360.6362028241466,672.4082073191129,296.7260904915995,681.4290675878522,225.156286206252,664.2229375576278
222,14.8,1,1.0,407.80678278108184,632.7374209383555,156.81261828759202,158.89060906149575,169.69643923898704,158.45865903147435,-11.237780207512685,28.525950489063508,35.96566103641908,30.345830323479586,0.07426312560446655,408.6258163318464,136.69896394401596,5.075082338992157,42372,232,528,384,218,582.0637513646512,574.8236996764739,520.7072944700143,565.9820572606795,465.7059261616975,595.9769705402624,420.3902453599749,630.5518746908662,371.15483456894486,655.3652596548943,314.8660439005391,671.3375359914517,269.73496354850045,695.400166134753
225,15.0,1,0.8555552687296647,408.6902543137137,636.7357061263752,159.29666926153809,165.91806662763653,156.90639275274248,-174.27547952395184,28.81812772330568,12.420254869730387,20.473645494701856,36.74829060207884,0.10013335798285422,366.9934909041124,125.91157200782922,4.277776343648321,33266,209,529,359,214,534.5081062039097,585.9065544018829,487.6700918501912,593.1798464812107,442.85361561104764,624.9884213548145,397.4797967725496,652.3937739279496,349.9868418729874,670.0800788118187,291.6250515001278,648.5079013680112,242.0757183879789,659.2624726999205
