seq,millis,channel,target_deg,actual_deg,error_deg
42388,3391608,CH1,129.734,122.880,6.854
42388,3391608,CH2,124.251,114.960,9.291
42388,3391608,CH3,121.079,110.640,10.439
42388,3391608,CH4,98.751,89.040,9.711
42388,3391608,CH5,89.417,83.760,5.657
42388,3391608,CH6,93.151,95.040,-1.889
42389,3391679,CH1,125.055,124.800,0.255
42389,3391679,CH2,128.181,123.360,4.821
42389,3391679,CH3,130.873,120.960,9.913
42389,3391679,CH4,112.027,99.840,12.187
42389,3391679,CH5,101.363,90.480,10.883
42389,3391679,CH6,98.817,93.840,4.977
42390,3391759,CH1,125.055,124.800,0.255
42390,3391759,CH2,128.181,123.360,4.821
42390,3391759,CH3,130.873,120.960,9.913
42390,3391759,CH4,112.027,99.840,12.187
42390,3391759,CH5,101.363,90.480,10.883
42390,3391759,CH6,98.817,93.840,4.977
42391,3391839,CH1,112.805,121.200,-8.395
42391,3391839,CH2,123.900,125.520,-1.620
42391,3391839,CH3,134.365,130.080,4.285
42391,3391839,CH4,122.442,112.560,9.882
42391,3391839,CH5,115.556,102.720,12.836
42391,3391839,CH6,111.655,100.320,11.335
42392,3391919,CH1,97.663,109.680,-12.017
42392,3391919,CH2,113.042,120.000,-6.958
42392,3391919,CH3,130.221,131.040,-0.819
42392,3391919,CH4,126.019,122.400,3.619
42392,3391919,CH5,126.574,115.920,10.654
42392,3391919,CH6,126.760,113.520,13.240
42393,3392008,CH1,85.413,96.240,-10.827
42393,3392008,CH2,99.756,108.720,-8.964
42393,3392008,CH3,120.023,127.200,-7.177
42393,3392008,CH4,121.390,124.800,-3.410
42393,3392008,CH5,130.210,127.920,2.290
42393,3392008,CH6,138.364,128.160,10.204
42394,3392079,CH1,85.413,96.240,-10.827
42394,3392079,CH2,99.756,108.720,-8.964
42394,3392079,CH3,120.023,127.200,-7.177
42394,3392079,CH4,121.390,124.800,-3.410
42394,3392079,CH5,130.210,127.920,2.290
42394,3392079,CH6,138.364,128.160,10.204
42395,3392159,CH1,80.734,87.120,-6.386
42395,3392159,CH2,89.115,97.200,-8.085
42395,3392159,CH3,107.667,117.120,-9.453
42395,3392159,CH4,110.324,118.560,-8.236
42395,3392159,CH5,125.074,129.360,-4.286
42395,3392159,CH6,142.033,139.440,2.593
42396,3392239,CH1,85.413,84.720,0.693
42396,3392239,CH2,85.185,88.560,-3.375
42396,3392239,CH3,97.872,105.600,-7.728
42396,3392239,CH4,97.048,107.040,-9.992
42396,3392239,CH5,113.128,121.680,-8.552
42396,3392239,CH6,136.366,140.400,-4.034
42397,3392319,CH1,97.663,88.560,9.103
42397,3392319,CH2,89.466,87.120,2.346
42397,3392319,CH3,94.381,98.160,-3.779
42397,3392319,CH4,86.633,94.320,-7.687
42397,3392319,CH5,98.935,109.440,-10.505
42397,3392319,CH6,123.529,132.720,-9.191
42398,3392408,CH1,97.663,88.560,9.103
42398,3392408,CH2,89.466,87.120,2.346
42398,3392408,CH3,94.381,98.160,-3.779
42398,3392408,CH4,86.633,94.320,-7.687
42398,3392408,CH5,98.935,109.440,-10.505
42398,3392408,CH6,123.529,132.720,-9.191
42399,3392479,CH1,112.805,100.320,12.485
42399,3392479,CH2,100.324,92.640,7.684
42399,3392479,CH3,98.525,96.000,2.525
42399,3392479,CH4,83.056,85.680,-2.624
42399,3392479,CH5,87.916,96.720,-8.804
42399,3392479,CH6,108.423,120.720,-12.297
42400,3392559,CH1,125.055,113.520,11.535
42400,3392559,CH2,113.610,104.160,9.450
42400,3392559,CH3,108.723,100.800,7.923
42400,3392559,CH4,87.685,83.520,4.165
42400,3392559,CH5,84.281,85.920,-1.639
42400,3392559,CH6,96.820,107.280,-10.460
42401,3392639,CH1,125.055,113.520,11.535
42401,3392639,CH2,113.610,104.160,9.450
42401,3392639,CH3,108.723,100.800,7.923
42401,3392639,CH4,87.685,83.520,4.165
42401,3392639,CH5,84.281,85.920,-1.639
42401,3392639,CH6,96.820,107.280,-10.460
42402,3392719,CH1,129.734,122.400,7.334
42402,3392719,CH2,124.251,114.720,9.531
42402,3392719,CH3,121.079,110.400,10.679
42402,3392719,CH4,98.751,88.560,10.191
42402,3392719,CH5,89.417,83.520,5.897
42402,3392719,CH6,93.151,96.240,-3.089
42403,3392808,CH1,125.055,124.560,0.495
42403,3392808,CH2,128.181,122.640,5.541
42403,3392808,CH3,130.873,120.960,9.913
42403,3392808,CH4,112.027,99.840,12.187
42403,3392808,CH5,101.363,90.000,11.363
42403,3392808,CH6,98.817,94.080,4.737
42404,3392879,CH1,112.805,121.200,-8.395
42404,3392879,CH2,123.900,125.040,-1.140
42404,3392879,CH3,134.365,129.600,4.765
42404,3392879,CH4,122.442,112.800,9.642
42404,3392879,CH5,115.556,102.000,13.556
42404,3392879,CH6,111.655,101.040,10.615
42405,3392959,CH1,112.805,121.200,-8.395
42405,3392959,CH2,123.900,125.040,-1.140
42405,3392959,CH3,134.365,129.600,4.765
42405,3392959,CH4,122.442,112.800,9.642
42405,3392959,CH5,115.556,102.000,13.556
42405,3392959,CH6,111.655,101.040,10.615
42406,3393039,CH1,97.663,109.680,-12.017
42406,3393039,CH2,113.042,120.000,-6.958
42406,3393039,CH3,130.221,131.280,-1.059
42406,3393039,CH4,126.019,122.160,3.859
42406,3393039,CH5,126.574,115.680,10.894
42406,3393039,CH6,126.760,113.280,13.480
42407,3393119,CH1,85.413,96.480,-11.067
42407,3393119,CH2,99.756,108.720,-8.964
42407,3393119,CH3,120.023,126.960,-6.937
42407,3393119,CH4,121.390,124.800,-3.410
42407,3393119,CH5,130.210,127.920,2.290
42407,3393119,CH6,138.364,127.440,10.924
42408,3393208,CH1,85.413,96.480,-11.067
42408,3393208,CH2,99.756,108.720,-8.964
42408,3393208,CH3,120.023,126.960,-6.937
42408,3393208,CH4,121.390,124.800,-3.410
42408,3393208,CH5,130.210,127.920,2.290
42408,3393208,CH6,138.364,127.440,10.924
42409,3393279,CH1,80.734,86.880,-6.146
42409,3393279,CH2,89.115,97.440,-8.325
42409,3393279,CH3,107.667,117.120,-9.453
42409,3393279,CH4,110.324,118.560,-8.236
42409,3393279,CH5,125.074,129.600,-4.526
42409,3393279,CH6,142.033,139.440,2.593
42410,3393359,CH1,85.413,84.480,0.933
42410,3393359,CH2,85.185,88.800,-3.615
42410,3393359,CH3,97.872,105.120,-7.248
42410,3393359,CH4,97.048,106.800,-9.752
42410,3393359,CH5,113.128,121.920,-8.792
42410,3393359,CH6,136.366,140.640,-4.274
42411,3393439,CH1,97.663,88.560,9.103
42411,3393439,CH2,89.466,87.360,2.106
42411,3393439,CH3,94.381,97.920,-3.539
42411,3393439,CH4,86.633,94.080,-7.447
42411,3393439,CH5,98.935,109.680,-10.745
42411,3393439,CH6,123.529,132.720,-9.191
42412,3393519,CH1,97.663,88.560,9.103
42412,3393519,CH2,89.466,87.360,2.106
42412,3393519,CH3,94.381,97.920,-3.539
42412,3393519,CH4,86.633,94.080,-7.447
42412,3393519,CH5,98.935,109.680,-10.745
42412,3393519,CH6,123.529,132.720,-9.191
42413,3393608,CH1,112.805,100.320,12.485
42413,3393608,CH2,100.324,92.400,7.924
42413,3393608,CH3,98.525,96.480,2.045
42413,3393608,CH4,83.056,85.920,-2.864
42413,3393608,CH5,87.916,96.480,-8.564
42413,3393608,CH6,108.423,120.000,-11.577
42414,3393679,CH1,125.055,113.520,11.535
42414,3393679,CH2,113.610,103.920,9.690
42414,3393679,CH3,108.723,100.800,7.923
42414,3393679,CH4,87.685,84.000,3.685
42414,3393679,CH5,84.281,85.680,-1.399
42414,3393679,CH6,96.820,106.560,-9.740
42415,3393759,CH1,125.055,113.520,11.535
42415,3393759,CH2,113.610,103.920,9.690
42415,3393759,CH3,108.723,100.800,7.923
42415,3393759,CH4,87.685,84.000,3.685
42415,3393759,CH5,84.281,85.680,-1.399
42415,3393759,CH6,96.820,106.560,-9.740
42416,3393839,CH1,129.734,122.400,7.334
42416,3393839,CH2,124.251,114.720,9.531
42416,3393839,CH3,121.079,110.400,10.679
42416,3393839,CH4,98.751,88.560,10.191
42416,3393839,CH5,89.417,83.040,6.377
42416,3393839,CH6,93.151,95.760,-2.609
42417,3393919,CH1,125.055,124.800,0.255
42417,3393919,CH2,128.181,123.120,5.061
42417,3393919,CH3,130.873,120.960,9.913
42417,3393919,CH4,112.027,99.840,12.187
42417,3393919,CH5,101.363,90.000,11.363
42417,3393919,CH6,98.817,94.320,4.497
42418,3394008,CH1,112.805,120.960,-8.155
42418,3394008,CH2,123.900,124.800,-0.900
42418,3394008,CH3,134.365,129.600,4.765
42418,3394008,CH4,122.442,112.800,9.642
42418,3394008,CH5,115.556,101.760,13.796
42418,3394008,CH6,111.655,100.560,11.095
42419,3394079,CH1,112.805,120.960,-8.155
42419,3394079,CH2,123.900,124.800,-0.900
42419,3394079,CH3,134.365,129.600,4.765
42419,3394079,CH4,122.442,112.800,9.642
42419,3394079,CH5,115.556,101.760,13.796
42419,3394079,CH6,111.655,100.560,11.095
42420,3394159,CH1,97.663,109.680,-12.017
42420,3394159,CH2,113.042,120.000,-6.958
42420,3394159,CH3,130.221,131.520,-1.299
42420,3394159,CH4,126.019,123.120,2.899
42420,3394159,CH5,126.574,115.680,10.894
42420,3394159,CH6,126.760,114.000,12.760
42421,3394239,CH1,85.413,96.000,-10.587
42421,3394239,CH2,99.756,109.440,-9.684
42421,3394239,CH3,120.023,126.480,-6.457
42421,3394239,CH4,121.390,124.800,-3.410
42421,3394239,CH5,130.210,127.680,2.530
42421,3394239,CH6,138.364,128.880,9.484
42422,3394319,CH1,80.734,86.880,-6.146
42422,3394319,CH2,89.115,97.200,-8.085
42422,3394319,CH3,107.667,117.120,-9.453
42422,3394319,CH4,110.324,118.560,-8.236
42422,3394319,CH5,125.074,129.360,-4.286
42422,3394319,CH6,142.033,139.440,2.593
42423,3394408,CH1,80.734,86.880,-6.146
42423,3394408,CH2,89.115,97.200,-8.085
42423,3394408,CH3,107.667,117.120,-9.453
42423,3394408,CH4,110.324,118.560,-8.236
42423,3394408,CH5,125.074,129.360,-4.286
42423,3394408,CH6,142.033,139.440,2.593
42424,3394479,CH1,85.413,84.720,0.693
42424,3394479,CH2,85.185,88.800,-3.615
42424,3394479,CH3,97.872,105.360,-7.488
42424,3394479,CH4,97.048,106.800,-9.752
42424,3394479,CH5,113.128,122.160,-9.032
42424,3394479,CH6,136.366,140.400,-4.034
42425,3394559,CH1,97.663,88.560,9.103
42425,3394559,CH2,89.466,87.360,2.106
42425,3394559,CH3,94.381,97.920,-3.539
42425,3394559,CH4,86.633,94.320,-7.687
42425,3394559,CH5,98.935,109.920,-10.985
42425,3394559,CH6,123.529,132.480,-8.951
42426,3394639,CH1,97.663,88.560,9.103
42426,3394639,CH2,89.466,87.360,2.106
42426,3394639,CH3,94.381,97.920,-3.539
42426,3394639,CH4,86.633,94.320,-7.687
42426,3394639,CH5,98.935,109.920,-10.985
42426,3394639,CH6,123.529,132.480,-8.951
42427,3394719,CH1,112.805,100.080,12.725
42427,3394719,CH2,100.324,92.880,7.444
42427,3394719,CH3,98.525,96.480,2.045
42427,3394719,CH4,83.056,85.680,-2.624
42427,3394719,CH5,87.916,96.720,-8.804
42427,3394719,CH6,108.423,120.240,-11.817
42428,3394808,CH1,125.055,114.240,10.815
42428,3394808,CH2,113.610,104.160,9.450
42428,3394808,CH3,108.723,100.800,7.923
42428,3394808,CH4,87.685,84.240,3.445
42428,3394808,CH5,84.281,86.160,-1.879
42428,3394808,CH6,96.820,106.320,-9.500
42429,3394879,CH1,129.734,122.880,6.854
42429,3394879,CH2,124.251,114.960,9.291
42429,3394879,CH3,121.079,110.400,10.679
42429,3394879,CH4,98.751,89.040,9.711
42429,3394879,CH5,89.417,84.000,5.417
42429,3394879,CH6,93.151,94.560,-1.409
42430,3394959,CH1,129.734,122.880,6.854
42430,3394959,CH2,124.251,114.960,9.291
42430,3394959,CH3,121.079,110.400,10.679
42430,3394959,CH4,98.751,89.040,9.711
42430,3394959,CH5,89.417,84.000,5.417
42430,3394959,CH6,93.151,94.560,-1.409
42431,3395039,CH1,125.055,124.800,0.255
42431,3395039,CH2,128.181,123.360,4.821
42431,3395039,CH3,130.873,121.440,9.433
42431,3395039,CH4,112.027,99.840,12.187
42431,3395039,CH5,101.363,90.240,11.123
42431,3395039,CH6,98.817,93.600,5.217
42432,3395119,CH1,112.805,121.680,-8.875
42432,3395119,CH2,123.900,125.040,-1.140
42432,3395119,CH3,134.365,129.120,5.245
42432,3395119,CH4,122.442,112.560,9.882
42432,3395119,CH5,115.556,102.000,13.556
42432,3395119,CH6,111.655,100.080,11.575
42433,3395208,CH1,112.805,121.680,-8.875
42433,3395208,CH2,123.900,125.040,-1.140
42433,3395208,CH3,134.365,129.120,5.245
42433,3395208,CH4,122.442,112.560,9.882
42433,3395208,CH5,115.556,102.000,13.556
42433,3395208,CH6,111.655,100.080,11.575
42434,3395279,CH1,97.663,109.680,-12.017
42434,3395279,CH2,113.042,120.240,-7.198
42434,3395279,CH3,130.221,131.280,-1.059
42434,3395279,CH4,126.019,122.400,3.619
42434,3395279,CH5,126.574,115.680,10.894
42434,3395279,CH6,126.760,113.040,13.720
42435,3395359,CH1,85.413,95.520,-10.107
42435,3395359,CH2,99.756,108.720,-8.964
42435,3395359,CH3,120.023,126.960,-6.937
42435,3395359,CH4,121.390,124.800,-3.410
42435,3395359,CH5,130.210,128.400,1.810
42435,3395359,CH6,138.364,128.400,9.964
42436,3395439,CH1,80.734,87.120,-6.386
42436,3395439,CH2,89.115,96.960,-7.845
42436,3395439,CH3,107.667,117.360,-9.693
42436,3395439,CH4,110.324,119.040,-8.716
42436,3395439,CH5,125.074,129.840,-4.766
42436,3395439,CH6,142.033,139.680,2.353
42437,3395519,CH1,80.734,87.120,-6.386
42437,3395519,CH2,89.115,96.960,-7.845
42437,3395519,CH3,107.667,117.360,-9.693
42437,3395519,CH4,110.324,119.040,-8.716
42437,3395519,CH5,125.074,129.840,-4.766
42437,3395519,CH6,142.033,139.680,2.353
42438,3395608,CH1,85.413,84.720,0.693
42438,3395608,CH2,85.185,89.040,-3.855
42438,3395608,CH3,97.872,105.360,-7.488
42438,3395608,CH4,97.048,107.040,-9.992
42438,3395608,CH5,113.128,122.160,-9.032
42438,3395608,CH6,136.366,140.400,-4.034
42439,3395679,CH1,97.663,88.320,9.343
42439,3395679,CH2,89.466,87.600,1.866
42439,3395679,CH3,94.381,97.920,-3.539
42439,3395679,CH4,86.633,94.320,-7.687
42439,3395679,CH5,98.935,109.440,-10.505
42439,3395679,CH6,123.529,133.200,-9.671
42440,3395759,CH1,97.663,88.320,9.343
42440,3395759,CH2,89.466,87.600,1.866
42440,3395759,CH3,94.381,97.920,-3.539
42440,3395759,CH4,86.633,94.320,-7.687
42440,3395759,CH5,98.935,109.440,-10.505
42440,3395759,CH6,123.529,133.200,-9.671
42441,3395839,CH1,112.805,100.800,12.005
42441,3395839,CH2,100.324,93.120,7.204
42441,3395839,CH3,98.525,96.480,2.045
42441,3395839,CH4,83.056,86.160,-3.104
42441,3395839,CH5,87.916,96.720,-8.804
42441,3395839,CH6,108.423,120.240,-11.817
42442,3395919,CH1,125.055,113.760,11.295
42442,3395919,CH2,113.610,104.400,9.210
42442,3395919,CH3,108.723,101.280,7.443
42442,3395919,CH4,87.685,84.240,3.445
42442,3395919,CH5,84.281,86.160,-1.879
42442,3395919,CH6,96.820,105.840,-9.020
42443,3396008,CH1,129.734,122.880,6.854
42443,3396008,CH2,124.251,114.960,9.291
42443,3396008,CH3,121.079,110.640,10.439
42443,3396008,CH4,98.751,89.520,9.231
42443,3396008,CH5,89.417,84.480,4.937
42443,3396008,CH6,93.151,94.800,-1.649
42444,3396079,CH1,129.734,122.880,6.854
42444,3396079,CH2,124.251,114.960,9.291
42444,3396079,CH3,121.079,110.640,10.439
42444,3396079,CH4,98.751,89.520,9.231
42444,3396079,CH5,89.417,84.480,4.937
42444,3396079,CH6,93.151,94.800,-1.649
42445,3396159,CH1,125.055,125.040,0.015
42445,3396159,CH2,128.181,123.120,5.061
42445,3396159,CH3,130.873,121.200,9.673
42445,3396159,CH4,112.027,100.080,11.947
42445,3396159,CH5,101.363,89.760,11.603
42445,3396159,CH6,98.817,94.080,4.737
42446,3396239,CH1,112.805,121.200,-8.395
42446,3396239,CH2,123.900,124.800,-0.900
42446,3396239,CH3,134.365,129.600,4.765
42446,3396239,CH4,122.442,112.800,9.642
42446,3396239,CH5,115.556,101.760,13.796
42446,3396239,CH6,111.655,100.560,11.095
42447,3396319,CH1,97.663,109.680,-12.017
42447,3396319,CH2,113.042,120.000,-6.958
42447,3396319,CH3,130.221,131.520,-1.299
42447,3396319,CH4,126.019,122.160,3.859
42447,3396319,CH5,126.574,115.440,11.134
42447,3396319,CH6,126.760,113.520,13.240
42448,3396408,CH1,97.663,109.680,-12.017
42448,3396408,CH2,113.042,120.000,-6.958
42448,3396408,CH3,130.221,131.520,-1.299
42448,3396408,CH4,126.019,122.160,3.859
42448,3396408,CH5,126.574,115.440,11.134
42448,3396408,CH6,126.760,113.520,13.240
42449,3396479,CH1,85.413,96.240,-10.827
42449,3396479,CH2,99.756,109.440,-9.684
42449,3396479,CH3,120.023,126.480,-6.457
42449,3396479,CH4,121.390,124.560,-3.170
42449,3396479,CH5,130.210,127.680,2.530
42449,3396479,CH6,138.364,127.920,10.444
42450,3396559,CH1,80.734,86.880,-6.146
42450,3396559,CH2,89.115,97.680,-8.565
42450,3396559,CH3,107.667,117.360,-9.693
42450,3396559,CH4,110.324,118.560,-8.236
42450,3396559,CH5,125.074,129.120,-4.046
42450,3396559,CH6,142.033,139.440,2.593
42451,3396639,CH1,80.734,86.880,-6.146
42451,3396639,CH2,89.115,97.680,-8.565
42451,3396639,CH3,107.667,117.360,-9.693
42451,3396639,CH4,110.324,118.560,-8.236
42451,3396639,CH5,125.074,129.120,-4.046
42451,3396639,CH6,142.033,139.440,2.593
42452,3396719,CH1,85.413,84.720,0.693
42452,3396719,CH2,85.185,88.800,-3.615
42452,3396719,CH3,97.872,105.600,-7.728
42452,3396719,CH4,97.048,106.800,-9.752
42452,3396719,CH5,113.128,121.920,-8.792
42452,3396719,CH6,136.366,140.160,-3.794
42453,3396808,CH1,97.663,88.560,9.103
42453,3396808,CH2,89.466,87.360,2.106
42453,3396808,CH3,94.381,97.920,-3.539
42453,3396808,CH4,86.633,94.320,-7.687
42453,3396808,CH5,98.935,110.160,-11.225
42453,3396808,CH6,123.529,133.200,-9.671
42454,3396879,CH1,112.805,100.080,12.725
42454,3396879,CH2,100.324,92.880,7.444
42454,3396879,CH3,98.525,96.000,2.525
42454,3396879,CH4,83.056,86.160,-3.104
42454,3396879,CH5,87.916,97.200,-9.284
42454,3396879,CH6,108.423,121.200,-12.777
42455,3396959,CH1,112.805,100.080,12.725
42455,3396959,CH2,100.324,92.880,7.444
42455,3396959,CH3,98.525,96.000,2.525
42455,3396959,CH4,83.056,86.160,-3.104
42455,3396959,CH5,87.916,97.200,-9.284
42455,3396959,CH6,108.423,121.200,-12.777
42456,3397039,CH1,125.055,113.520,11.535
42456,3397039,CH2,113.610,103.680,9.930
42456,3397039,CH3,108.723,100.560,8.163
42456,3397039,CH4,87.685,84.240,3.445
42456,3397039,CH5,84.281,86.400,-2.119
42456,3397039,CH6,96.820,106.560,-9.740
42457,3397119,CH1,129.734,122.880,6.854
42457,3397119,CH2,124.251,114.720,9.531
42457,3397119,CH3,121.079,110.160,10.919
42457,3397119,CH4,98.751,88.800,9.951
42457,3397119,CH5,89.417,83.760,5.657
42457,3397119,CH6,93.151,95.280,-2.129
42458,3397208,CH1,129.734,122.880,6.854
42458,3397208,CH2,124.251,114.720,9.531
42458,3397208,CH3,121.079,110.160,10.919
42458,3397208,CH4,98.751,88.800,9.951
42458,3397208,CH5,89.417,83.760,5.657
42458,3397208,CH6,93.151,95.280,-2.129
42459,3397279,CH1,125.055,124.800,0.255
42459,3397279,CH2,128.181,123.360,4.821
42459,3397279,CH3,130.873,120.960,9.913
42459,3397279,CH4,112.027,99.360,12.667
42459,3397279,CH5,101.363,89.520,11.843
42459,3397279,CH6,98.817,94.080,4.737
42460,3397359,CH1,112.805,120.960,-8.155
42460,3397359,CH2,123.900,125.040,-1.140
42460,3397359,CH3,134.365,129.840,4.525
42460,3397359,CH4,122.442,113.040,9.402
42460,3397359,CH5,115.556,102.480,13.076
42460,3397359,CH6,111.655,100.800,10.855
42461,3397439,CH1,97.663,109.440,-11.777
42461,3397439,CH2,113.042,120.000,-6.958
42461,3397439,CH3,130.221,131.040,-0.819
42461,3397439,CH4,126.019,122.400,3.619
42461,3397439,CH5,126.574,116.160,10.414
42461,3397439,CH6,126.760,114.000,12.760
42462,3397519,CH1,97.663,109.440,-11.777
42462,3397519,CH2,113.042,120.000,-6.958
42462,3397519,CH3,130.221,131.040,-0.819
42462,3397519,CH4,126.019,122.400,3.619
42462,3397519,CH5,126.574,116.160,10.414
42462,3397519,CH6,126.760,114.000,12.760
42463,3397608,CH1,85.413,95.520,-10.107
42463,3397608,CH2,99.756,108.720,-8.964
42463,3397608,CH3,120.023,126.960,-6.937
42463,3397608,CH4,121.390,124.800,-3.410
42463,3397608,CH5,130.210,127.680,2.530
42463,3397608,CH6,138.364,128.400,9.964
42464,3397679,CH1,80.734,86.640,-5.906
42464,3397679,CH2,89.115,97.440,-8.325
42464,3397679,CH3,107.667,117.120,-9.453
42464,3397679,CH4,110.324,118.800,-8.476
42464,3397679,CH5,125.074,129.360,-4.286
42464,3397679,CH6,142.033,139.440,2.593
42465,3397759,CH1,80.734,86.640,-5.906
42465,3397759,CH2,89.115,97.440,-8.325
42465,3397759,CH3,107.667,117.120,-9.453
42465,3397759,CH4,110.324,118.800,-8.476
42465,3397759,CH5,125.074,129.360,-4.286
42465,3397759,CH6,142.033,139.440,2.593
42466,3397839,CH1,85.413,84.720,0.693
42466,3397839,CH2,85.185,88.800,-3.615
42466,3397839,CH3,97.872,105.360,-7.488
42466,3397839,CH4,97.048,107.280,-10.232
42466,3397839,CH5,113.128,121.680,-8.552
42466,3397839,CH6,136.366,140.160,-3.794
42467,3397919,CH1,97.663,88.560,9.103
42467,3397919,CH2,89.466,87.360,2.106
42467,3397919,CH3,94.381,98.160,-3.779
42467,3397919,CH4,86.633,94.320,-7.687
42467,3397919,CH5,98.935,109.440,-10.505
42467,3397919,CH6,123.529,132.720,-9.191
42468,3398008,CH1,112.805,100.800,12.005
42468,3398008,CH2,100.324,93.120,7.204
42468,3398008,CH3,98.525,96.480,2.045
42468,3398008,CH4,83.056,85.680,-2.624
42468,3398008,CH5,87.916,96.480,-8.564
42468,3398008,CH6,108.423,120.000,-11.577
42469,3398079,CH1,112.805,100.800,12.005
42469,3398079,CH2,100.324,93.120,7.204
42469,3398079,CH3,98.525,96.480,2.045
42469,3398079,CH4,83.056,85.680,-2.624
42469,3398079,CH5,87.916,96.480,-8.564
42469,3398079,CH6,108.423,120.000,-11.577
42470,3398159,CH1,125.055,114.000,11.055
42470,3398159,CH2,113.610,103.440,10.170
42470,3398159,CH3,108.723,101.040,7.683
42470,3398159,CH4,87.685,83.520,4.165
42470,3398159,CH5,84.281,85.920,-1.639
42470,3398159,CH6,96.820,106.560,-9.740
42471,3398239,CH1,129.734,122.640,7.094
42471,3398239,CH2,124.251,114.720,9.531
42471,3398239,CH3,121.079,109.920,11.159
42471,3398239,CH4,98.751,88.560,10.191
42471,3398239,CH5,89.417,83.760,5.657
42471,3398239,CH6,93.151,95.520,-2.369
42472,3398319,CH1,125.055,124.800,0.255
42472,3398319,CH2,128.181,123.120,5.061
42472,3398319,CH3,130.873,121.200,9.673
42472,3398319,CH4,112.027,99.840,12.187
42472,3398319,CH5,101.363,90.240,11.123
42472,3398319,CH6,98.817,94.080,4.737
42473,3398408,CH1,125.055,124.800,0.255
42473,3398408,CH2,128.181,123.120,5.061
42473,3398408,CH3,130.873,121.200,9.673
42473,3398408,CH4,112.027,99.840,12.187
42473,3398408,CH5,101.363,90.240,11.123
42473,3398408,CH6,98.817,94.080,4.737
42474,3398479,CH1,112.805,121.440,-8.635
42474,3398479,CH2,123.900,124.800,-0.900
42474,3398479,CH3,134.365,129.600,4.765
42474,3398479,CH4,122.442,112.800,9.642
42474,3398479,CH5,115.556,102.240,13.316
42474,3398479,CH6,111.655,100.560,11.095
42475,3398559,CH1,97.663,109.680,-12.017
42475,3398559,CH2,113.042,120.000,-6.958
42475,3398559,CH3,130.221,131.280,-1.059
42475,3398559,CH4,126.019,122.640,3.379
42475,3398559,CH5,126.574,116.160,10.414
42475,3398559,CH6,126.760,113.760,13.000
42476,3398639,CH1,97.663,109.680,-12.017
42476,3398639,CH2,113.042,120.000,-6.958
42476,3398639,CH3,130.221,131.280,-1.059
42476,3398639,CH4,126.019,122.640,3.379
42476,3398639,CH5,126.574,116.160,10.414
42476,3398639,CH6,126.760,113.760,13.000
42477,3398719,CH1,85.413,96.240,-10.827
42477,3398719,CH2,99.756,109.440,-9.684
42477,3398719,CH3,120.023,126.960,-6.937
42477,3398719,CH4,121.390,124.800,-3.410
42477,3398719,CH5,130.210,127.680,2.530
42477,3398719,CH6,138.364,127.440,10.924
42478,3398808,CH1,80.734,86.640,-5.906
42478,3398808,CH2,89.115,96.960,-7.845
42478,3398808,CH3,107.667,117.360,-9.693
42478,3398808,CH4,110.324,118.560,-8.236
42478,3398808,CH5,125.074,129.600,-4.526
42478,3398808,CH6,142.033,139.440,2.593
42479,3398879,CH1,85.413,84.960,0.453
42479,3398879,CH2,85.185,88.800,-3.615
42479,3398879,CH3,97.872,105.360,-7.488
42479,3398879,CH4,97.048,107.040,-9.992
42479,3398879,CH5,113.128,122.160,-9.032
42479,3398879,CH6,136.366,140.400,-4.034
42480,3398959,CH1,85.413,84.960,0.453
42480,3398959,CH2,85.185,88.800,-3.615
42480,3398959,CH3,97.872,105.360,-7.488
42480,3398959,CH4,97.048,107.040,-9.992
42480,3398959,CH5,113.128,122.160,-9.032
42480,3398959,CH6,136.366,140.400,-4.034
42481,3399039,CH1,97.663,88.080,9.583
42481,3399039,CH2,89.466,87.360,2.106
42481,3399039,CH3,94.381,97.920,-3.539
42481,3399039,CH4,86.633,94.080,-7.447
42481,3399039,CH5,98.935,109.440,-10.505
42481,3399039,CH6,123.529,133.200,-9.671
42482,3399119,CH1,112.805,100.080,12.725
42482,3399119,CH2,100.324,92.640,7.684
42482,3399119,CH3,98.525,96.240,2.285
42482,3399119,CH4,83.056,85.680,-2.624
42482,3399119,CH5,87.916,96.480,-8.564
42482,3399119,CH6,108.423,120.720,-12.297
42483,3399207,CH1,112.805,100.080,12.725
42483,3399207,CH2,100.324,92.640,7.684
42483,3399207,CH3,98.525,96.240,2.285
42483,3399207,CH4,83.056,85.680,-2.624
42483,3399207,CH5,87.916,96.480,-8.564
42483,3399207,CH6,108.423,120.720,-12.297
42484,3399279,CH1,125.055,114.480,10.575
42484,3399279,CH2,113.610,103.680,9.930
42484,3399279,CH3,108.723,100.560,8.163
42484,3399279,CH4,87.685,84.000,3.685
42484,3399279,CH5,84.281,85.920,-1.639
42484,3399279,CH6,96.820,107.280,-10.460
42485,3399359,CH1,129.734,122.880,6.854
42485,3399359,CH2,124.251,114.960,9.291
42485,3399359,CH3,121.079,110.640,10.439
42485,3399359,CH4,98.751,89.040,9.711
42485,3399359,CH5,89.417,84.000,5.417
42485,3399359,CH6,93.151,94.560,-1.409
42486,3399439,CH1,125.055,124.800,0.255
42486,3399439,CH2,128.181,123.120,5.061
42486,3399439,CH3,130.873,121.200,9.673
42486,3399439,CH4,112.027,100.560,11.467
42486,3399439,CH5,101.363,90.480,10.883
42486,3399439,CH6,98.817,93.840,4.977
42487,3399519,CH1,125.055,124.800,0.255
42487,3399519,CH2,128.181,123.120,5.061
42487,3399519,CH3,130.873,121.200,9.673
42487,3399519,CH4,112.027,100.560,11.467
42487,3399519,CH5,101.363,90.480,10.883
42487,3399519,CH6,98.817,93.840,4.977
42488,3399608,CH1,112.805,121.200,-8.395
42488,3399608,CH2,123.900,125.040,-1.140
42488,3399608,CH3,134.365,129.600,4.765
42488,3399608,CH4,122.442,113.280,9.162
42488,3399608,CH5,115.556,103.440,12.116
42488,3399608,CH6,111.655,96.000,15.655
42489,3399679,CH1,97.663,109.680,-12.017
42489,3399679,CH2,113.042,120.240,-7.198
42489,3399679,CH3,130.221,131.520,-1.299
42489,3399679,CH4,126.019,123.600,2.419
42489,3399679,CH5,126.574,116.400,10.174
42489,3399679,CH6,126.760,104.400,22.360
42490,3399759,CH1,97.663,109.680,-12.017
42490,3399759,CH2,113.042,120.240,-7.198
42490,3399759,CH3,130.221,131.520,-1.299
42490,3399759,CH4,126.019,123.600,2.419
42490,3399759,CH5,126.574,116.400,10.174
42490,3399759,CH6,126.760,104.400,22.360
42491,3399839,CH1,85.413,96.480,-11.067
42491,3399839,CH2,99.756,109.440,-9.684
42491,3399839,CH3,120.023,127.440,-7.417
42491,3399839,CH4,121.390,125.280,-3.890
42491,3399839,CH5,130.210,126.960,3.250
42491,3399839,CH6,138.364,121.920,16.444
42492,3399919,CH1,80.734,87.360,-6.626
42492,3399919,CH2,89.115,97.920,-8.805
42492,3399919,CH3,107.667,117.120,-9.453
42492,3399919,CH4,110.324,118.800,-8.476
42492,3399919,CH5,125.074,129.360,-4.286
42492,3399919,CH6,142.033,138.000,4.033
42493,3400008,CH1,85.413,84.720,0.693
42493,3400008,CH2,85.185,88.800,-3.615
42493,3400008,CH3,97.872,105.360,-7.488
42493,3400008,CH4,97.048,107.040,-9.992
42493,3400008,CH5,113.128,122.160,-9.032
42493,3400008,CH6,136.366,140.640,-4.274
42494,3400079,CH1,85.413,84.720,0.693
42494,3400079,CH2,85.185,88.800,-3.615
42494,3400079,CH3,97.872,105.360,-7.488
42494,3400079,CH4,97.048,107.040,-9.992
42494,3400079,CH5,113.128,122.160,-9.032
42494,3400079,CH6,136.366,140.640,-4.274
42495,3400159,CH1,97.663,88.560,9.103
42495,3400159,CH2,89.466,87.120,2.346
42495,3400159,CH3,94.381,97.920,-3.539
42495,3400159,CH4,86.633,94.320,-7.687
42495,3400159,CH5,98.935,109.680,-10.745
42495,3400159,CH6,123.529,132.960,-9.431
42496,3400239,CH1,112.805,100.080,12.725
42496,3400239,CH2,100.324,92.400,7.924
42496,3400239,CH3,98.525,96.480,2.045
42496,3400239,CH4,83.056,86.160,-3.104
42496,3400239,CH5,87.916,96.720,-8.804
42496,3400239,CH6,108.423,120.240,-11.817
42497,3400319,CH1,125.055,114.240,10.815
42497,3400319,CH2,113.610,104.160,9.450
42497,3400319,CH3,108.723,101.040,7.683
42497,3400319,CH4,87.685,84.000,3.685
42497,3400319,CH5,84.281,86.400,-2.119
42497,3400319,CH6,96.820,106.080,-9.260
42498,3400408,CH1,125.055,114.240,10.815
42498,3400408,CH2,113.610,104.160,9.450
42498,3400408,CH3,108.723,101.040,7.683
42498,3400408,CH4,87.685,84.000,3.685
42498,3400408,CH5,84.281,86.400,-2.119
42498,3400408,CH6,96.820,106.080,-9.260
42499,3400561,CH1,129.734,122.880,6.854
42499,3400561,CH2,124.251,114.720,9.531
42499,3400561,CH3,121.079,110.640,10.439
42499,3400561,CH4,98.751,89.040,9.711
42499,3400561,CH5,89.417,84.000,5.417
42499,3400561,CH6,93.151,94.320,-1.169
42500,3400566,CH1,125.055,125.040,0.015
42500,3400566,CH2,128.181,123.120,5.061
42500,3400566,CH3,130.873,121.200,9.673
42500,3400566,CH4,112.027,99.840,12.187
42500,3400566,CH5,101.363,90.480,10.883
42500,3400566,CH6,98.817,93.600,5.217
42501,3400639,CH1,125.055,125.040,0.015
42501,3400639,CH2,128.181,123.120,5.061
42501,3400639,CH3,130.873,121.200,9.673
42501,3400639,CH4,112.027,99.840,12.187
42501,3400639,CH5,101.363,90.480,10.883
42501,3400639,CH6,98.817,93.600,5.217
42502,3400719,CH1,112.805,120.960,-8.155
42502,3400719,CH2,123.900,124.800,-0.900
42502,3400719,CH3,134.365,129.600,4.765
42502,3400719,CH4,122.442,112.800,9.642
42502,3400719,CH5,115.556,102.000,13.556
42502,3400719,CH6,111.655,100.320,11.335
42503,3400808,CH1,97.663,109.680,-12.017
42503,3400808,CH2,113.042,120.480,-7.438
42503,3400808,CH3,130.221,131.040,-0.819
42503,3400808,CH4,126.019,122.160,3.859
42503,3400808,CH5,126.574,115.680,10.894
42503,3400808,CH6,126.760,113.280,13.480
42504,3400879,CH1,85.413,96.240,-10.827
42504,3400879,CH2,99.756,109.680,-9.924
42504,3400879,CH3,120.023,127.200,-7.177
42504,3400879,CH4,121.390,124.560,-3.170
42504,3400879,CH5,130.210,127.920,2.290
42504,3400879,CH6,138.364,127.920,10.444
42505,3400959,CH1,85.413,96.240,-10.827
42505,3400959,CH2,99.756,109.680,-9.924
42505,3400959,CH3,120.023,127.200,-7.177
42505,3400959,CH4,121.390,124.560,-3.170
42505,3400959,CH5,130.210,127.920,2.290
42505,3400959,CH6,138.364,127.920,10.444
42506,3401039,CH1,80.734,86.640,-5.906
42506,3401039,CH2,89.115,97.200,-8.085
42506,3401039,CH3,107.667,117.360,-9.693
42506,3401039,CH4,110.324,118.320,-7.996
42506,3401039,CH5,125.074,129.600,-4.526
42506,3401039,CH6,142.033,138.960,3.073
42507,3401119,CH1,85.413,84.720,0.693
42507,3401119,CH2,85.185,88.800,-3.615
42507,3401119,CH3,97.872,105.360,-7.488
42507,3401119,CH4,97.048,107.040,-9.992
42507,3401119,CH5,113.128,122.400,-9.272
42507,3401119,CH6,136.366,140.160,-3.794
42508,3401208,CH1,85.413,84.720,0.693
42508,3401208,CH2,85.185,88.800,-3.615
42508,3401208,CH3,97.872,105.360,-7.488
42508,3401208,CH4,97.048,107.040,-9.992
42508,3401208,CH5,113.128,122.400,-9.272
42508,3401208,CH6,136.366,140.160,-3.794
42509,3401279,CH1,97.663,88.320,9.343
42509,3401279,CH2,89.466,87.120,2.346
42509,3401279,CH3,94.381,97.680,-3.299
42509,3401279,CH4,86.633,94.080,-7.447
42509,3401279,CH5,98.935,109.920,-10.985
42509,3401279,CH6,123.529,132.720,-9.191
42510,3401359,CH1,112.805,100.320,12.485
42510,3401359,CH2,100.324,92.880,7.444
42510,3401359,CH3,98.525,96.240,2.285
42510,3401359,CH4,83.056,85.440,-2.384
42510,3401359,CH5,87.916,96.720,-8.804
42510,3401359,CH6,108.423,119.760,-11.337
42511,3401439,CH1,125.055,114.000,11.055
42511,3401439,CH2,113.610,103.680,9.930
42511,3401439,CH3,108.723,100.800,7.923
42511,3401439,CH4,87.685,84.000,3.685
42511,3401439,CH5,84.281,86.160,-1.879
42511,3401439,CH6,96.820,105.840,-9.020
42512,3401519,CH1,125.055,114.000,11.055
42512,3401519,CH2,113.610,103.680,9.930
42512,3401519,CH3,108.723,100.800,7.923
42512,3401519,CH4,87.685,84.000,3.685
42512,3401519,CH5,84.281,86.160,-1.879
42512,3401519,CH6,96.820,105.840,-9.020
42513,3401608,CH1,129.734,122.880,6.854
42513,3401608,CH2,124.251,114.720,9.531
42513,3401608,CH3,121.079,110.400,10.679
42513,3401608,CH4,98.751,88.560,10.191
42513,3401608,CH5,89.417,84.000,5.417
42513,3401608,CH6,93.151,95.040,-1.889
42514,3401679,CH1,125.055,124.800,0.255
42514,3401679,CH2,128.181,123.120,5.061
42514,3401679,CH3,130.873,121.440,9.433
42514,3401679,CH4,112.027,99.840,12.187
42514,3401679,CH5,101.363,90.480,10.883
42514,3401679,CH6,98.817,94.320,4.497
42515,3401759,CH1,125.055,124.800,0.255
42515,3401759,CH2,128.181,123.120,5.061
42515,3401759,CH3,130.873,121.440,9.433
42515,3401759,CH4,112.027,99.840,12.187
42515,3401759,CH5,101.363,90.480,10.883
42515,3401759,CH6,98.817,94.320,4.497
42516,3401839,CH1,112.805,120.960,-8.155
42516,3401839,CH2,123.900,125.280,-1.380
42516,3401839,CH3,134.365,130.080,4.285
42516,3401839,CH4,122.442,112.800,9.642
42516,3401839,CH5,115.556,102.240,13.316
42516,3401839,CH6,111.655,100.560,11.095
42517,3401919,CH1,97.663,109.680,-12.017
42517,3401919,CH2,113.042,120.000,-6.958
42517,3401919,CH3,130.221,131.520,-1.299
42517,3401919,CH4,126.019,122.160,3.859
42517,3401919,CH5,126.574,115.680,10.894
42517,3401919,CH6,126.760,113.760,13.000
42518,3402008,CH1,85.413,96.240,-10.827
42518,3402008,CH2,99.756,109.440,-9.684
42518,3402008,CH3,120.023,126.720,-6.697
42518,3402008,CH4,121.390,124.800,-3.410
42518,3402008,CH5,130.210,127.920,2.290
42518,3402008,CH6,138.364,128.160,10.204
42519,3402079,CH1,85.413,96.240,-10.827
42519,3402079,CH2,99.756,109.440,-9.684
42519,3402079,CH3,120.023,126.720,-6.697
42519,3402079,CH4,121.390,124.800,-3.410
42519,3402079,CH5,130.210,127.920,2.290
42519,3402079,CH6,138.364,128.160,10.204
42520,3402159,CH1,80.734,86.880,-6.146
42520,3402159,CH2,89.115,97.680,-8.565
42520,3402159,CH3,107.667,117.360,-9.693
42520,3402159,CH4,110.324,118.800,-8.476
42520,3402159,CH5,125.074,129.360,-4.286
42520,3402159,CH6,142.033,139.440,2.593
42521,3402239,CH1,85.413,84.720,0.693
42521,3402239,CH2,85.185,88.800,-3.615
42521,3402239,CH3,97.872,105.840,-7.968
42521,3402239,CH4,97.048,107.280,-10.232
42521,3402239,CH5,113.128,121.680,-8.552
42521,3402239,CH6,136.366,140.400,-4.034
42522,3402319,CH1,97.663,88.320,9.343
42522,3402319,CH2,89.466,87.360,2.106
42522,3402319,CH3,94.381,98.400,-4.019
42522,3402319,CH4,86.633,94.560,-7.927
42522,3402319,CH5,98.935,109.680,-10.745
42522,3402319,CH6,123.529,132.480,-8.951
42523,3402408,CH1,97.663,88.320,9.343
42523,3402408,CH2,89.466,87.360,2.106
42523,3402408,CH3,94.381,98.400,-4.019
42523,3402408,CH4,86.633,94.560,-7.927
42523,3402408,CH5,98.935,109.680,-10.745
42523,3402408,CH6,123.529,132.480,-8.951
42524,3402479,CH1,112.805,100.320,12.485
42524,3402479,CH2,100.324,93.120,7.204
42524,3402479,CH3,98.525,96.480,2.045
42524,3402479,CH4,83.056,86.160,-3.104
42524,3402479,CH5,87.916,96.720,-8.804
42524,3402479,CH6,108.423,120.000,-11.577
42525,3402559,CH1,125.055,113.760,11.295
42525,3402559,CH2,113.610,103.680,9.930
42525,3402559,CH3,108.723,100.800,7.923
42525,3402559,CH4,87.685,84.000,3.685
42525,3402559,CH5,84.281,85.920,-1.639
42525,3402559,CH6,96.820,106.320,-9.500
42526,3402639,CH1,125.055,113.760,11.295
42526,3402639,CH2,113.610,103.680,9.930
42526,3402639,CH3,108.723,100.800,7.923
42526,3402639,CH4,87.685,84.000,3.685
42526,3402639,CH5,84.281,85.920,-1.639
42526,3402639,CH6,96.820,106.320,-9.500
42527,3402719,CH1,129.734,122.880,6.854
42527,3402719,CH2,124.251,114.720,9.531
42527,3402719,CH3,121.079,110.640,10.439
42527,3402719,CH4,98.751,88.800,9.951
42527,3402719,CH5,89.417,84.000,5.417
42527,3402719,CH6,93.151,95.280,-2.129
42528,3402807,CH1,125.055,124.800,0.255
42528,3402807,CH2,128.181,123.360,4.821
42528,3402807,CH3,130.873,121.200,9.673
42528,3402807,CH4,112.027,99.840,12.187
42528,3402807,CH5,101.363,90.240,11.123
42528,3402807,CH6,98.817,94.560,4.257
42529,3402879,CH1,112.805,120.960,-8.155
42529,3402879,CH2,123.900,124.560,-0.660
42529,3402879,CH3,134.365,129.120,5.245
42529,3402879,CH4,122.442,113.760,8.682
42529,3402879,CH5,115.556,102.480,13.076
42529,3402879,CH6,111.655,100.560,11.095
42530,3402959,CH1,112.805,120.960,-8.155
42530,3402959,CH2,123.900,124.560,-0.660
42530,3402959,CH3,134.365,129.120,5.245
42530,3402959,CH4,122.442,113.760,8.682
42530,3402959,CH5,115.556,102.480,13.076
42530,3402959,CH6,111.655,100.560,11.095
42531,3403039,CH1,97.663,109.680,-12.017
42531,3403039,CH2,113.042,120.240,-7.198
42531,3403039,CH3,130.221,131.280,-1.059
42531,3403039,CH4,126.019,122.400,3.619
42531,3403039,CH5,126.574,116.160,10.414
42531,3403039,CH6,126.760,113.760,13.000
42532,3403119,CH1,85.413,96.000,-10.587
42532,3403119,CH2,99.756,109.440,-9.684
42532,3403119,CH3,120.023,126.960,-6.937
42532,3403119,CH4,121.390,124.560,-3.170
42532,3403119,CH5,130.210,127.920,2.290
42532,3403119,CH6,138.364,128.160,10.204
42533,3403207,CH1,85.413,96.000,-10.587
42533,3403207,CH2,99.756,109.440,-9.684
42533,3403207,CH3,120.023,126.960,-6.937
42533,3403207,CH4,121.390,124.560,-3.170
42533,3403207,CH5,130.210,127.920,2.290
42533,3403207,CH6,138.364,128.160,10.204
42534,3403279,CH1,80.734,86.640,-5.906
42534,3403279,CH2,89.115,97.200,-8.085
42534,3403279,CH3,107.667,117.120,-9.453
42534,3403279,CH4,110.324,118.560,-8.236
42534,3403279,CH5,125.074,129.360,-4.286
42534,3403279,CH6,142.033,139.680,2.353
42535,3403359,CH1,85.413,84.480,0.933
42535,3403359,CH2,85.185,88.800,-3.615
42535,3403359,CH3,97.872,105.120,-7.248
42535,3403359,CH4,97.048,106.320,-9.272
42535,3403359,CH5,113.128,121.920,-8.792
42535,3403359,CH6,136.366,140.400,-4.034
42536,3403439,CH1,97.663,88.320,9.343
42536,3403439,CH2,89.466,87.360,2.106
42536,3403439,CH3,94.381,97.920,-3.539
42536,3403439,CH4,86.633,94.080,-7.447
42536,3403439,CH5,98.935,109.440,-10.505
42536,3403439,CH6,123.529,132.720,-9.191
42537,3403519,CH1,97.663,88.320,9.343
42537,3403519,CH2,89.466,87.360,2.106
42537,3403519,CH3,94.381,97.920,-3.539
42537,3403519,CH4,86.633,94.080,-7.447
42537,3403519,CH5,98.935,109.440,-10.505
42537,3403519,CH6,123.529,132.720,-9.191
42538,3403607,CH1,112.805,100.080,12.725
42538,3403607,CH2,100.324,92.880,7.444
42538,3403607,CH3,98.525,96.000,2.525
42538,3403607,CH4,83.056,86.160,-3.104
42538,3403607,CH5,87.916,96.720,-8.804
42538,3403607,CH6,108.423,120.000,-11.577
42539,3403679,CH1,125.055,113.760,11.295
42539,3403679,CH2,113.610,103.680,9.930
42539,3403679,CH3,108.723,100.800,7.923
42539,3403679,CH4,87.685,84.000,3.685
42539,3403679,CH5,84.281,86.160,-1.879
42539,3403679,CH6,96.820,105.600,-8.780
42540,3403759,CH1,125.055,113.760,11.295
42540,3403759,CH2,113.610,103.680,9.930
42540,3403759,CH3,108.723,100.800,7.923
42540,3403759,CH4,87.685,84.000,3.685
42540,3403759,CH5,84.281,86.160,-1.879
42540,3403759,CH6,96.820,105.600,-8.780
42541,3403839,CH1,129.734,122.880,6.854
42541,3403839,CH2,124.251,114.720,9.531
42541,3403839,CH3,121.079,110.160,10.919
42541,3403839,CH4,98.751,88.800,9.951
42541,3403839,CH5,89.417,84.000,5.417
42541,3403839,CH6,93.151,94.800,-1.649
42542,3403919,CH1,125.055,124.800,0.255
42542,3403919,CH2,128.181,123.120,5.061
42542,3403919,CH3,130.873,121.440,9.433
42542,3403919,CH4,112.027,99.840,12.187
42542,3403919,CH5,101.363,90.240,11.123
42542,3403919,CH6,98.817,93.840,4.977
42543,3404007,CH1,112.805,121.200,-8.395
42543,3404007,CH2,123.900,125.760,-1.860
42543,3404007,CH3,134.365,130.080,4.285
42543,3404007,CH4,122.442,112.800,9.642
42543,3404007,CH5,115.556,102.000,13.556
42543,3404007,CH6,111.655,100.800,10.855
42544,3404079,CH1,112.805,121.200,-8.395
42544,3404079,CH2,123.900,125.760,-1.860
42544,3404079,CH3,134.365,130.080,4.285
42544,3404079,CH4,122.442,112.800,9.642
42544,3404079,CH5,115.556,102.000,13.556
42544,3404079,CH6,111.655,100.800,10.855
42545,3404159,CH1,97.663,109.680,-12.017
42545,3404159,CH2,113.042,120.480,-7.438
42545,3404159,CH3,130.221,131.520,-1.299
42545,3404159,CH4,126.019,121.920,4.099
42545,3404159,CH5,126.574,115.680,10.894
42545,3404159,CH6,126.760,113.520,13.240
42546,3404239,CH1,85.413,96.240,-10.827
42546,3404239,CH2,99.756,109.680,-9.924
42546,3404239,CH3,120.023,127.440,-7.417
42546,3404239,CH4,121.390,124.560,-3.170
42546,3404239,CH5,130.210,127.680,2.530
42546,3404239,CH6,138.364,127.920,10.444
42547,3404319,CH1,80.734,87.120,-6.386
42547,3404319,CH2,89.115,97.440,-8.325
42547,3404319,CH3,107.667,117.360,-9.693
42547,3404319,CH4,110.324,118.800,-8.476
42547,3404319,CH5,125.074,129.360,-4.286
42547,3404319,CH6,142.033,138.960,3.073
42548,3404408,CH1,80.734,87.120,-6.386
42548,3404408,CH2,89.115,97.440,-8.325
42548,3404408,CH3,107.667,117.360,-9.693
42548,3404408,CH4,110.324,118.800,-8.476
42548,3404408,CH5,125.074,129.360,-4.286
42548,3404408,CH6,142.033,138.960,3.073
42549,3404479,CH1,85.413,84.720,0.693
42549,3404479,CH2,85.185,88.800,-3.615
42549,3404479,CH3,97.872,105.600,-7.728
42549,3404479,CH4,97.048,107.280,-10.232
42549,3404479,CH5,113.128,122.160,-9.032
42549,3404479,CH6,136.366,140.160,-3.794
42550,3404559,CH1,97.663,88.320,9.343
42550,3404559,CH2,89.466,87.360,2.106
42550,3404559,CH3,94.381,97.920,-3.539
42550,3404559,CH4,86.633,94.560,-7.927
42550,3404559,CH5,98.935,109.920,-10.985
42550,3404559,CH6,123.529,132.720,-9.191
42551,3404639,CH1,97.663,88.320,9.343
42551,3404639,CH2,89.466,87.360,2.106
42551,3404639,CH3,94.381,97.920,-3.539
42551,3404639,CH4,86.633,94.560,-7.927
42551,3404639,CH5,98.935,109.920,-10.985
42551,3404639,CH6,123.529,132.720,-9.191
42552,3404719,CH1,112.805,100.080,12.725
42552,3404719,CH2,100.324,92.880,7.444
42552,3404719,CH3,98.525,96.240,2.285
42552,3404719,CH4,83.056,86.160,-3.104
42552,3404719,CH5,87.916,96.720,-8.804
42552,3404719,CH6,108.423,119.520,-11.097
42553,3404807,CH1,125.055,113.520,11.535
42553,3404807,CH2,113.610,103.680,9.930
42553,3404807,CH3,108.723,100.800,7.923
42553,3404807,CH4,87.685,84.000,3.685
42553,3404807,CH5,84.281,86.160,-1.879
42553,3404807,CH6,96.820,105.600,-8.780
42554,3404879,CH1,129.734,123.840,5.894
42554,3404879,CH2,124.251,114.720,9.531
42554,3404879,CH3,121.079,110.640,10.439
42554,3404879,CH4,98.751,88.800,9.951
42554,3404879,CH5,89.417,84.000,5.417
42554,3404879,CH6,93.151,94.560,-1.409
42555,3404959,CH1,129.734,123.840,5.894
42555,3404959,CH2,124.251,114.720,9.531
42555,3404959,CH3,121.079,110.640,10.439
42555,3404959,CH4,98.751,88.800,9.951
42555,3404959,CH5,89.417,84.000,5.417
42555,3404959,CH6,93.151,94.560,-1.409
42556,3405039,CH1,125.055,124.800,0.255
42556,3405039,CH2,128.181,122.880,5.301
42556,3405039,CH3,130.873,120.960,9.913
42556,3405039,CH4,112.027,99.360,12.667
42556,3405039,CH5,101.363,90.720,10.643
42556,3405039,CH6,98.817,94.080,4.737
42557,3405119,CH1,112.805,121.680,-8.875
42557,3405119,CH2,123.900,124.800,-0.900
42557,3405119,CH3,134.365,129.120,5.245
42557,3405119,CH4,122.442,112.800,9.643
42557,3405119,CH5,115.556,101.520,14.036
42557,3405119,CH6,111.655,100.560,11.095
42558,3405207,CH1,112.805,121.680,-8.875
42558,3405207,CH2,123.900,124.800,-0.900
42558,3405207,CH3,134.365,129.120,5.245
42558,3405207,CH4,122.442,112.800,9.643
42558,3405207,CH5,115.556,101.520,14.036
42558,3405207,CH6,111.655,100.560,11.095
42559,3405279,CH1,97.663,109.920,-12.257
42559,3405279,CH2,113.042,120.240,-7.198
42559,3405279,CH3,130.221,131.280,-1.059
42559,3405279,CH4,126.019,121.920,4.099
42559,3405279,CH5,126.574,115.680,10.894
42559,3405279,CH6,126.760,113.520,13.240
42560,3405359,CH1,85.413,96.000,-10.587
42560,3405359,CH2,99.756,108.720,-8.964
42560,3405359,CH3,120.023,127.200,-7.177
42560,3405359,CH4,121.390,124.560,-3.170
42560,3405359,CH5,130.210,127.440,2.770
42560,3405359,CH6,138.364,127.920,10.444
42561,3405439,CH1,80.734,86.880,-6.146
42561,3405439,CH2,89.115,97.440,-8.325
42561,3405439,CH3,107.667,116.880,-9.213
42561,3405439,CH4,110.324,118.800,-8.476
42561,3405439,CH5,125.074,129.360,-4.286
42561,3405439,CH6,142.033,139.200,2.833
42562,3405519,CH1,80.734,86.880,-6.146
42562,3405519,CH2,89.115,97.440,-8.325
42562,3405519,CH3,107.667,116.880,-9.213
42562,3405519,CH4,110.324,118.800,-8.476
42562,3405519,CH5,125.074,129.360,-4.286
42562,3405519,CH6,142.033,139.200,2.833
42563,3405607,CH1,85.413,84.720,0.693
42563,3405607,CH2,85.185,88.800,-3.615
42563,3405607,CH3,97.872,105.600,-7.728
42563,3405607,CH4,97.048,107.040,-9.992
42563,3405607,CH5,113.128,121.920,-8.792
42563,3405607,CH6,136.366,139.920,-3.554
42564,3405679,CH1,97.663,88.320,9.343
42564,3405679,CH2,89.466,87.360,2.106
42564,3405679,CH3,94.381,97.920,-3.539
42564,3405679,CH4,86.633,94.080,-7.447
42564,3405679,CH5,98.935,109.680,-10.745
42564,3405679,CH6,123.529,132.720,-9.191
42565,3405759,CH1,97.663,88.320,9.343
42565,3405759,CH2,89.466,87.360,2.106
42565,3405759,CH3,94.381,97.920,-3.539
42565,3405759,CH4,86.633,94.080,-7.447
42565,3405759,CH5,98.935,109.680,-10.745
42565,3405759,CH6,123.529,132.720,-9.191
42566,3405839,CH1,112.805,100.080,12.725
42566,3405839,CH2,100.324,92.880,7.444
42566,3405839,CH3,98.525,96.480,2.045
42566,3405839,CH4,83.056,85.680,-2.624
42566,3405839,CH5,87.916,96.720,-8.804
42566,3405839,CH6,108.423,120.000,-11.577
42567,3405919,CH1,125.055,113.520,11.535
42567,3405919,CH2,113.610,103.680,9.930
42567,3405919,CH3,108.723,100.800,7.923
42567,3405919,CH4,87.685,84.480,3.205
42567,3405919,CH5,84.281,85.920,-1.639
42567,3405919,CH6,96.820,106.320,-9.500
42568,3406007,CH1,129.734,122.400,7.334
42568,3406007,CH2,124.251,114.960,9.291
42568,3406007,CH3,121.079,110.400,10.679
42568,3406007,CH4,98.751,88.800,9.951
42568,3406007,CH5,89.417,84.000,5.417
42568,3406007,CH6,93.151,94.320,-1.169
42569,3406079,CH1,129.734,122.400,7.334
42569,3406079,CH2,124.251,114.960,9.291
42569,3406079,CH3,121.079,110.400,10.679
42569,3406079,CH4,98.751,88.800,9.951
42569,3406079,CH5,89.417,84.000,5.417
42569,3406079,CH6,93.151,94.320,-1.169
42570,3406159,CH1,125.055,124.800,0.255
42570,3406159,CH2,128.181,123.120,5.061
42570,3406159,CH3,130.873,121.200,9.673
42570,3406159,CH4,112.027,99.840,12.187
42570,3406159,CH5,101.363,90.480,10.883
42570,3406159,CH6,98.817,94.320,4.497
42571,3406239,CH1,112.805,121.200,-8.395
42571,3406239,CH2,123.900,125.040,-1.140
42571,3406239,CH3,134.365,129.600,4.765
42571,3406239,CH4,122.442,112.800,9.643
42571,3406239,CH5,115.556,102.480,13.076
42571,3406239,CH6,111.655,100.800,10.855
42572,3406319,CH1,97.663,109.680,-12.017
42572,3406319,CH2,113.042,120.240,-7.198
42572,3406319,CH3,130.221,131.520,-1.299
42572,3406319,CH4,126.019,122.640,3.379
42572,3406319,CH5,126.574,116.400,10.174
42572,3406319,CH6,126.760,113.760,13.000
42573,3406407,CH1,97.663,109.680,-12.017
42573,3406407,CH2,113.042,120.240,-7.198
42573,3406407,CH3,130.221,131.520,-1.299
42573,3406407,CH4,126.019,122.640,3.379
42573,3406407,CH5,126.574,116.400,10.174
42573,3406407,CH6,126.760,113.760,13.000
42574,3406479,CH1,85.413,96.480,-11.067
42574,3406479,CH2,99.756,109.440,-9.684
42574,3406479,CH3,120.023,127.440,-7.417
42574,3406479,CH4,121.390,124.800,-3.410
42574,3406479,CH5,130.210,127.440,2.770
42574,3406479,CH6,138.364,127.440,10.924
42575,3406559,CH1,80.734,87.120,-6.386
42575,3406559,CH2,89.115,96.960,-7.845
42575,3406559,CH3,107.667,117.120,-9.453
42575,3406559,CH4,110.324,118.560,-8.236
42575,3406559,CH5,125.074,129.360,-4.286
42575,3406559,CH6,142.033,139.440,2.593
42576,3406639,CH1,80.734,87.120,-6.386
42576,3406639,CH2,89.115,96.960,-7.845
42576,3406639,CH3,107.667,117.120,-9.453
42576,3406639,CH4,110.324,118.560,-8.236
42576,3406639,CH5,125.074,129.360,-4.286
42576,3406639,CH6,142.033,139.440,2.593
42577,3406719,CH1,85.413,84.720,0.693
42577,3406719,CH2,85.185,88.800,-3.615
42577,3406719,CH3,97.872,105.600,-7.728
42577,3406719,CH4,97.048,106.320,-9.272
42577,3406719,CH5,113.128,121.920,-8.792
42577,3406719,CH6,136.366,140.400,-4.034
42578,3406807,CH1,97.663,88.320,9.343
42578,3406807,CH2,89.466,87.360,2.106
42578,3406807,CH3,94.381,97.920,-3.539
42578,3406807,CH4,86.633,94.080,-7.447
42578,3406807,CH5,98.935,110.160,-11.225
42578,3406807,CH6,123.529,132.480,-8.951
42579,3406879,CH1,112.805,100.080,12.725
42579,3406879,CH2,100.324,92.880,7.444
42579,3406879,CH3,98.525,96.480,2.045
42579,3406879,CH4,83.056,85.920,-2.864
42579,3406879,CH5,87.916,96.720,-8.804
42579,3406879,CH6,108.423,120.480,-12.057
42580,3406959,CH1,112.805,100.080,12.725
42580,3406959,CH2,100.324,92.880,7.444
42580,3406959,CH3,98.525,96.480,2.045
42580,3406959,CH4,83.056,85.920,-2.864
42580,3406959,CH5,87.916,96.720,-8.804
42580,3406959,CH6,108.423,120.480,-12.057
42581,3407039,CH1,125.055,113.760,11.295
42581,3407039,CH2,113.610,103.920,9.690
42581,3407039,CH3,108.723,101.040,7.683
42581,3407039,CH4,87.685,84.000,3.685
42581,3407039,CH5,84.281,86.160,-1.879
42581,3407039,CH6,96.820,106.320,-9.500
42582,3407119,CH1,129.734,122.880,6.854
42582,3407119,CH2,124.251,114.720,9.531
42582,3407119,CH3,121.079,109.920,11.159
42582,3407119,CH4,98.751,89.040,9.711
42582,3407119,CH5,89.417,84.240,5.177
42582,3407119,CH6,93.151,94.800,-1.649
42583,3407207,CH1,129.734,122.880,6.854
42583,3407207,CH2,124.251,114.720,9.531
42583,3407207,CH3,121.079,109.920,11.159
42583,3407207,CH4,98.751,89.040,9.711
42583,3407207,CH5,89.417,84.240,5.177
42583,3407207,CH6,93.151,94.800,-1.649
42584,3407279,CH1,125.055,125.040,0.015
42584,3407279,CH2,128.181,123.360,4.821
42584,3407279,CH3,130.873,121.200,9.673
42584,3407279,CH4,112.027,99.360,12.667
42584,3407279,CH5,101.363,90.240,11.123
42584,3407279,CH6,98.817,93.600,5.217
42585,3407359,CH1,112.805,121.680,-8.875
42585,3407359,CH2,123.900,124.800,-0.900
42585,3407359,CH3,134.365,129.120,5.245
42585,3407359,CH4,122.442,112.560,9.882
42585,3407359,CH5,115.556,102.240,13.316
42585,3407359,CH6,111.655,101.040,10.615
42586,3407439,CH1,97.663,109.680,-12.017
42586,3407439,CH2,113.042,120.000,-6.958
42586,3407439,CH3,130.221,131.040,-0.819
42586,3407439,CH4,126.019,122.160,3.859
42586,3407439,CH5,126.574,115.680,10.894
42586,3407439,CH6,126.760,114.000,12.760
42587,3407519,CH1,97.663,109.680,-12.017
42587,3407519,CH2,113.042,120.000,-6.958
42587,3407519,CH3,130.221,131.040,-0.819
42587,3407519,CH4,126.019,122.160,3.859
42587,3407519,CH5,126.574,115.680,10.894
42587,3407519,CH6,126.760,114.000,12.760
42588,3407607,CH1,85.413,96.240,-10.827
42588,3407607,CH2,99.756,109.200,-9.444
42588,3407607,CH3,120.023,126.720,-6.697
42588,3407607,CH4,121.390,124.800,-3.410
42588,3407607,CH5,130.210,126.960,3.250
42588,3407607,CH6,138.364,128.400,9.964
42589,3407679,CH1,80.734,87.120,-6.386
42589,3407679,CH2,89.115,97.920,-8.805
42589,3407679,CH3,107.667,117.360,-9.693
42589,3407679,CH4,110.324,118.800,-8.476
42589,3407679,CH5,125.074,129.360,-4.286
42589,3407679,CH6,142.033,139.200,2.833
42590,3407759,CH1,80.734,87.120,-6.386
42590,3407759,CH2,89.115,97.920,-8.805
42590,3407759,CH3,107.667,117.360,-9.693
42590,3407759,CH4,110.324,118.800,-8.476
42590,3407759,CH5,125.074,129.360,-4.286
42590,3407759,CH6,142.033,139.200,2.833
42591,3407839,CH1,85.413,84.720,0.693
42591,3407839,CH2,85.185,89.040,-3.855
42591,3407839,CH3,97.872,105.840,-7.968
42591,3407839,CH4,97.048,107.040,-9.992
42591,3407839,CH5,113.128,121.920,-8.792
42591,3407839,CH6,136.366,140.400,-4.034
42592,3407919,CH1,97.663,88.080,9.583
42592,3407919,CH2,89.466,87.360,2.106
42592,3407919,CH3,94.381,98.160,-3.779
42592,3407919,CH4,86.633,94.320,-7.687
42592,3407919,CH5,98.935,109.920,-10.985
42592,3407919,CH6,123.529,132.720,-9.191
42593,3408007,CH1,112.805,99.840,12.965
42593,3408007,CH2,100.324,92.640,7.684
42593,3408007,CH3,98.525,96.240,2.285
42593,3408007,CH4,83.056,85.920,-2.864
42593,3408007,CH5,87.916,96.720,-8.804
42593,3408007,CH6,108.423,120.000,-11.577
42594,3408079,CH1,112.805,99.840,12.965
42594,3408079,CH2,100.324,92.640,7.684
42594,3408079,CH3,98.525,96.240,2.285
42594,3408079,CH4,83.056,85.920,-2.864
42594,3408079,CH5,87.916,96.720,-8.804
42594,3408079,CH6,108.423,120.000,-11.577
42595,3408159,CH1,125.055,113.520,11.535
42595,3408159,CH2,113.610,103.680,9.930
42595,3408159,CH3,108.723,100.800,7.923
42595,3408159,CH4,87.685,83.520,4.165
42595,3408159,CH5,84.281,86.160,-1.879
42595,3408159,CH6,96.820,106.320,-9.500
42596,3408239,CH1,129.734,122.880,6.854
42596,3408239,CH2,124.251,114.720,9.531
42596,3408239,CH3,121.079,109.920,11.159
42596,3408239,CH4,98.751,88.800,9.951
42596,3408239,CH5,89.417,84.000,5.417
42596,3408239,CH6,93.151,94.800,-1.649
42597,3408319,CH1,125.055,125.040,0.015
42597,3408319,CH2,128.181,123.120,5.061
42597,3408319,CH3,130.873,121.200,9.673
42597,3408319,CH4,112.027,99.840,12.187
42597,3408319,CH5,101.363,90.720,10.643
42597,3408319,CH6,98.817,94.080,4.737
42598,3408407,CH1,125.055,125.040,0.015
42598,3408407,CH2,128.181,123.120,5.061
42598,3408407,CH3,130.873,121.200,9.673
42598,3408407,CH4,112.027,99.840,12.187
42598,3408407,CH5,101.363,90.720,10.643
42598,3408407,CH6,98.817,94.080,4.737
42599,3408479,CH1,112.805,121.440,-8.635
42599,3408479,CH2,123.900,125.040,-1.140
42599,3408479,CH3,134.365,129.600,4.765
42599,3408479,CH4,122.443,113.760,8.683
42599,3408479,CH5,115.556,102.240,13.316
42599,3408479,CH6,111.655,101.040,10.615
42600,3408559,CH1,97.663,109.680,-12.017
42600,3408559,CH2,113.042,120.000,-6.958
42600,3408559,CH3,130.221,131.280,-1.059
42600,3408559,CH4,126.019,122.400,3.619
42600,3408559,CH5,126.574,115.920,10.654
42600,3408559,CH6,126.760,114.240,12.520
42601,3408639,CH1,97.663,109.680,-12.017
42601,3408639,CH2,113.042,120.000,-6.958
42601,3408639,CH3,130.221,131.280,-1.059
42601,3408639,CH4,126.019,122.400,3.619
42601,3408639,CH5,126.574,115.920,10.654
42601,3408639,CH6,126.760,114.240,12.520
42602,3408719,CH1,85.413,96.000,-10.587
42602,3408719,CH2,99.756,109.680,-9.924
42602,3408719,CH3,120.023,127.440,-7.417
42602,3408719,CH4,121.390,124.800,-3.410
42602,3408719,CH5,130.210,127.680,2.530
42602,3408719,CH6,138.364,128.400,9.964
42603,3408807,CH1,80.734,86.880,-6.146
42603,3408807,CH2,89.115,97.440,-8.325
42603,3408807,CH3,107.667,117.600,-9.933
42603,3408807,CH4,110.324,118.800,-8.476
42603,3408807,CH5,125.074,129.600,-4.526
42603,3408807,CH6,142.033,139.440,2.593
42604,3408879,CH1,85.413,84.720,0.693
42604,3408879,CH2,85.185,88.800,-3.615
42604,3408879,CH3,97.872,105.840,-7.968
42604,3408879,CH4,97.048,107.040,-9.992
42604,3408879,CH5,113.128,121.920,-8.792
42604,3408879,CH6,136.366,140.400,-4.034
42605,3408959,CH1,85.413,84.720,0.693
42605,3408959,CH2,85.185,88.800,-3.615
42605,3408959,CH3,97.872,105.840,-7.968
42605,3408959,CH4,97.048,107.040,-9.992
42605,3408959,CH5,113.128,121.920,-8.792
42605,3408959,CH6,136.366,140.400,-4.034
42606,3409039,CH1,97.663,88.320,9.343
42606,3409039,CH2,89.466,87.360,2.106
42606,3409039,CH3,94.381,97.920,-3.539
42606,3409039,CH4,86.633,94.320,-7.687
42606,3409039,CH5,98.935,110.160,-11.225
42606,3409039,CH6,123.529,132.720,-9.191
42607,3409119,CH1,112.805,100.080,12.725
42607,3409119,CH2,100.324,92.880,7.444
42607,3409119,CH3,98.525,96.960,1.565
42607,3409119,CH4,83.056,85.920,-2.864
42607,3409119,CH5,87.916,97.440,-9.524
42607,3409119,CH6,108.423,120.480,-12.057
42608,3409207,CH1,112.805,100.080,12.725
42608,3409207,CH2,100.324,92.880,7.444
42608,3409207,CH3,98.525,96.960,1.565
42608,3409207,CH4,83.056,85.920,-2.864
42608,3409207,CH5,87.916,97.440,-9.524
42608,3409207,CH6,108.423,120.480,-12.057
42609,3409279,CH1,125.055,114.000,11.055
42609,3409279,CH2,113.610,103.680,9.930
42609,3409279,CH3,108.723,100.800,7.923
42609,3409279,CH4,87.685,84.000,3.685
42609,3409279,CH5,84.281,86.160,-1.879
42609,3409279,CH6,96.820,105.840,-9.020
42610,3409359,CH1,129.734,123.120,6.614
42610,3409359,CH2,124.251,114.960,9.291
42610,3409359,CH3,121.079,110.400,10.679
42610,3409359,CH4,98.751,88.800,9.951
42610,3409359,CH5,89.417,83.520,5.897
42610,3409359,CH6,93.151,94.560,-1.409
42611,3409439,CH1,125.055,124.800,0.255
42611,3409439,CH2,128.181,122.880,5.301
42611,3409439,CH3,130.873,120.960,9.913
42611,3409439,CH4,112.027,99.360,12.667
42611,3409439,CH5,101.363,90.240,11.123
42611,3409439,CH6,98.817,94.080,4.737
42612,3409519,CH1,125.055,124.800,0.255
42612,3409519,CH2,128.181,122.880,5.301
42612,3409519,CH3,130.873,120.960,9.913
42612,3409519,CH4,112.027,99.360,12.667
42612,3409519,CH5,101.363,90.240,11.123
42612,3409519,CH6,98.817,94.080,4.737
42613,3409607,CH1,112.805,121.680,-8.875
42613,3409607,CH2,123.900,124.800,-0.900
42613,3409607,CH3,134.365,129.120,5.245
42613,3409607,CH4,122.443,112.560,9.883
42613,3409607,CH5,115.556,101.760,13.796
42613,3409607,CH6,111.655,100.560,11.095
42614,3409679,CH1,97.663,109.920,-12.257
42614,3409679,CH2,113.042,120.000,-6.958
42614,3409679,CH3,130.221,130.800,-0.579
42614,3409679,CH4,126.019,122.160,3.859
42614,3409679,CH5,126.574,115.440,11.134
42614,3409679,CH6,126.760,113.760,13.000
42615,3409759,CH1,97.663,109.920,-12.257
42615,3409759,CH2,113.042,120.000,-6.958
42615,3409759,CH3,130.221,130.800,-0.579
42615,3409759,CH4,126.019,122.160,3.859
42615,3409759,CH5,126.574,115.440,11.134
42615,3409759,CH6,126.760,113.760,13.000
42616,3409839,CH1,85.413,96.240,-10.827
42616,3409839,CH2,99.756,108.960,-9.204
42616,3409839,CH3,120.023,126.960,-6.937
42616,3409839,CH4,121.390,124.560,-3.170
42616,3409839,CH5,130.210,127.440,2.770
42616,3409839,CH6,138.364,128.400,9.964
42617,3409919,CH1,80.734,86.880,-6.146
42617,3409919,CH2,89.115,96.960,-7.845
42617,3409919,CH3,107.667,117.600,-9.933
42617,3409919,CH4,110.324,118.560,-8.236
42617,3409919,CH5,125.074,129.360,-4.286
42617,3409919,CH6,142.033,139.680,2.353
42618,3410007,CH1,85.413,84.720,0.693
42618,3410007,CH2,85.185,89.040,-3.855
42618,3410007,CH3,97.872,105.600,-7.728
42618,3410007,CH4,97.048,107.040,-9.992
42618,3410007,CH5,113.128,121.920,-8.792
42618,3410007,CH6,136.366,140.400,-4.034
42619,3410079,CH1,85.413,84.720,0.693
42619,3410079,CH2,85.185,89.040,-3.855
42619,3410079,CH3,97.872,105.600,-7.728
42619,3410079,CH4,97.048,107.040,-9.992
42619,3410079,CH5,113.128,121.920,-8.792
42619,3410079,CH6,136.366,140.400,-4.034
42620,3410159,CH1,97.663,88.080,9.583
42620,3410159,CH2,89.466,87.360,2.106
42620,3410159,CH3,94.381,97.920,-3.539
42620,3410159,CH4,86.633,93.840,-7.207
42620,3410159,CH5,98.935,109.680,-10.745
42620,3410159,CH6,123.529,132.960,-9.431
42621,3410239,CH1,112.805,100.080,12.725
42621,3410239,CH2,100.324,92.880,7.444
42621,3410239,CH3,98.525,96.240,2.285
42621,3410239,CH4,83.056,85.200,-2.144
42621,3410239,CH5,87.916,96.720,-8.804
42621,3410239,CH6,108.423,120.960,-12.537
42622,3410319,CH1,125.055,113.520,11.535
42622,3410319,CH2,113.610,103.680,9.930
42622,3410319,CH3,108.723,100.320,8.403
42622,3410319,CH4,87.685,83.760,3.925
42622,3410319,CH5,84.281,86.160,-1.879
42622,3410319,CH6,96.820,107.520,-10.700
42623,3410407,CH1,125.055,113.520,11.535
42623,3410407,CH2,113.610,103.680,9.930
42623,3410407,CH3,108.723,100.320,8.403
42623,3410407,CH4,87.685,83.760,3.925
42623,3410407,CH5,84.281,86.160,-1.879
42623,3410407,CH6,96.820,107.520,-10.700
42624,3410479,CH1,129.734,122.640,7.094
42624,3410479,CH2,124.251,114.720,9.531
42624,3410479,CH3,121.079,109.680,11.399
42624,3410479,CH4,98.751,88.800,9.951
42624,3410479,CH5,89.417,84.480,4.937
42624,3410479,CH6,93.151,95.520,-2.369
42625,3410559,CH1,125.055,124.800,0.255
42625,3410559,CH2,128.181,123.120,5.061
42625,3410559,CH3,130.873,121.440,9.433
42625,3410559,CH4,112.027,100.320,11.707
42625,3410559,CH5,101.363,90.720,10.643
42625,3410559,CH6,98.817,94.080,4.737
42626,3410639,CH1,125.055,124.800,0.255
42626,3410639,CH2,128.181,123.120,5.061
42626,3410639,CH3,130.873,121.440,9.433
42626,3410639,CH4,112.027,100.320,11.707
42626,3410639,CH5,101.363,90.720,10.643
42626,3410639,CH6,98.817,94.080,4.737
42627,3410719,CH1,112.805,121.680,-8.875
42627,3410719,CH2,123.900,125.040,-1.140
42627,3410719,CH3,134.365,130.080,4.285
42627,3410719,CH4,122.443,113.040,9.403
42627,3410719,CH5,115.556,102.000,13.556
42627,3410719,CH6,111.655,100.560,11.095
42628,3410807,CH1,97.663,110.160,-12.497
42628,3410807,CH2,113.042,120.240,-7.198
42628,3410807,CH3,130.221,131.520,-1.299
42628,3410807,CH4,126.019,122.640,3.379
42628,3410807,CH5,126.574,115.680,10.894
42628,3410807,CH6,126.760,113.760,13.000
42629,3410879,CH1,85.413,96.480,-11.067
42629,3410879,CH2,99.756,109.440,-9.684
42629,3410879,CH3,120.023,127.680,-7.657
42629,3410879,CH4,121.390,124.800,-3.410
42629,3410879,CH5,130.210,127.920,2.290
42629,3410879,CH6,138.364,127.200,11.164
42630,3410959,CH1,85.413,96.480,-11.067
42630,3410959,CH2,99.756,109.440,-9.684
42630,3410959,CH3,120.023,127.680,-7.657
42630,3410959,CH4,121.390,124.800,-3.410
42630,3410959,CH5,130.210,127.920,2.290
42630,3410959,CH6,138.364,127.200,11.164
42631,3411039,CH1,80.734,87.360,-6.626
42631,3411039,CH2,89.115,97.440,-8.325
42631,3411039,CH3,107.667,117.360,-9.693
42631,3411039,CH4,110.324,118.800,-8.476
42631,3411039,CH5,125.074,129.120,-4.046
42631,3411039,CH6,142.033,139.440,2.593
42632,3411119,CH1,85.413,84.720,0.693
42632,3411119,CH2,85.185,89.040,-3.855
42632,3411119,CH3,97.872,105.600,-7.728
42632,3411119,CH4,97.048,107.040,-9.992
42632,3411119,CH5,113.128,121.920,-8.792
42632,3411119,CH6,136.366,140.400,-4.034
42633,3411207,CH1,97.663,88.560,9.103
42633,3411207,CH2,89.466,87.360,2.106
42633,3411207,CH3,94.381,98.160,-3.779
42633,3411207,CH4,86.633,94.320,-7.687
42633,3411207,CH5,98.935,109.920,-10.985
42633,3411207,CH6,123.529,132.720,-9.191
42634,3411279,CH1,97.663,88.560,9.103
42634,3411279,CH2,89.466,87.360,2.106
42634,3411279,CH3,94.381,98.160,-3.779
42634,3411279,CH4,86.633,94.320,-7.687
42634,3411279,CH5,98.935,109.920,-10.985
42634,3411279,CH6,123.529,132.720,-9.191
42635,3411359,CH1,112.805,100.080,12.725
42635,3411359,CH2,100.324,92.640,7.684
42635,3411359,CH3,98.525,96.720,1.805
42635,3411359,CH4,83.056,85.920,-2.864
42635,3411359,CH5,87.916,96.720,-8.804
42635,3411359,CH6,108.423,120.000,-11.577
42636,3411922,CH1,125.055,114.000,11.055
42636,3411922,CH2,113.610,103.680,9.930
42636,3411922,CH3,108.723,100.320,8.403
42636,3411922,CH4,87.685,84.000,3.685
42636,3411922,CH5,84.281,86.160,-1.879
42636,3411922,CH6,96.820,105.840,-9.020
42643,3412007,CH1,85.413,96.240,-10.827
42643,3412007,CH2,99.756,109.440,-9.684
42643,3412007,CH3,120.023,126.960,-6.937
42643,3412007,CH4,121.390,124.320,-2.930
42643,3412007,CH5,130.210,126.960,3.250
42643,3412007,CH6,138.364,127.680,10.684
42644,3412079,CH1,85.413,96.240,-10.827
42644,3412079,CH2,99.756,109.440,-9.684
42644,3412079,CH3,120.023,126.960,-6.937
42644,3412079,CH4,121.390,124.320,-2.930
42644,3412079,CH5,130.210,126.960,3.250
42644,3412079,CH6,138.364,127.680,10.684
42645,3412159,CH1,80.734,86.880,-6.146
42645,3412159,CH2,89.115,97.200,-8.085
42645,3412159,CH3,107.667,117.360,-9.693
42645,3412159,CH4,110.324,118.800,-8.476
42645,3412159,CH5,125.074,129.360,-4.286
42645,3412159,CH6,142.033,138.960,3.073
42646,3412239,CH1,85.413,84.000,1.413
42646,3412239,CH2,85.185,88.800,-3.615
42646,3412239,CH3,97.872,105.360,-7.488
42646,3412239,CH4,97.048,107.040,-9.992
42646,3412239,CH5,113.128,122.400,-9.272
42646,3412239,CH6,136.366,140.160,-3.794
42647,3412319,CH1,97.663,88.320,9.343
42647,3412319,CH2,89.466,87.360,2.106
42647,3412319,CH3,94.381,97.920,-3.539
42647,3412319,CH4,86.633,94.320,-7.687
42647,3412319,CH5,98.935,109.920,-10.985
42647,3412319,CH6,123.529,132.480,-8.951
42648,3412407,CH1,97.663,88.320,9.343
42648,3412407,CH2,89.466,87.360,2.106
42648,3412407,CH3,94.381,97.920,-3.539
42648,3412407,CH4,86.633,94.320,-7.687
42648,3412407,CH5,98.935,109.920,-10.985
42648,3412407,CH6,123.529,132.480,-8.951
42649,3412479,CH1,112.805,100.320,12.485
42649,3412479,CH2,100.324,92.640,7.684
42649,3412479,CH3,98.525,96.480,2.045
42649,3412479,CH4,83.056,85.920,-2.864
42649,3412479,CH5,87.916,96.720,-8.804
42649,3412479,CH6,108.423,120.240,-11.817
42650,3412559,CH1,125.055,114.000,11.055
42650,3412559,CH2,113.610,103.680,9.930
42650,3412559,CH3,108.723,101.040,7.683
42650,3412559,CH4,87.685,84.240,3.445
42650,3412559,CH5,84.281,85.440,-1.159
42650,3412559,CH6,96.820,106.080,-9.260
42651,3412639,CH1,125.055,114.000,11.055
42651,3412639,CH2,113.610,103.680,9.930
42651,3412639,CH3,108.723,101.040,7.683
42651,3412639,CH4,87.685,84.240,3.445
42651,3412639,CH5,84.281,85.440,-1.159
42651,3412639,CH6,96.820,106.080,-9.260
42652,3412719,CH1,129.734,122.880,6.854
42652,3412719,CH2,124.251,115.200,9.051
42652,3412719,CH3,121.079,110.400,10.679
42652,3412719,CH4,98.751,88.800,9.951
42652,3412719,CH5,89.417,83.520,5.897
42652,3412719,CH6,93.151,94.320,-1.169
42653,3412807,CH1,125.055,124.800,0.255
42653,3412807,CH2,128.181,123.120,5.061
42653,3412807,CH3,130.873,120.960,9.913
42653,3412807,CH4,112.027,99.840,12.187
42653,3412807,CH5,101.363,90.000,11.363
42653,3412807,CH6,98.817,90.000,8.817
42654,3412879,CH1,112.805,121.200,-8.395
42654,3412879,CH2,123.900,125.040,-1.140
42654,3412879,CH3,134.365,129.600,4.765
42654,3412879,CH4,122.443,112.320,10.123
42654,3412879,CH5,115.556,101.760,13.796
42654,3412879,CH6,111.655,100.320,11.335
42655,3412959,CH1,112.805,121.200,-8.395
42655,3412959,CH2,123.900,125.040,-1.140
42655,3412959,CH3,134.365,129.600,4.765
42655,3412959,CH4,122.443,112.320,10.123
42655,3412959,CH5,115.556,101.760,13.796
42655,3412959,CH6,111.655,100.320,11.335
42656,3413039,CH1,97.663,109.680,-12.017
42656,3413039,CH2,113.042,120.240,-7.198
42656,3413039,CH3,130.221,131.520,-1.299
42656,3413039,CH4,126.019,121.920,4.099
42656,3413039,CH5,126.574,115.440,11.134
42656,3413039,CH6,126.760,113.280,13.480
42657,3413119,CH1,85.413,96.000,-10.587
42657,3413119,CH2,99.756,109.440,-9.684
42657,3413119,CH3,120.023,127.200,-7.177
42657,3413119,CH4,121.390,124.800,-3.410
42657,3413119,CH5,130.210,127.680,2.530
42657,3413119,CH6,138.364,128.160,10.204
42658,3413207,CH1,80.734,87.360,-6.626
42658,3413207,CH2,89.115,97.200,-8.085
42658,3413207,CH3,107.667,117.360,-9.693
42658,3413207,CH4,110.324,118.800,-8.476
42658,3413207,CH5,125.074,129.360,-4.286
42658,3413207,CH6,142.033,139.440,2.593
42659,3413279,CH1,80.734,87.360,-6.626
42659,3413279,CH2,89.115,97.200,-8.085
42659,3413279,CH3,107.667,117.360,-9.693
42659,3413279,CH4,110.324,118.800,-8.476
42659,3413279,CH5,125.074,129.360,-4.286
42659,3413279,CH6,142.033,139.440,2.593
42660,3413359,CH1,85.413,85.200,0.213
42660,3413359,CH2,85.185,88.800,-3.615
42660,3413359,CH3,97.872,105.360,-7.488
42660,3413359,CH4,97.048,107.040,-9.992
42660,3413359,CH5,113.128,122.160,-9.032
42660,3413359,CH6,136.366,140.640,-4.274
42661,3413439,CH1,97.663,88.560,9.103
42661,3413439,CH2,89.466,87.360,2.106
42661,3413439,CH3,94.381,98.160,-3.779
42661,3413439,CH4,86.633,94.080,-7.447
42661,3413439,CH5,98.935,109.680,-10.745
42661,3413439,CH6,123.529,132.720,-9.191
42662,3413519,CH1,97.663,88.560,9.103
42662,3413519,CH2,89.466,87.360,2.106
42662,3413519,CH3,94.381,98.160,-3.779
42662,3413519,CH4,86.633,94.080,-7.447
42662,3413519,CH5,98.935,109.680,-10.745
42662,3413519,CH6,123.529,132.720,-9.191
42663,3413607,CH1,112.805,100.800,12.005
42663,3413607,CH2,100.324,92.640,7.684
42663,3413607,CH3,98.525,96.480,2.045
42663,3413607,CH4,83.056,85.920,-2.864
42663,3413607,CH5,87.916,96.960,-9.044
42663,3413607,CH6,108.423,120.720,-12.297
42664,3413679,CH1,125.055,114.480,10.575
42664,3413679,CH2,113.610,103.920,9.690
42664,3413679,CH3,108.723,101.040,7.683
42664,3413679,CH4,87.685,84.240,3.445
42664,3413679,CH5,84.281,85.920,-1.639
42664,3413679,CH6,96.820,106.800,-9.980
42665,3413759,CH1,129.734,122.640,7.094
42665,3413759,CH2,124.251,114.960,9.291
42665,3413759,CH3,121.079,110.400,10.679
42665,3413759,CH4,98.751,88.800,9.951
42665,3413759,CH5,89.417,84.240,5.177
42665,3413759,CH6,93.151,94.560,-1.409
42666,3413839,CH1,129.734,122.640,7.094
42666,3413839,CH2,124.251,114.960,9.291
42666,3413839,CH3,121.079,110.400,10.679
42666,3413839,CH4,98.751,88.800,9.951
42666,3413839,CH5,89.417,84.240,5.177
42666,3413839,CH6,93.151,94.560,-1.409
42667,3413919,CH1,125.055,124.800,0.255
42667,3413919,CH2,128.181,123.120,5.061
42667,3413919,CH3,130.873,121.200,9.673
42667,3413919,CH4,112.027,100.080,11.947
42667,3413919,CH5,101.363,90.000,11.363
42667,3413919,CH6,98.817,93.840,4.977
42668,3414007,CH1,112.805,120.960,-8.155
42668,3414007,CH2,123.900,124.800,-0.900
42668,3414007,CH3,134.365,129.120,5.245
42668,3414007,CH4,122.443,112.560,9.883
42668,3414007,CH5,115.556,101.760,13.796
42668,3414007,CH6,111.655,99.600,12.055
42669,3414079,CH1,97.663,109.680,-12.017
42669,3414079,CH2,113.042,120.000,-6.958
42669,3414079,CH3,130.221,131.040,-0.819
42669,3414079,CH4,126.019,121.920,4.099
42669,3414079,CH5,126.574,114.720,11.854
42669,3414079,CH6,126.760,112.560,14.200
42670,3414159,CH1,97.663,109.680,-12.017
42670,3414159,CH2,113.042,120.000,-6.958
42670,3414159,CH3,130.221,131.040,-0.819
42670,3414159,CH4,126.019,121.920,4.099
42670,3414159,CH5,126.574,114.720,11.854
42670,3414159,CH6,126.760,112.560,14.200
42671,3414239,CH1,85.413,96.240,-10.827
42671,3414239,CH2,99.756,108.960,-9.204
42671,3414239,CH3,120.023,127.440,-7.417
42671,3414239,CH4,121.390,124.320,-2.930
42671,3414239,CH5,130.210,126.960,3.250
42671,3414239,CH6,138.364,127.440,10.924
42672,3414319,CH1,80.734,86.640,-5.906
42672,3414319,CH2,89.115,97.440,-8.325
42672,3414319,CH3,107.667,117.360,-9.693
42672,3414319,CH4,110.324,118.560,-8.236
42672,3414319,CH5,125.074,129.120,-4.046
42672,3414319,CH6,142.033,139.200,2.833
42673,3414407,CH1,80.734,86.640,-5.906
42673,3414407,CH2,89.115,97.440,-8.325
42673,3414407,CH3,107.667,117.360,-9.693
42673,3414407,CH4,110.324,118.560,-8.236
42673,3414407,CH5,125.074,129.120,-4.046
42673,3414407,CH6,142.033,139.200,2.833
42674,3414479,CH1,85.413,84.480,0.933
42674,3414479,CH2,85.185,88.800,-3.615
42674,3414479,CH3,97.872,105.600,-7.728
42674,3414479,CH4,97.048,106.560,-9.512
42674,3414479,CH5,113.128,122.160,-9.032
42674,3414479,CH6,136.366,140.400,-4.034
42675,3414559,CH1,97.663,88.320,9.343
42675,3414559,CH2,89.466,87.360,2.106
42675,3414559,CH3,94.381,97.920,-3.539
42675,3414559,CH4,86.633,94.320,-7.687
42675,3414559,CH5,98.935,109.920,-10.985
42675,3414559,CH6,123.529,132.960,-9.431
42676,3414639,CH1,112.805,100.080,12.725
42676,3414639,CH2,100.324,92.880,7.444
42676,3414639,CH3,98.525,96.240,2.285
42676,3414639,CH4,83.056,85.680,-2.624
42676,3414639,CH5,87.916,96.480,-8.564
42676,3414639,CH6,108.423,120.240,-11.817
42677,3414719,CH1,112.805,100.080,12.725
42677,3414719,CH2,100.324,92.880,7.444
42677,3414719,CH3,98.525,96.240,2.285
42677,3414719,CH4,83.056,85.680,-2.624
42677,3414719,CH5,87.916,96.480,-8.564
42677,3414719,CH6,108.423,120.240,-11.817
42678,3414807,CH1,125.055,114.240,10.815
42678,3414807,CH2,113.610,103.680,9.930
42678,3414807,CH3,108.723,101.040,7.683
42678,3414807,CH4,87.685,83.760,3.925
42678,3414807,CH5,84.281,85.680,-1.399
42678,3414807,CH6,96.820,106.080,-9.260
42679,3414879,CH1,129.734,122.640,7.094
42679,3414879,CH2,124.251,114.720,9.531
42679,3414879,CH3,121.079,110.400,10.679
42679,3414879,CH4,98.751,88.800,9.951
42679,3414879,CH5,89.417,83.760,5.657
42679,3414879,CH6,93.151,94.560,-1.409
42680,3414959,CH1,129.734,122.640,7.094
42680,3414959,CH2,124.251,114.720,9.531
42680,3414959,CH3,121.079,110.400,10.679
42680,3414959,CH4,98.751,88.800,9.951
42680,3414959,CH5,89.417,83.760,5.657
42680,3414959,CH6,93.151,94.560,-1.409
42681,3415039,CH1,125.055,124.800,0.255
42681,3415039,CH2,128.181,123.360,4.821
42681,3415039,CH3,130.873,121.200,9.673
42681,3415039,CH4,112.027,99.840,12.187
42681,3415039,CH5,101.363,90.240,11.123
42681,3415039,CH6,98.817,94.320,4.497
42682,3415119,CH1,112.805,120.960,-8.155
42682,3415119,CH2,123.900,125.040,-1.140
42682,3415119,CH3,134.365,129.360,5.005
42682,3415119,CH4,122.443,112.560,9.883
42682,3415119,CH5,115.556,102.720,12.836
42682,3415119,CH6,111.655,101.280,10.375
42683,3415207,CH1,97.663,109.680,-12.017
42683,3415207,CH2,113.042,120.000,-6.958
42683,3415207,CH3,130.221,131.040,-0.819
42683,3415207,CH4,126.019,122.880,3.139
42683,3415207,CH5,126.574,116.640,9.934
42683,3415207,CH6,126.760,114.240,12.520
42684,3415279,CH1,97.663,109.680,-12.017
42684,3415279,CH2,113.042,120.000,-6.958
42684,3415279,CH3,130.221,131.040,-0.819
42684,3415279,CH4,126.019,122.880,3.139
42684,3415279,CH5,126.574,116.640,9.934
42684,3415279,CH6,126.760,114.240,12.520
42685,3415359,CH1,85.413,96.240,-10.827
42685,3415359,CH2,99.756,108.960,-9.204
42685,3415359,CH3,120.023,126.960,-6.937
42685,3415359,CH4,121.390,125.040,-3.650
42685,3415359,CH5,130.210,128.400,1.810
42685,3415359,CH6,138.364,128.160,10.204
42686,3415439,CH1,80.734,87.120,-6.386
42686,3415439,CH2,89.115,97.440,-8.325
42686,3415439,CH3,107.667,117.360,-9.693
42686,3415439,CH4,110.324,118.800,-8.476
42686,3415439,CH5,125.074,129.360,-4.286
42686,3415439,CH6,142.033,139.440,2.593
42687,3415519,CH1,80.734,87.120,-6.386
42687,3415519,CH2,89.115,97.440,-8.325
42687,3415519,CH3,107.667,117.360,-9.693
42687,3415519,CH4,110.324,118.800,-8.476
42687,3415519,CH5,125.074,129.360,-4.286
42687,3415519,CH6,142.033,139.440,2.593
42688,3415607,CH1,85.413,84.720,0.693
42688,3415607,CH2,85.185,89.040,-3.855
42688,3415607,CH3,97.872,105.600,-7.728
42688,3415607,CH4,97.048,107.040,-9.992
42688,3415607,CH5,113.128,122.160,-9.032
42688,3415607,CH6,136.366,140.400,-4.034
42689,3415679,CH1,97.663,88.560,9.103
42689,3415679,CH2,89.466,87.600,1.866
42689,3415679,CH3,94.381,97.920,-3.539
42689,3415679,CH4,86.633,94.080,-7.447
42689,3415679,CH5,98.935,109.680,-10.745
42689,3415679,CH6,123.528,132.720,-9.192
42690,3415759,CH1,112.805,100.080,12.725
42690,3415759,CH2,100.324,92.640,7.684
42690,3415759,CH3,98.525,96.000,2.525
42690,3415759,CH4,83.056,86.160,-3.104
42690,3415759,CH5,87.916,96.240,-8.324
42690,3415759,CH6,108.423,120.480,-12.057
42691,3415839,CH1,112.805,100.080,12.725
42691,3415839,CH2,100.324,92.640,7.684
42691,3415839,CH3,98.525,96.000,2.525
42691,3415839,CH4,83.056,86.160,-3.104
42691,3415839,CH5,87.916,96.240,-8.324
42691,3415839,CH6,108.423,120.480,-12.057
42692,3415919,CH1,125.055,114.000,11.055
42692,3415919,CH2,113.610,103.440,10.170
42692,3415919,CH3,108.723,100.800,7.923
42692,3415919,CH4,87.685,84.000,3.685
42692,3415919,CH5,84.281,84.960,-0.679
42692,3415919,CH6,96.820,105.840,-9.020
42693,3416007,CH1,129.734,122.640,7.094
42693,3416007,CH2,124.251,114.720,9.531
42693,3416007,CH3,121.079,109.680,11.399
42693,3416007,CH4,98.751,88.800,9.951
42693,3416007,CH5,89.417,83.040,6.377
42693,3416007,CH6,93.151,95.280,-2.129
42694,3416079,CH1,125.055,124.560,0.495
42694,3416079,CH2,128.181,122.880,5.301
42694,3416079,CH3,130.873,120.960,9.913
42694,3416079,CH4,112.027,99.600,12.427
42694,3416079,CH5,101.363,90.000,11.363
42694,3416079,CH6,98.817,94.080,4.737
42695,3416159,CH1,125.055,124.560,0.495
42695,3416159,CH2,128.181,122.880,5.301
42695,3416159,CH3,130.873,120.960,9.913
42695,3416159,CH4,112.027,99.600,12.427
42695,3416159,CH5,101.363,90.000,11.363
42695,3416159,CH6,98.817,94.080,4.737
42696,3416239,CH1,112.805,121.200,-8.395
42696,3416239,CH2,123.900,124.560,-0.660
42696,3416239,CH3,134.365,129.360,5.005
42696,3416239,CH4,122.443,112.800,9.643
42696,3416239,CH5,115.556,102.240,13.316
42696,3416239,CH6,111.655,100.320,11.335
42697,3416319,CH1,97.663,109.680,-12.017
42697,3416319,CH2,113.042,120.240,-7.198
42697,3416319,CH3,130.221,131.280,-1.059
42697,3416319,CH4,126.019,122.160,3.859
42697,3416319,CH5,126.574,115.680,10.894
42697,3416319,CH6,126.760,113.280,13.480
42698,3416407,CH1,97.663,109.680,-12.017
42698,3416407,CH2,113.042,120.240,-7.198
42698,3416407,CH3,130.221,131.280,-1.059
42698,3416407,CH4,126.019,122.160,3.859
42698,3416407,CH5,126.574,115.680,10.894
42698,3416407,CH6,126.760,113.280,13.480
42699,3416479,CH1,85.413,96.000,-10.587
42699,3416479,CH2,99.756,109.440,-9.684
42699,3416479,CH3,120.023,126.960,-6.937
42699,3416479,CH4,121.390,124.560,-3.170
42699,3416479,CH5,130.210,126.960,3.250
42699,3416479,CH6,138.364,127.440,10.924
42700,3416559,CH1,80.734,86.640,-5.906
42700,3416559,CH2,89.115,97.200,-8.085
42700,3416559,CH3,107.667,117.360,-9.693
42700,3416559,CH4,110.324,118.560,-8.236
42700,3416559,CH5,125.074,129.360,-4.286
42700,3416559,CH6,142.033,139.680,2.353
42701,3416639,CH1,85.413,84.480,0.933
42701,3416639,CH2,85.185,88.800,-3.615
42701,3416639,CH3,97.872,105.360,-7.488
42701,3416639,CH4,97.048,106.560,-9.512
42701,3416639,CH5,113.128,122.160,-9.032
42701,3416639,CH6,136.366,140.640,-4.274
42702,3416719,CH1,85.413,84.480,0.933
42702,3416719,CH2,85.185,88.800,-3.615
42702,3416719,CH3,97.872,105.360,-7.488
42702,3416719,CH4,97.048,106.560,-9.512
42702,3416719,CH5,113.128,122.160,-9.032
42702,3416719,CH6,136.366,140.640,-4.274
42703,3416807,CH1,97.663,88.560,9.103
42703,3416807,CH2,89.466,87.600,1.866
42703,3416807,CH3,94.381,97.440,-3.059
42703,3416807,CH4,86.633,94.320,-7.687
42703,3416807,CH5,98.935,109.200,-10.265
42703,3416807,CH6,123.528,132.720,-9.192
42704,3416879,CH1,112.805,100.080,12.725
42704,3416879,CH2,100.324,93.120,7.204
42704,3416879,CH3,98.525,96.000,2.525
42704,3416879,CH4,83.056,85.920,-2.864
42704,3416879,CH5,87.916,96.000,-8.084
42704,3416879,CH6,108.423,120.240,-11.817
42705,3416959,CH1,112.805,100.080,12.725
42705,3416959,CH2,100.324,93.120,7.204
42705,3416959,CH3,98.525,96.000,2.525
42705,3416959,CH4,83.056,85.920,-2.864
42705,3416959,CH5,87.916,96.000,-8.084
42705,3416959,CH6,108.423,120.240,-11.817
42706,3417039,CH1,125.055,113.760,11.295
42706,3417039,CH2,113.610,104.160,9.450
42706,3417039,CH3,108.723,100.320,8.403
42706,3417039,CH4,87.685,84.240,3.445
42706,3417039,CH5,84.281,85.920,-1.639
42706,3417039,CH6,96.820,106.800,-9.980
42707,3417119,CH1,129.734,122.880,6.854
42707,3417119,CH2,124.251,114.720,9.531
42707,3417119,CH3,121.079,110.160,10.919
42707,3417119,CH4,98.751,89.040,9.711
42707,3417119,CH5,89.417,84.240,5.177
42707,3417119,CH6,93.151,95.280,-2.129
42708,3417207,CH1,125.055,125.040,0.015
42708,3417207,CH2,128.181,123.120,5.061
42708,3417207,CH3,130.873,121.440,9.433
42708,3417207,CH4,112.027,100.320,11.707
42708,3417207,CH5,101.363,90.480,10.883
42708,3417207,CH6,98.817,94.080,4.737
42709,3417279,CH1,125.055,125.040,0.015
42709,3417279,CH2,128.181,123.120,5.061
42709,3417279,CH3,130.873,121.440,9.433
42709,3417279,CH4,112.027,100.320,11.707
42709,3417279,CH5,101.363,90.480,10.883
42709,3417279,CH6,98.817,94.080,4.737
42710,3417359,CH1,112.805,121.440,-8.635
42710,3417359,CH2,123.900,125.040,-1.140
42710,3417359,CH3,134.365,130.080,4.285
42710,3417359,CH4,122.443,113.280,9.163
42710,3417359,CH5,115.556,102.480,13.076
42710,3417359,CH6,111.655,101.280,10.375
42711,3417439,CH1,97.663,109.680,-12.017
42711,3417439,CH2,113.042,119.760,-6.718
42711,3417439,CH3,130.221,131.520,-1.299
42711,3417439,CH4,126.019,122.640,3.379
42711,3417439,CH5,126.574,115.920,10.654
42711,3417439,CH6,126.760,114.000,12.760
42712,3417519,CH1,85.413,96.000,-10.587
42712,3417519,CH2,99.756,109.440,-9.684
42712,3417519,CH3,120.023,127.440,-7.417
42712,3417519,CH4,121.390,124.560,-3.170
42712,3417519,CH5,130.210,128.160,2.050
42712,3417519,CH6,138.364,128.160,10.204
42713,3417607,CH1,85.413,96.000,-10.587
42713,3417607,CH2,99.756,109.440,-9.684
42713,3417607,CH3,120.023,127.440,-7.417
42713,3417607,CH4,121.390,124.560,-3.170
42713,3417607,CH5,130.210,128.160,2.050
42713,3417607,CH6,138.364,128.160,10.204
42714,3417679,CH1,80.734,86.880,-6.146
42714,3417679,CH2,89.115,97.680,-8.565
42714,3417679,CH3,107.667,117.360,-9.693
42714,3417679,CH4,110.324,118.320,-7.996
42714,3417679,CH5,125.074,129.360,-4.286
42714,3417679,CH6,142.033,139.440,2.593
42715,3417759,CH1,85.413,84.480,0.933
42715,3417759,CH2,85.185,88.800,-3.615
42715,3417759,CH3,97.872,105.600,-7.728
42715,3417759,CH4,97.048,107.040,-9.992
42715,3417759,CH5,113.128,122.400,-9.272
42715,3417759,CH6,136.366,140.400,-4.034
42716,3417839,CH1,85.413,84.480,0.933
42716,3417839,CH2,85.185,88.800,-3.615
42716,3417839,CH3,97.872,105.600,-7.728
42716,3417839,CH4,97.048,107.040,-9.992
42716,3417839,CH5,113.128,122.400,-9.272
42716,3417839,CH6,136.366,140.400,-4.034
42717,3417919,CH1,97.663,88.560,9.103
42717,3417919,CH2,89.466,87.360,2.106
42717,3417919,CH3,94.381,97.920,-3.539
42717,3417919,CH4,86.633,94.560,-7.927
42717,3417919,CH5,98.935,110.160,-11.225
42717,3417919,CH6,123.528,132.720,-9.192
42718,3418007,CH1,112.805,100.080,12.725
42718,3418007,CH2,100.324,92.880,7.444
42718,3418007,CH3,98.525,96.480,2.045
42718,3418007,CH4,83.056,86.160,-3.104
42718,3418007,CH5,87.916,96.960,-9.044
42718,3418007,CH6,108.423,120.480,-12.057
42719,3418079,CH1,125.055,114.000,11.055
42719,3418079,CH2,113.610,103.680,9.930
42719,3418079,CH3,108.723,100.800,7.923
42719,3418079,CH4,87.685,84.000,3.685
42719,3418079,CH5,84.281,86.160,-1.879
42719,3418079,CH6,96.820,106.320,-9.500
42720,3418159,CH1,125.055,114.000,11.055
42720,3418159,CH2,113.610,103.680,9.930
42720,3418159,CH3,108.723,100.800,7.923
42720,3418159,CH4,87.685,84.000,3.685
42720,3418159,CH5,84.281,86.160,-1.879
42720,3418159,CH6,96.820,106.320,-9.500
42721,3418239,CH1,129.734,122.640,7.094
42721,3418239,CH2,124.251,114.720,9.531
42721,3418239,CH3,121.079,109.920,11.159
42721,3418239,CH4,98.751,88.560,10.191
42721,3418239,CH5,89.417,83.760,5.657
42721,3418239,CH6,93.151,94.800,-1.649
42722,3418319,CH1,125.055,124.800,0.255
42722,3418319,CH2,128.181,122.880,5.301
42722,3418319,CH3,130.873,120.960,9.913
42722,3418319,CH4,112.027,99.360,12.667
42722,3418319,CH5,101.363,90.000,11.363
42722,3418319,CH6,98.817,93.840,4.977
42723,3418407,CH1,125.055,124.800,0.255
42723,3418407,CH2,128.181,122.880,5.301
42723,3418407,CH3,130.873,120.960,9.913
42723,3418407,CH4,112.027,99.360,12.667
42723,3418407,CH5,101.363,90.000,11.363
42723,3418407,CH6,98.817,93.840,4.977
42724,3418479,CH1,112.805,121.200,-8.395
42724,3418479,CH2,123.900,124.800,-0.900
42724,3418479,CH3,134.365,129.120,5.245
42724,3418479,CH4,122.443,112.320,10.123
42724,3418479,CH5,115.556,101.760,13.796
42724,3418479,CH6,111.655,100.560,11.095
42725,3418559,CH1,97.663,109.440,-11.777
42725,3418559,CH2,113.042,120.000,-6.958
42725,3418559,CH3,130.221,130.800,-0.579
42725,3418559,CH4,126.019,122.160,3.859
42725,3418559,CH5,126.574,115.680,10.894
42725,3418559,CH6,126.760,113.760,13.000
42726,3418639,CH1,85.413,96.240,-10.827
42726,3418639,CH2,99.756,109.200,-9.444
42726,3418639,CH3,120.023,126.720,-6.697
42726,3418639,CH4,121.390,124.320,-2.930
42726,3418639,CH5,130.210,127.680,2.530
42726,3418639,CH6,138.364,128.160,10.204
42727,3418719,CH1,85.413,96.240,-10.827
42727,3418719,CH2,99.756,109.200,-9.444
42727,3418719,CH3,120.023,126.720,-6.697
42727,3418719,CH4,121.390,124.320,-2.930
42727,3418719,CH5,130.210,127.680,2.530
42727,3418719,CH6,138.364,128.160,10.204
42728,3418807,CH1,80.734,86.640,-5.906
42728,3418807,CH2,89.115,97.200,-8.085
42728,3418807,CH3,107.667,117.360,-9.693
42728,3418807,CH4,110.324,119.040,-8.716
42728,3418807,CH5,125.074,129.120,-4.046
42728,3418807,CH6,142.033,139.200,2.833
42729,3418879,CH1,85.413,84.720,0.693
42729,3418879,CH2,85.185,89.040,-3.855
42729,3418879,CH3,97.872,105.600,-7.728
42729,3418879,CH4,97.048,107.040,-9.992
42729,3418879,CH5,113.128,121.920,-8.792
42729,3418879,CH6,136.366,140.400,-4.034
42730,3418959,CH1,85.413,84.720,0.693
42730,3418959,CH2,85.185,89.040,-3.855
42730,3418959,CH3,97.872,105.600,-7.728
42730,3418959,CH4,97.048,107.040,-9.992
42730,3418959,CH5,113.128,121.920,-8.792
42730,3418959,CH6,136.366,140.400,-4.034
42731,3419039,CH1,97.663,88.560,9.103
42731,3419039,CH2,89.466,87.600,1.866
42731,3419039,CH3,94.381,97.920,-3.539
42731,3419039,CH4,86.633,94.560,-7.927
42731,3419039,CH5,98.935,109.920,-10.985
42731,3419039,CH6,123.528,133.200,-9.672
42732,3419119,CH1,112.805,100.080,12.725
42732,3419119,CH2,100.324,93.120,7.204
42732,3419119,CH3,98.525,96.480,2.045
42732,3419119,CH4,83.056,85.680,-2.624
42732,3419119,CH5,87.916,96.720,-8.804
42732,3419119,CH6,108.423,120.720,-12.297
42733,3419207,CH1,125.055,113.520,11.535
42733,3419207,CH2,113.610,103.680,9.930
42733,3419207,CH3,108.723,100.320,8.403
42733,3419207,CH4,87.685,83.760,3.925
42733,3419207,CH5,84.281,85.920,-1.639
42733,3419207,CH6,96.820,106.560,-9.740
42734,3419279,CH1,125.055,113.520,11.535
42734,3419279,CH2,113.610,103.680,9.930
42734,3419279,CH3,108.723,100.320,8.403
42734,3419279,CH4,87.685,83.760,3.925
42734,3419279,CH5,84.281,85.920,-1.639
42734,3419279,CH6,96.820,106.560,-9.740
42735,3419359,CH1,129.734,122.400,7.334
42735,3419359,CH2,124.251,114.480,9.771
42735,3419359,CH3,121.079,109.920,11.159
42735,3419359,CH4,98.751,88.800,9.951
42735,3419359,CH5,89.417,84.000,5.417
42735,3419359,CH6,93.151,95.760,-2.609
42736,3419439,CH1,125.055,124.800,0.255
42736,3419439,CH2,128.181,123.360,4.821
42736,3419439,CH3,130.873,121.200,9.673
42736,3419439,CH4,112.027,99.840,12.187
42736,3419439,CH5,101.363,90.000,11.363
42736,3419439,CH6,98.817,94.080,4.737
42737,3419519,CH1,112.805,121.200,-8.395
42737,3419519,CH2,123.900,125.040,-1.140
42737,3419519,CH3,134.365,129.840,4.525
42737,3419519,CH4,122.443,112.800,9.643
42737,3419519,CH5,115.556,101.760,13.796
42737,3419519,CH6,111.655,100.320,11.335
42738,3419607,CH1,112.805,121.200,-8.395
42738,3419607,CH2,123.900,125.040,-1.140
42738,3419607,CH3,134.365,129.840,4.525
42738,3419607,CH4,122.443,112.800,9.643
42738,3419607,CH5,115.556,101.760,13.796
42738,3419607,CH6,111.655,100.320,11.335
42739,3419679,CH1,97.663,109.680,-12.017
42739,3419679,CH2,113.042,120.000,-6.958
42739,3419679,CH3,130.221,131.520,-1.299
42739,3419679,CH4,126.019,122.640,3.379
42739,3419679,CH5,126.574,115.920,10.654
42739,3419679,CH6,126.760,113.760,13.000
42740,3419759,CH1,85.413,96.240,-10.827
42740,3419759,CH2,99.756,109.200,-9.444
42740,3419759,CH3,120.023,127.680,-7.657
42740,3419759,CH4,121.390,124.560,-3.170
42740,3419759,CH5,130.210,127.920,2.290
42740,3419759,CH6,138.364,128.160,10.204
42741,3419839,CH1,85.413,96.240,-10.827
42741,3419839,CH2,99.756,109.200,-9.444
42741,3419839,CH3,120.023,127.680,-7.657
42741,3419839,CH4,121.390,124.560,-3.170
42741,3419839,CH5,130.210,127.920,2.290
42741,3419839,CH6,138.364,128.160,10.204
42742,3419919,CH1,80.734,87.120,-6.386
42742,3419919,CH2,89.115,96.960,-7.845
42742,3419919,CH3,107.667,117.360,-9.693
42742,3419919,CH4,110.324,118.800,-8.476
42742,3419919,CH5,125.074,129.360,-4.286
42742,3419919,CH6,142.033,139.200,2.833
42743,3420007,CH1,85.413,84.720,0.693
42743,3420007,CH2,85.185,88.800,-3.615
42743,3420007,CH3,97.872,105.360,-7.488
42743,3420007,CH4,97.048,107.040,-9.992
42743,3420007,CH5,113.128,121.680,-8.552
42743,3420007,CH6,136.366,140.400,-4.034
42744,3420079,CH1,97.663,88.560,9.103
42744,3420079,CH2,89.466,87.360,2.106
42744,3420079,CH3,94.381,97.920,-3.539
42744,3420079,CH4,86.633,94.320,-7.687
42744,3420079,CH5,98.935,109.920,-10.985
42744,3420079,CH6,123.528,132.480,-8.952
42745,3420159,CH1,97.663,88.560,9.103
42745,3420159,CH2,89.466,87.360,2.106
42745,3420159,CH3,94.381,97.920,-3.539
42745,3420159,CH4,86.633,94.320,-7.687
42745,3420159,CH5,98.935,109.920,-10.985
42745,3420159,CH6,123.528,132.480,-8.952
42746,3420239,CH1,112.805,100.080,12.725
42746,3420239,CH2,100.324,93.120,7.204
42746,3420239,CH3,98.525,96.480,2.045
42746,3420239,CH4,83.056,85.920,-2.864
42746,3420239,CH5,87.916,96.720,-8.804
42746,3420239,CH6,108.423,120.480,-12.057
42747,3420319,CH1,125.055,114.000,11.055
42747,3420319,CH2,113.610,103.680,9.930
42747,3420319,CH3,108.723,101.040,7.683
42747,3420319,CH4,87.685,84.000,3.685
42747,3420319,CH5,84.281,85.680,-1.399
42747,3420319,CH6,96.820,106.560,-9.740
42748,3420407,CH1,125.055,114.000,11.055
42748,3420407,CH2,113.610,103.680,9.930
42748,3420407,CH3,108.723,101.040,7.683
42748,3420407,CH4,87.685,84.000,3.685
42748,3420407,CH5,84.281,85.680,-1.399
42748,3420407,CH6,96.820,106.560,-9.740
42749,3420479,CH1,129.734,122.640,7.094
42749,3420479,CH2,124.251,114.720,9.531
42749,3420479,CH3,121.079,110.400,10.679
42749,3420479,CH4,98.751,88.560,10.191
42749,3420479,CH5,89.417,83.760,5.657
42749,3420479,CH6,93.151,95.280,-2.129
42750,3420559,CH1,125.055,124.800,0.255
42750,3420559,CH2,128.181,123.360,4.821
42750,3420559,CH3,130.873,120.480,10.393
42750,3420559,CH4,112.027,100.320,11.707
42750,3420559,CH5,101.363,90.720,10.643
42750,3420559,CH6,98.817,94.080,4.737
42751,3420639,CH1,112.805,121.200,-8.395
42751,3420639,CH2,123.900,124.800,-0.900
42751,3420639,CH3,134.365,129.600,4.765
42751,3420639,CH4,122.443,112.320,10.123
42751,3420639,CH5,115.556,102.240,13.316
42751,3420639,CH6,111.655,100.800,10.855
42752,3420719,CH1,112.805,121.200,-8.395
42752,3420719,CH2,123.900,124.800,-0.900
42752,3420719,CH3,134.365,129.600,4.765
42752,3420719,CH4,122.443,112.320,10.123
42752,3420719,CH5,115.556,102.240,13.316
42752,3420719,CH6,111.655,100.800,10.855
42753,3420807,CH1,97.663,109.680,-12.017
42753,3420807,CH2,113.042,120.000,-6.958
42753,3420807,CH3,130.221,131.520,-1.299
42753,3420807,CH4,126.019,122.160,3.859
42753,3420807,CH5,126.574,115.440,11.134
42753,3420807,CH6,126.760,113.760,13.000
42754,3420879,CH1,85.413,96.240,-10.827
42754,3420879,CH2,99.756,109.200,-9.444
42754,3420879,CH3,120.023,126.960,-6.937
42754,3420879,CH4,121.390,124.560,-3.170
42754,3420879,CH5,130.210,127.680,2.530
42754,3420879,CH6,138.364,128.160,10.204
42755,3420959,CH1,85.413,96.240,-10.827
42755,3420959,CH2,99.756,109.200,-9.444
42755,3420959,CH3,120.023,126.960,-6.937
42755,3420959,CH4,121.390,124.560,-3.170
42755,3420959,CH5,130.210,127.680,2.530
42755,3420959,CH6,138.364,128.160,10.204
42756,3421039,CH1,80.734,86.880,-6.146
42756,3421039,CH2,89.115,96.960,-7.845
42756,3421039,CH3,107.667,117.360,-9.693
42756,3421039,CH4,110.324,118.560,-8.236
42756,3421039,CH5,125.074,129.120,-4.046
42756,3421039,CH6,142.033,139.440,2.593
42757,3421119,CH1,85.413,84.480,0.933
42757,3421119,CH2,85.185,88.800,-3.615
42757,3421119,CH3,97.872,105.360,-7.488
42757,3421119,CH4,97.048,106.560,-9.512
42757,3421119,CH5,113.128,121.680,-8.552
42757,3421119,CH6,136.366,140.160,-3.794
42758,3421207,CH1,97.663,88.560,9.103
42758,3421207,CH2,89.466,87.360,2.106
42758,3421207,CH3,94.381,97.920,-3.539
42758,3421207,CH4,86.633,94.320,-7.687
42758,3421207,CH5,98.935,109.680,-10.745
42758,3421207,CH6,123.528,132.720,-9.192
42759,3421279,CH1,97.663,88.560,9.103
42759,3421279,CH2,89.466,87.360,2.106
42759,3421279,CH3,94.381,97.920,-3.539
42759,3421279,CH4,86.633,94.320,-7.687
42759,3421279,CH5,98.935,109.680,-10.745
42759,3421279,CH6,123.528,132.720,-9.192
42760,3421359,CH1,112.805,100.080,12.725
42760,3421359,CH2,100.324,92.880,7.444
42760,3421359,CH3,98.525,96.480,2.045
42760,3421359,CH4,83.056,86.160,-3.104
42760,3421359,CH5,87.916,96.720,-8.804
42760,3421359,CH6,108.423,121.200,-12.777
42761,3421439,CH1,125.055,113.760,11.295
42761,3421439,CH2,113.610,104.400,9.210
42761,3421439,CH3,108.723,101.040,7.683
42761,3421439,CH4,87.685,84.240,3.445
42761,3421439,CH5,84.281,86.160,-1.879
42761,3421439,CH6,96.820,107.280,-10.460
42762,3421519,CH1,129.734,122.880,6.854
42762,3421519,CH2,124.251,114.720,9.531
42762,3421519,CH3,121.079,110.640,10.439
42762,3421519,CH4,98.751,89.280,9.471
42762,3421519,CH5,89.417,84.240,5.177
42762,3421519,CH6,93.151,94.800,-1.649
42763,3421607,CH1,129.734,122.880,6.854
42763,3421607,CH2,124.251,114.720,9.531
42763,3421607,CH3,121.079,110.640,10.439
42763,3421607,CH4,98.751,89.280,9.471
42763,3421607,CH5,89.417,84.240,5.177
42763,3421607,CH6,93.151,94.800,-1.649
42764,3421679,CH1,125.055,125.040,0.015
42764,3421679,CH2,128.181,123.840,4.341
42764,3421679,CH3,130.873,121.680,9.193
42764,3421679,CH4,112.027,100.080,11.947
42764,3421679,CH5,101.363,90.240,11.123
42764,3421679,CH6,98.817,93.360,5.457
42765,3421759,CH1,112.805,121.440,-8.635
42765,3421759,CH2,123.900,125.040,-1.140
42765,3421759,CH3,134.365,129.600,4.765
42765,3421759,CH4,122.443,112.560,9.883
42765,3421759,CH5,115.556,101.520,14.036
42765,3421759,CH6,111.655,100.320,11.335
42766,3421839,CH1,112.805,121.440,-8.635
42766,3421839,CH2,123.900,125.040,-1.140
42766,3421839,CH3,134.365,129.600,4.765
42766,3421839,CH4,122.443,112.560,9.883
42766,3421839,CH5,115.556,101.520,14.036
42766,3421839,CH6,111.655,100.320,11.335
42767,3421919,CH1,97.663,109.680,-12.017
42767,3421919,CH2,113.042,120.240,-7.198
42767,3421919,CH3,130.221,130.800,-0.579
42767,3421919,CH4,126.019,122.640,3.379
42767,3421919,CH5,126.574,115.440,11.134
42767,3421919,CH6,126.760,113.040,13.720
42768,3422007,CH1,85.413,96.000,-10.587
42768,3422007,CH2,99.756,109.440,-9.684
42768,3422007,CH3,120.023,126.960,-6.937
42768,3422007,CH4,121.390,124.800,-3.410
42768,3422007,CH5,130.210,127.680,2.530
42768,3422007,CH6,138.364,127.440,10.924
42769,3422079,CH1,80.734,86.640,-5.906
42769,3422079,CH2,89.115,97.680,-8.565
42769,3422079,CH3,107.667,117.360,-9.693
42769,3422079,CH4,110.324,118.800,-8.476
42769,3422079,CH5,125.074,129.600,-4.526
42769,3422079,CH6,142.033,139.200,2.833
42770,3422159,CH1,80.734,86.640,-5.906
42770,3422159,CH2,89.115,97.680,-8.565
42770,3422159,CH3,107.667,117.360,-9.693
42770,3422159,CH4,110.324,118.800,-8.476
42770,3422159,CH5,125.074,129.600,-4.526
42770,3422159,CH6,142.033,139.200,2.833
42771,3422239,CH1,85.413,84.720,0.693
42771,3422239,CH2,85.185,88.800,-3.615
42771,3422239,CH3,97.872,106.080,-8.208
42771,3422239,CH4,97.048,107.040,-9.992
42771,3422239,CH5,113.128,122.160,-9.032
42771,3422239,CH6,136.366,140.160,-3.794
42772,3422319,CH1,97.663,87.840,9.823
42772,3422319,CH2,89.466,87.360,2.106
42772,3422319,CH3,94.381,98.400,-4.019
42772,3422319,CH4,86.633,94.560,-7.927
42772,3422319,CH5,98.935,109.920,-10.985
42772,3422319,CH6,123.528,132.480,-8.952
42773,3422407,CH1,97.663,87.840,9.823
42773,3422407,CH2,89.466,87.360,2.106
42773,3422407,CH3,94.381,98.400,-4.019
42773,3422407,CH4,86.633,94.560,-7.927
42773,3422407,CH5,98.935,109.920,-10.985
42773,3422407,CH6,123.528,132.480,-8.952
42774,3422479,CH1,112.805,100.080,12.725
42774,3422479,CH2,100.324,92.640,7.684
42774,3422479,CH3,98.525,96.480,2.045
42774,3422479,CH4,83.056,85.920,-2.864
42774,3422479,CH5,87.916,96.960,-9.044
42774,3422479,CH6,108.423,120.720,-12.297
42775,3422559,CH1,125.055,114.240,10.815
42775,3422559,CH2,113.610,103.920,9.690
42775,3422559,CH3,108.723,101.040,7.683
42775,3422559,CH4,87.685,84.480,3.205
42775,3422559,CH5,84.281,85.920,-1.639
42775,3422559,CH6,96.820,106.560,-9.740
42776,3422639,CH1,129.734,122.880,6.854
42776,3422639,CH2,124.251,114.720,9.531
42776,3422639,CH3,121.079,110.400,10.679
42776,3422639,CH4,98.751,88.560,10.191
42776,3422639,CH5,89.417,83.760,5.657
42776,3422639,CH6,93.151,95.040,-1.889
42777,3422719,CH1,129.734,122.880,6.854
42777,3422719,CH2,124.251,114.720,9.531
42777,3422719,CH3,121.079,110.400,10.679
42777,3422719,CH4,98.751,88.560,10.191
42777,3422719,CH5,89.417,83.760,5.657
42777,3422719,CH6,93.151,95.040,-1.889
42778,3422807,CH1,125.055,124.800,0.255
42778,3422807,CH2,128.181,123.120,5.061
42778,3422807,CH3,130.873,120.960,9.913
42778,3422807,CH4,112.027,99.600,12.427
42778,3422807,CH5,101.363,90.480,10.883
42778,3422807,CH6,98.817,93.840,4.977
42779,3422879,CH1,112.805,121.200,-8.395
42779,3422879,CH2,123.900,124.800,-0.900
42779,3422879,CH3,134.365,129.600,4.765
42779,3422879,CH4,122.443,112.800,9.643
42779,3422879,CH5,115.556,101.760,13.796
42779,3422879,CH6,111.655,100.320,11.335
42780,3422959,CH1,112.805,121.200,-8.395
42780,3422959,CH2,123.900,124.800,-0.900
42780,3422959,CH3,134.365,129.600,4.765
42780,3422959,CH4,122.443,112.800,9.643
42780,3422959,CH5,115.556,101.760,13.796
42780,3422959,CH6,111.655,100.320,11.335
42781,3423039,CH1,97.663,109.680,-12.017
42781,3423039,CH2,113.042,120.000,-6.958
42781,3423039,CH3,130.221,130.800,-0.579
42781,3423039,CH4,126.019,122.400,3.619
42781,3423039,CH5,126.574,115.680,10.894
42781,3423039,CH6,126.760,113.520,13.240
42782,3423119,CH1,85.413,96.240,-10.827
42782,3423119,CH2,99.756,108.960,-9.204
42782,3423119,CH3,120.023,127.440,-7.417
42782,3423119,CH4,121.390,124.560,-3.170
42782,3423119,CH5,130.210,127.200,3.010
42782,3423119,CH6,138.364,128.400,9.964
42783,3423207,CH1,80.734,86.880,-6.146
42783,3423207,CH2,89.115,96.960,-7.845
42783,3423207,CH3,107.667,117.360,-9.693
42783,3423207,CH4,110.324,118.800,-8.476
42783,3423207,CH5,125.074,129.360,-4.286
42783,3423207,CH6,142.033,139.680,2.353
42784,3423279,CH1,80.734,86.880,-6.146
42784,3423279,CH2,89.115,96.960,-7.845
42784,3423279,CH3,107.667,117.360,-9.693
42784,3423279,CH4,110.324,118.800,-8.476
42784,3423279,CH5,125.074,129.360,-4.286
42784,3423279,CH6,142.033,139.680,2.353
42785,3423359,CH1,85.413,84.720,0.693
42785,3423359,CH2,85.185,88.800,-3.615
42785,3423359,CH3,97.872,105.360,-7.488
42785,3423359,CH4,97.048,106.800,-9.752
42785,3423359,CH5,113.128,121.920,-8.792
42785,3423359,CH6,136.366,140.640,-4.274
42786,3423439,CH1,97.663,88.560,9.103
42786,3423439,CH2,89.466,87.360,2.106
42786,3423439,CH3,94.381,97.680,-3.299
42786,3423439,CH4,86.633,94.080,-7.447
42786,3423439,CH5,98.935,109.680,-10.745
42786,3423439,CH6,123.528,132.720,-9.192
42787,3423519,CH1,112.805,100.080,12.725
42787,3423519,CH2,100.324,92.880,7.444
42787,3423519,CH3,98.525,96.240,2.285
42787,3423519,CH4,83.056,85.920,-2.864
42787,3423519,CH5,87.916,96.960,-9.044
42787,3423519,CH6,108.423,120.240,-11.817
42788,3423607,CH1,112.805,100.080,12.725
42788,3423607,CH2,100.324,92.880,7.444
42788,3423607,CH3,98.525,96.240,2.285
42788,3423607,CH4,83.056,85.920,-2.864
42788,3423607,CH5,87.916,96.960,-9.044
42788,3423607,CH6,108.423,120.240,-11.817
42789,3423679,CH1,125.055,113.760,11.295
42789,3423679,CH2,113.610,103.920,9.690
42789,3423679,CH3,108.723,100.800,7.923
42789,3423679,CH4,87.685,84.240,3.445
42789,3423679,CH5,84.281,85.920,-1.639
42789,3423679,CH6,96.820,105.840,-9.020
42790,3423759,CH1,129.734,122.880,6.854
42790,3423759,CH2,124.251,114.720,9.531
42790,3423759,CH3,121.079,110.640,10.439
42790,3423759,CH4,98.751,88.800,9.951
42790,3423759,CH5,89.417,84.000,5.417
42790,3423759,CH6,93.151,94.800,-1.649
42791,3423839,CH1,129.734,122.880,6.854
42791,3423839,CH2,124.251,114.720,9.531
42791,3423839,CH3,121.079,110.640,10.439
42791,3423839,CH4,98.751,88.800,9.951
42791,3423839,CH5,89.417,84.000,5.417
42791,3423839,CH6,93.151,94.800,-1.649
42792,3423919,CH1,120.000,124.560,-4.560
42792,3423919,CH2,120.000,120.480,-0.480
42792,3423919,CH3,125.000,118.800,6.200
42792,3423919,CH4,117.000,100.080,16.920
42792,3423919,CH5,117.000,91.920,25.080
42792,3423919,CH6,120.800,97.920,22.880
42793,3424007,CH1,120.000,122.400,-2.400
42793,3424007,CH2,120.000,120.240,-0.240
42793,3424007,CH3,125.000,122.160,2.840
42793,3424007,CH4,117.000,112.080,4.920
42793,3424007,CH5,117.000,106.800,10.200
42793,3424007,CH6,120.800,112.320,8.480
42794,3424079,CH1,120.000,122.160,-2.160
42794,3424079,CH2,120.000,120.480,-0.480
42794,3424079,CH3,125.000,123.600,1.400
42794,3424079,CH4,117.000,116.640,0.360
42794,3424079,CH5,117.000,117.360,-0.360
42794,3424079,CH6,120.800,120.000,0.800
42795,3424159,CH1,120.000,122.160,-2.160
42795,3424159,CH2,120.000,120.480,-0.480
42795,3424159,CH3,125.000,123.600,1.400
42795,3424159,CH4,117.000,116.640,0.360
42795,3424159,CH5,117.000,117.360,-0.360
42795,3424159,CH6,120.800,120.000,0.800
42796,3424239,CH1,120.000,121.920,-1.920
42796,3424239,CH2,120.000,120.240,-0.240
42796,3424239,CH3,125.000,123.840,1.160
42796,3424239,CH4,117.000,116.880,0.120
42796,3424239,CH5,117.000,117.840,-0.840
42796,3424239,CH6,120.800,120.240,0.560
42797,3424319,CH1,120.000,121.680,-1.680
42797,3424319,CH2,120.000,120.960,-0.960
42797,3424319,CH3,125.000,123.840,1.160
42797,3424319,CH4,117.000,116.880,0.120
42797,3424319,CH5,117.000,117.600,-0.600
42797,3424319,CH6,120.800,120.240,0.560
42798,3424407,CH1,120.000,121.680,-1.680
42798,3424407,CH2,120.000,120.960,-0.960
42798,3424407,CH3,125.000,123.840,1.160
42798,3424407,CH4,117.000,116.880,0.120
42798,3424407,CH5,117.000,117.600,-0.600
42798,3424407,CH6,120.800,120.240,0.560
42799,3424479,CH1,120.000,121.680,-1.680
42799,3424479,CH2,120.000,120.960,-0.960
42799,3424479,CH3,125.000,123.840,1.160
42799,3424479,CH4,117.000,116.880,0.120
42799,3424479,CH5,117.000,117.600,-0.600
42799,3424479,CH6,120.800,120.240,0.560
42800,3424559,CH1,120.000,121.680,-1.680
42800,3424559,CH2,120.000,120.960,-0.960
42800,3424559,CH3,125.000,123.840,1.160
42800,3424559,CH4,117.000,116.640,0.360
42800,3424559,CH5,117.000,117.360,-0.360
42800,3424559,CH6,120.800,120.480,0.320
