name,run_idx,status,started_at,finished_at,model_zip,best_model_zip,eval_reward_csv,eval_reward_png,eval_debug_csv,eval_best_policy_png,eval_best_policy_trajectory_csv,eval_best_policy_summary,gait_json,policy_rerun_csv,policy_rerun_png,policy_rerun_summary,trajectory_csv,trajectory_png,trajectory_summary,fitted_png,fitted_summary,export_diagnostics,eval_log_dir,train_log,eval_summary_json,mean_episode_reward,mean_vx,mean_vy,mean_abs_y,mean_abs_yaw,mean_energy_proxy,mean_frequency,mean_phase_lag_1,mean_phase_lag_2,mean_phase_lag_3,mean_phase_lag_4,mean_phase_lag_5,error
backward_negfreq_w100_ew08_a20_targetv11_ppo_free_swim_freq_phase_run01,1,done,2026-06-30 17:48:09,2026-06-30 17:58:09,C:\Users\ytyla\Documents\GitHub\robot_eel\mujoco_simulation\outputs\zips\backward_negfreq_w100_ew08_a20_targetv11_ppo_free_swim_freq_phase_run01.zip,C:\Users\ytyla\Documents\GitHub\robot_eel\mujoco_simulation\outputs\csv_png\backward_negfreq_w100_ew08_a20_targetv11_ppo_free_swim_freq_phase_run01_eval\best_model\best_model.zip,C:\Users\ytyla\Documents\GitHub\robot_eel\mujoco_simulation\outputs\csv_png\backward_negfreq_w100_ew08_a20_targetv11_ppo_free_swim_freq_phase_run01_eval_reward.csv,C:\Users\ytyla\Documents\GitHub\robot_eel\mujoco_simulation\outputs\csv_png\backward_negfreq_w100_ew08_a20_targetv11_ppo_free_swim_freq_phase_run01_eval_reward.png,C:\Users\ytyla\Documents\GitHub\robot_eel\mujoco_simulation\outputs\csv_png\backward_negfreq_w100_ew08_a20_targetv11_ppo_free_swim_freq_phase_run01_eval_debug.csv,C:\Users\ytyla\Documents\GitHub\robot_eel\mujoco_simulation\outputs\csv_png\eval_best_policy_curves\sim_backward_negfreq_w100_ew08_a20_targetv11_ppo_free_swim_freq_phase_run01_eval_best_policy_fitted_rotated.png,C:\Users\ytyla\Documents\GitHub\robot_eel\mujoco_simulation\outputs\csv_png\eval_best_policy_curves\backward_negfreq_w100_ew08_a20_targetv11_ppo_free_swim_freq_phase_run01_eval_best_policy_trajectory.csv,C:\Users\ytyla\Documents\GitHub\robot_eel\mujoco_simulation\outputs\csv_png\eval_best_policy_curves\backward_negfreq_w100_ew08_a20_targetv11_ppo_free_swim_freq_phase_run01_eval_best_policy_summary.json,C:\Users\ytyla\Documents\GitHub\robot_eel\mujoco_simulation\outputs\json\rl_gaits\backward_negfreq_w100_ew08_a20_targetv11_ppo_free_swim_freq_phase_run01.json,C:\Users\ytyla\Documents\GitHub\robot_eel\mujoco_simulation\outputs\csv_png\policy_rerun_best_once\backward_negfreq_w100_ew08_a20_targetv11_ppo_free_swim_freq_phase_run01_policy_rerun_trajectory.csv,C:\Users\ytyla\Documents\GitHub\robot_eel\mujoco_simulation\outputs\csv_png\policy_rerun_best_once\sim_backward_negfreq_w100_ew08_a20_targetv11_ppo_free_swim_freq_phase_run01_policy_rerun_fitted_rotated.png,C:\Users\ytyla\Documents\GitHub\robot_eel\mujoco_simulation\outputs\csv_png\policy_rerun_best_once\backward_negfreq_w100_ew08_a20_targetv11_ppo_free_swim_freq_phase_run01_policy_rerun_summary.json,C:\Users\ytyla\Documents\GitHub\robot_eel\mujoco_simulation\outputs\csv_png\fixed_gait_trajectories_mean\backward_negfreq_w100_ew08_a20_targetv11_ppo_free_swim_freq_phase_run01_trajectory.csv,C:\Users\ytyla\Documents\GitHub\robot_eel\mujoco_simulation\outputs\csv_png\fixed_gait_trajectories_mean\backward_negfreq_w100_ew08_a20_targetv11_ppo_free_swim_freq_phase_run01_trajectory.png,C:\Users\ytyla\Documents\GitHub\robot_eel\mujoco_simulation\outputs\csv_png\fixed_gait_trajectories_mean\backward_negfreq_w100_ew08_a20_targetv11_ppo_free_swim_freq_phase_run01_summary.json,C:\Users\ytyla\Documents\GitHub\robot_eel\mujoco_simulation\outputs\csv_png\fitted_curve_comparison_mean\sim_backward_negfreq_w100_ew08_a20_targetv11_ppo_free_swim_freq_phase_run01_fitted_rotated.png,C:\Users\ytyla\Documents\GitHub\robot_eel\mujoco_simulation\outputs\csv_png\fitted_curve_comparison_mean\backward_negfreq_w100_ew08_a20_targetv11_ppo_free_swim_freq_phase_run01_fitted_summary.json,"{""steady_action_count"": 400, ""steady_reward_max"": -0.08843305349165484, ""steady_reward_mean"": -0.08893703578351765, ""steady_reward_min"": -0.10306342606723956}",C:\Users\ytyla\Documents\GitHub\robot_eel\mujoco_simulation\outputs\csv_png\backward_negfreq_w100_ew08_a20_targetv11_ppo_free_swim_freq_phase_run01_eval,C:\Users\ytyla\Documents\GitHub\robot_eel\mujoco_simulation\outputs\batch_logs\backward_negfreq_w100_ew08_a20_targetv11_ppo_free_swim_freq_phase_run01.train.log,C:\Users\ytyla\Documents\GitHub\robot_eel\mujoco_simulation\outputs\batch_logs\backward_negfreq_w100_ew08_a20_targetv11_ppo_free_swim_freq_phase_run01.eval_summary.json,-35.19546152617937,-0.11891131296285676,0.0008644645988494219,0.010763914389371902,0.4008076122944317,1.0003089916706849,-1.0001499940752983,0.6774583680331707,0.6377579049170017,0.6362097495496273,0.6147512135505676,0.6614004744291305,
backward_negfreq_w100_ew08_a20_targetv11_ppo_free_swim_freq_phase_run02,2,done,2026-06-30 17:58:09,2026-06-30 18:07:43,C:\Users\ytyla\Documents\GitHub\robot_eel\mujoco_simulation\outputs\zips\backward_negfreq_w100_ew08_a20_targetv11_ppo_free_swim_freq_phase_run02.zip,C:\Users\ytyla\Documents\GitHub\robot_eel\mujoco_simulation\outputs\csv_png\backward_negfreq_w100_ew08_a20_targetv11_ppo_free_swim_freq_phase_run02_eval\best_model\best_model.zip,C:\Users\ytyla\Documents\GitHub\robot_eel\mujoco_simulation\outputs\csv_png\backward_negfreq_w100_ew08_a20_targetv11_ppo_free_swim_freq_phase_run02_eval_reward.csv,C:\Users\ytyla\Documents\GitHub\robot_eel\mujoco_simulation\outputs\csv_png\backward_negfreq_w100_ew08_a20_targetv11_ppo_free_swim_freq_phase_run02_eval_reward.png,C:\Users\ytyla\Documents\GitHub\robot_eel\mujoco_simulation\outputs\csv_png\backward_negfreq_w100_ew08_a20_targetv11_ppo_free_swim_freq_phase_run02_eval_debug.csv,C:\Users\ytyla\Documents\GitHub\robot_eel\mujoco_simulation\outputs\csv_png\eval_best_policy_curves\sim_backward_negfreq_w100_ew08_a20_targetv11_ppo_free_swim_freq_phase_run02_eval_best_policy_fitted_rotated.png,C:\Users\ytyla\Documents\GitHub\robot_eel\mujoco_simulation\outputs\csv_png\eval_best_policy_curves\backward_negfreq_w100_ew08_a20_targetv11_ppo_free_swim_freq_phase_run02_eval_best_policy_trajectory.csv,C:\Users\ytyla\Documents\GitHub\robot_eel\mujoco_simulation\outputs\csv_png\eval_best_policy_curves\backward_negfreq_w100_ew08_a20_targetv11_ppo_free_swim_freq_phase_run02_eval_best_policy_summary.json,C:\Users\ytyla\Documents\GitHub\robot_eel\mujoco_simulation\outputs\json\rl_gaits\backward_negfreq_w100_ew08_a20_targetv11_ppo_free_swim_freq_phase_run02.json,C:\Users\ytyla\Documents\GitHub\robot_eel\mujoco_simulation\outputs\csv_png\policy_rerun_best_once\backward_negfreq_w100_ew08_a20_targetv11_ppo_free_swim_freq_phase_run02_policy_rerun_trajectory.csv,C:\Users\ytyla\Documents\GitHub\robot_eel\mujoco_simulation\outputs\csv_png\policy_rerun_best_once\sim_backward_negfreq_w100_ew08_a20_targetv11_ppo_free_swim_freq_phase_run02_policy_rerun_fitted_rotated.png,C:\Users\ytyla\Documents\GitHub\robot_eel\mujoco_simulation\outputs\csv_png\policy_rerun_best_once\backward_negfreq_w100_ew08_a20_targetv11_ppo_free_swim_freq_phase_run02_policy_rerun_summary.json,C:\Users\ytyla\Documents\GitHub\robot_eel\mujoco_simulation\outputs\csv_png\fixed_gait_trajectories_mean\backward_negfreq_w100_ew08_a20_targetv11_ppo_free_swim_freq_phase_run02_trajectory.csv,C:\Users\ytyla\Documents\GitHub\robot_eel\mujoco_simulation\outputs\csv_png\fixed_gait_trajectories_mean\backward_negfreq_w100_ew08_a20_targetv11_ppo_free_swim_freq_phase_run02_trajectory.png,C:\Users\ytyla\Documents\GitHub\robot_eel\mujoco_simulation\outputs\csv_png\fixed_gait_trajectories_mean\backward_negfreq_w100_ew08_a20_targetv11_ppo_free_swim_freq_phase_run02_summary.json,C:\Users\ytyla\Documents\GitHub\robot_eel\mujoco_simulation\outputs\csv_png\fitted_curve_comparison_mean\sim_backward_negfreq_w100_ew08_a20_targetv11_ppo_free_swim_freq_phase_run02_fitted_rotated.png,C:\Users\ytyla\Documents\GitHub\robot_eel\mujoco_simulation\outputs\csv_png\fitted_curve_comparison_mean\backward_negfreq_w100_ew08_a20_targetv11_ppo_free_swim_freq_phase_run02_fitted_summary.json,"{""steady_action_count"": 400, ""steady_reward_max"": -0.08238954434099247, ""steady_reward_mean"": -0.08438261002283509, ""steady_reward_min"": -0.08704978346504062}",C:\Users\ytyla\Documents\GitHub\robot_eel\mujoco_simulation\outputs\csv_png\backward_negfreq_w100_ew08_a20_targetv11_ppo_free_swim_freq_phase_run02_eval,C:\Users\ytyla\Documents\GitHub\robot_eel\mujoco_simulation\outputs\batch_logs\backward_negfreq_w100_ew08_a20_targetv11_ppo_free_swim_freq_phase_run02.train.log,C:\Users\ytyla\Documents\GitHub\robot_eel\mujoco_simulation\outputs\batch_logs\backward_negfreq_w100_ew08_a20_targetv11_ppo_free_swim_freq_phase_run02.eval_summary.json,-32.35229049714105,-0.11141314564691147,-3.630878875744609e-05,0.011805985307546245,0.3542798603690981,1.0,-1.0,0.7083580030202865,0.7267079163491726,0.7797979158163071,0.7169928180575371,0.6495862828195095,
backward_negfreq_w100_ew08_a20_targetv11_ppo_free_swim_freq_phase_run03,3,done,2026-06-30 18:07:43,2026-06-30 18:19:59,C:\Users\ytyla\Documents\GitHub\robot_eel\mujoco_simulation\outputs\zips\backward_negfreq_w100_ew08_a20_targetv11_ppo_free_swim_freq_phase_run03.zip,C:\Users\ytyla\Documents\GitHub\robot_eel\mujoco_simulation\outputs\csv_png\backward_negfreq_w100_ew08_a20_targetv11_ppo_free_swim_freq_phase_run03_eval\best_model\best_model.zip,C:\Users\ytyla\Documents\GitHub\robot_eel\mujoco_simulation\outputs\csv_png\backward_negfreq_w100_ew08_a20_targetv11_ppo_free_swim_freq_phase_run03_eval_reward.csv,C:\Users\ytyla\Documents\GitHub\robot_eel\mujoco_simulation\outputs\csv_png\backward_negfreq_w100_ew08_a20_targetv11_ppo_free_swim_freq_phase_run03_eval_reward.png,C:\Users\ytyla\Documents\GitHub\robot_eel\mujoco_simulation\outputs\csv_png\backward_negfreq_w100_ew08_a20_targetv11_ppo_free_swim_freq_phase_run03_eval_debug.csv,C:\Users\ytyla\Documents\GitHub\robot_eel\mujoco_simulation\outputs\csv_png\eval_best_policy_curves\sim_backward_negfreq_w100_ew08_a20_targetv11_ppo_free_swim_freq_phase_run03_eval_best_policy_fitted_rotated.png,C:\Users\ytyla\Documents\GitHub\robot_eel\mujoco_simulation\outputs\csv_png\eval_best_policy_curves\backward_negfreq_w100_ew08_a20_targetv11_ppo_free_swim_freq_phase_run03_eval_best_policy_trajectory.csv,C:\Users\ytyla\Documents\GitHub\robot_eel\mujoco_simulation\outputs\csv_png\eval_best_policy_curves\backward_negfreq_w100_ew08_a20_targetv11_ppo_free_swim_freq_phase_run03_eval_best_policy_summary.json,C:\Users\ytyla\Documents\GitHub\robot_eel\mujoco_simulation\outputs\json\rl_gaits\backward_negfreq_w100_ew08_a20_targetv11_ppo_free_swim_freq_phase_run03.json,C:\Users\ytyla\Documents\GitHub\robot_eel\mujoco_simulation\outputs\csv_png\policy_rerun_best_once\backward_negfreq_w100_ew08_a20_targetv11_ppo_free_swim_freq_phase_run03_policy_rerun_trajectory.csv,C:\Users\ytyla\Documents\GitHub\robot_eel\mujoco_simulation\outputs\csv_png\policy_rerun_best_once\sim_backward_negfreq_w100_ew08_a20_targetv11_ppo_free_swim_freq_phase_run03_policy_rerun_fitted_rotated.png,C:\Users\ytyla\Documents\GitHub\robot_eel\mujoco_simulation\outputs\csv_png\policy_rerun_best_once\backward_negfreq_w100_ew08_a20_targetv11_ppo_free_swim_freq_phase_run03_policy_rerun_summary.json,C:\Users\ytyla\Documents\GitHub\robot_eel\mujoco_simulation\outputs\csv_png\fixed_gait_trajectories_mean\backward_negfreq_w100_ew08_a20_targetv11_ppo_free_swim_freq_phase_run03_trajectory.csv,C:\Users\ytyla\Documents\GitHub\robot_eel\mujoco_simulation\outputs\csv_png\fixed_gait_trajectories_mean\backward_negfreq_w100_ew08_a20_targetv11_ppo_free_swim_freq_phase_run03_trajectory.png,C:\Users\ytyla\Documents\GitHub\robot_eel\mujoco_simulation\outputs\csv_png\fixed_gait_trajectories_mean\backward_negfreq_w100_ew08_a20_targetv11_ppo_free_swim_freq_phase_run03_summary.json,C:\Users\ytyla\Documents\GitHub\robot_eel\mujoco_simulation\outputs\csv_png\fitted_curve_comparison_mean\sim_backward_negfreq_w100_ew08_a20_targetv11_ppo_free_swim_freq_phase_run03_fitted_rotated.png,C:\Users\ytyla\Documents\GitHub\robot_eel\mujoco_simulation\outputs\csv_png\fitted_curve_comparison_mean\backward_negfreq_w100_ew08_a20_targetv11_ppo_free_swim_freq_phase_run03_fitted_summary.json,"{""steady_action_count"": 400, ""steady_reward_max"": -0.08465424481134896, ""steady_reward_mean"": -0.0868634796621511, ""steady_reward_min"": -0.08991230722661579}",C:\Users\ytyla\Documents\GitHub\robot_eel\mujoco_simulation\outputs\csv_png\backward_negfreq_w100_ew08_a20_targetv11_ppo_free_swim_freq_phase_run03_eval,C:\Users\ytyla\Documents\GitHub\robot_eel\mujoco_simulation\outputs\batch_logs\backward_negfreq_w100_ew08_a20_targetv11_ppo_free_swim_freq_phase_run03.train.log,C:\Users\ytyla\Documents\GitHub\robot_eel\mujoco_simulation\outputs\batch_logs\backward_negfreq_w100_ew08_a20_targetv11_ppo_free_swim_freq_phase_run03.eval_summary.json,-32.790851208254516,-0.11384422108994409,0.00012814722236065878,0.011733429533340506,0.3521268253444082,1.0,-1.0,0.7485674515068531,0.779745428621769,0.7038362318277359,0.6571845635771751,0.6964628762006759,
backward_negfreq_w100_ew08_a20_targetv11_ppo_free_swim_freq_phase_run04,4,done,2026-06-30 18:19:59,2026-06-30 18:30:03,C:\Users\ytyla\Documents\GitHub\robot_eel\mujoco_simulation\outputs\zips\backward_negfreq_w100_ew08_a20_targetv11_ppo_free_swim_freq_phase_run04.zip,C:\Users\ytyla\Documents\GitHub\robot_eel\mujoco_simulation\outputs\csv_png\backward_negfreq_w100_ew08_a20_targetv11_ppo_free_swim_freq_phase_run04_eval\best_model\best_model.zip,C:\Users\ytyla\Documents\GitHub\robot_eel\mujoco_simulation\outputs\csv_png\backward_negfreq_w100_ew08_a20_targetv11_ppo_free_swim_freq_phase_run04_eval_reward.csv,C:\Users\ytyla\Documents\GitHub\robot_eel\mujoco_simulation\outputs\csv_png\backward_negfreq_w100_ew08_a20_targetv11_ppo_free_swim_freq_phase_run04_eval_reward.png,C:\Users\ytyla\Documents\GitHub\robot_eel\mujoco_simulation\outputs\csv_png\backward_negfreq_w100_ew08_a20_targetv11_ppo_free_swim_freq_phase_run04_eval_debug.csv,C:\Users\ytyla\Documents\GitHub\robot_eel\mujoco_simulation\outputs\csv_png\eval_best_policy_curves\sim_backward_negfreq_w100_ew08_a20_targetv11_ppo_free_swim_freq_phase_run04_eval_best_policy_fitted_rotated.png,C:\Users\ytyla\Documents\GitHub\robot_eel\mujoco_simulation\outputs\csv_png\eval_best_policy_curves\backward_negfreq_w100_ew08_a20_targetv11_ppo_free_swim_freq_phase_run04_eval_best_policy_trajectory.csv,C:\Users\ytyla\Documents\GitHub\robot_eel\mujoco_simulation\outputs\csv_png\eval_best_policy_curves\backward_negfreq_w100_ew08_a20_targetv11_ppo_free_swim_freq_phase_run04_eval_best_policy_summary.json,C:\Users\ytyla\Documents\GitHub\robot_eel\mujoco_simulation\outputs\json\rl_gaits\backward_negfreq_w100_ew08_a20_targetv11_ppo_free_swim_freq_phase_run04.json,C:\Users\ytyla\Documents\GitHub\robot_eel\mujoco_simulation\outputs\csv_png\policy_rerun_best_once\backward_negfreq_w100_ew08_a20_targetv11_ppo_free_swim_freq_phase_run04_policy_rerun_trajectory.csv,C:\Users\ytyla\Documents\GitHub\robot_eel\mujoco_simulation\outputs\csv_png\policy_rerun_best_once\sim_backward_negfreq_w100_ew08_a20_targetv11_ppo_free_swim_freq_phase_run04_policy_rerun_fitted_rotated.png,C:\Users\ytyla\Documents\GitHub\robot_eel\mujoco_simulation\outputs\csv_png\policy_rerun_best_once\backward_negfreq_w100_ew08_a20_targetv11_ppo_free_swim_freq_phase_run04_policy_rerun_summary.json,C:\Users\ytyla\Documents\GitHub\robot_eel\mujoco_simulation\outputs\csv_png\fixed_gait_trajectories_mean\backward_negfreq_w100_ew08_a20_targetv11_ppo_free_swim_freq_phase_run04_trajectory.csv,C:\Users\ytyla\Documents\GitHub\robot_eel\mujoco_simulation\outputs\csv_png\fixed_gait_trajectories_mean\backward_negfreq_w100_ew08_a20_targetv11_ppo_free_swim_freq_phase_run04_trajectory.png,C:\Users\ytyla\Documents\GitHub\robot_eel\mujoco_simulation\outputs\csv_png\fixed_gait_trajectories_mean\backward_negfreq_w100_ew08_a20_targetv11_ppo_free_swim_freq_phase_run04_summary.json,C:\Users\ytyla\Documents\GitHub\robot_eel\mujoco_simulation\outputs\csv_png\fitted_curve_comparison_mean\sim_backward_negfreq_w100_ew08_a20_targetv11_ppo_free_swim_freq_phase_run04_fitted_rotated.png,C:\Users\ytyla\Documents\GitHub\robot_eel\mujoco_simulation\outputs\csv_png\fitted_curve_comparison_mean\backward_negfreq_w100_ew08_a20_targetv11_ppo_free_swim_freq_phase_run04_fitted_summary.json,"{""steady_action_count"": 400, ""steady_reward_max"": -0.08504121050920718, ""steady_reward_mean"": -0.08670910705986251, ""steady_reward_min"": -0.09132905699757521}",C:\Users\ytyla\Documents\GitHub\robot_eel\mujoco_simulation\outputs\csv_png\backward_negfreq_w100_ew08_a20_targetv11_ppo_free_swim_freq_phase_run04_eval,C:\Users\ytyla\Documents\GitHub\robot_eel\mujoco_simulation\outputs\batch_logs\backward_negfreq_w100_ew08_a20_targetv11_ppo_free_swim_freq_phase_run04.train.log,C:\Users\ytyla\Documents\GitHub\robot_eel\mujoco_simulation\outputs\batch_logs\backward_negfreq_w100_ew08_a20_targetv11_ppo_free_swim_freq_phase_run04.eval_summary.json,-33.01523130294349,-0.11472399131710333,8.438286079084886e-05,0.011346306901283703,0.36560448255690803,1.0,-1.0,0.6870705449581146,0.7668829094767571,0.6530271022617817,0.7023041759431362,0.662595710515976,
backward_negfreq_w100_ew08_a20_targetv11_ppo_free_swim_freq_phase_run05,5,done,2026-06-30 18:30:03,2026-06-30 18:45:38,C:\Users\ytyla\Documents\GitHub\robot_eel\mujoco_simulation\outputs\zips\backward_negfreq_w100_ew08_a20_targetv11_ppo_free_swim_freq_phase_run05.zip,C:\Users\ytyla\Documents\GitHub\robot_eel\mujoco_simulation\outputs\csv_png\backward_negfreq_w100_ew08_a20_targetv11_ppo_free_swim_freq_phase_run05_eval\best_model\best_model.zip,C:\Users\ytyla\Documents\GitHub\robot_eel\mujoco_simulation\outputs\csv_png\backward_negfreq_w100_ew08_a20_targetv11_ppo_free_swim_freq_phase_run05_eval_reward.csv,C:\Users\ytyla\Documents\GitHub\robot_eel\mujoco_simulation\outputs\csv_png\backward_negfreq_w100_ew08_a20_targetv11_ppo_free_swim_freq_phase_run05_eval_reward.png,C:\Users\ytyla\Documents\GitHub\robot_eel\mujoco_simulation\outputs\csv_png\backward_negfreq_w100_ew08_a20_targetv11_ppo_free_swim_freq_phase_run05_eval_debug.csv,C:\Users\ytyla\Documents\GitHub\robot_eel\mujoco_simulation\outputs\csv_png\eval_best_policy_curves\sim_backward_negfreq_w100_ew08_a20_targetv11_ppo_free_swim_freq_phase_run05_eval_best_policy_fitted_rotated.png,C:\Users\ytyla\Documents\GitHub\robot_eel\mujoco_simulation\outputs\csv_png\eval_best_policy_curves\backward_negfreq_w100_ew08_a20_targetv11_ppo_free_swim_freq_phase_run05_eval_best_policy_trajectory.csv,C:\Users\ytyla\Documents\GitHub\robot_eel\mujoco_simulation\outputs\csv_png\eval_best_policy_curves\backward_negfreq_w100_ew08_a20_targetv11_ppo_free_swim_freq_phase_run05_eval_best_policy_summary.json,C:\Users\ytyla\Documents\GitHub\robot_eel\mujoco_simulation\outputs\json\rl_gaits\backward_negfreq_w100_ew08_a20_targetv11_ppo_free_swim_freq_phase_run05.json,C:\Users\ytyla\Documents\GitHub\robot_eel\mujoco_simulation\outputs\csv_png\policy_rerun_best_once\backward_negfreq_w100_ew08_a20_targetv11_ppo_free_swim_freq_phase_run05_policy_rerun_trajectory.csv,C:\Users\ytyla\Documents\GitHub\robot_eel\mujoco_simulation\outputs\csv_png\policy_rerun_best_once\sim_backward_negfreq_w100_ew08_a20_targetv11_ppo_free_swim_freq_phase_run05_policy_rerun_fitted_rotated.png,C:\Users\ytyla\Documents\GitHub\robot_eel\mujoco_simulation\outputs\csv_png\policy_rerun_best_once\backward_negfreq_w100_ew08_a20_targetv11_ppo_free_swim_freq_phase_run05_policy_rerun_summary.json,C:\Users\ytyla\Documents\GitHub\robot_eel\mujoco_simulation\outputs\csv_png\fixed_gait_trajectories_mean\backward_negfreq_w100_ew08_a20_targetv11_ppo_free_swim_freq_phase_run05_trajectory.csv,C:\Users\ytyla\Documents\GitHub\robot_eel\mujoco_simulation\outputs\csv_png\fixed_gait_trajectories_mean\backward_negfreq_w100_ew08_a20_targetv11_ppo_free_swim_freq_phase_run05_trajectory.png,C:\Users\ytyla\Documents\GitHub\robot_eel\mujoco_simulation\outputs\csv_png\fixed_gait_trajectories_mean\backward_negfreq_w100_ew08_a20_targetv11_ppo_free_swim_freq_phase_run05_summary.json,C:\Users\ytyla\Documents\GitHub\robot_eel\mujoco_simulation\outputs\csv_png\fitted_curve_comparison_mean\sim_backward_negfreq_w100_ew08_a20_targetv11_ppo_free_swim_freq_phase_run05_fitted_rotated.png,C:\Users\ytyla\Documents\GitHub\robot_eel\mujoco_simulation\outputs\csv_png\fitted_curve_comparison_mean\backward_negfreq_w100_ew08_a20_targetv11_ppo_free_swim_freq_phase_run05_fitted_summary.json,"{""steady_action_count"": 400, ""steady_reward_max"": -0.08388365426844652, ""steady_reward_mean"": -0.08702455260506309, ""steady_reward_min"": -0.148885933287561}",C:\Users\ytyla\Documents\GitHub\robot_eel\mujoco_simulation\outputs\csv_png\backward_negfreq_w100_ew08_a20_targetv11_ppo_free_swim_freq_phase_run05_eval,C:\Users\ytyla\Documents\GitHub\robot_eel\mujoco_simulation\outputs\batch_logs\backward_negfreq_w100_ew08_a20_targetv11_ppo_free_swim_freq_phase_run05.train.log,C:\Users\ytyla\Documents\GitHub\robot_eel\mujoco_simulation\outputs\batch_logs\backward_negfreq_w100_ew08_a20_targetv11_ppo_free_swim_freq_phase_run05.eval_summary.json,-33.21100039389746,-0.11484872726796769,0.001374267006023676,0.01201694223020577,0.3754530924284712,1.0012230706974787,-1.0005507751703262,0.6271537835001946,0.7010748639404774,0.779415717869997,0.6555815807878971,0.7148061017096042,
backward_negfreq_w100_ew08_a20_targetv11_ppo_free_swim_freq_phase_run06,6,done,2026-06-30 18:45:38,2026-06-30 19:02:02,C:\Users\ytyla\Documents\GitHub\robot_eel\mujoco_simulation\outputs\zips\backward_negfreq_w100_ew08_a20_targetv11_ppo_free_swim_freq_phase_run06.zip,C:\Users\ytyla\Documents\GitHub\robot_eel\mujoco_simulation\outputs\csv_png\backward_negfreq_w100_ew08_a20_targetv11_ppo_free_swim_freq_phase_run06_eval\best_model\best_model.zip,C:\Users\ytyla\Documents\GitHub\robot_eel\mujoco_simulation\outputs\csv_png\backward_negfreq_w100_ew08_a20_targetv11_ppo_free_swim_freq_phase_run06_eval_reward.csv,C:\Users\ytyla\Documents\GitHub\robot_eel\mujoco_simulation\outputs\csv_png\backward_negfreq_w100_ew08_a20_targetv11_ppo_free_swim_freq_phase_run06_eval_reward.png,C:\Users\ytyla\Documents\GitHub\robot_eel\mujoco_simulation\outputs\csv_png\backward_negfreq_w100_ew08_a20_targetv11_ppo_free_swim_freq_phase_run06_eval_debug.csv,C:\Users\ytyla\Documents\GitHub\robot_eel\mujoco_simulation\outputs\csv_png\eval_best_policy_curves\sim_backward_negfreq_w100_ew08_a20_targetv11_ppo_free_swim_freq_phase_run06_eval_best_policy_fitted_rotated.png,C:\Users\ytyla\Documents\GitHub\robot_eel\mujoco_simulation\outputs\csv_png\eval_best_policy_curves\backward_negfreq_w100_ew08_a20_targetv11_ppo_free_swim_freq_phase_run06_eval_best_policy_trajectory.csv,C:\Users\ytyla\Documents\GitHub\robot_eel\mujoco_simulation\outputs\csv_png\eval_best_policy_curves\backward_negfreq_w100_ew08_a20_targetv11_ppo_free_swim_freq_phase_run06_eval_best_policy_summary.json,C:\Users\ytyla\Documents\GitHub\robot_eel\mujoco_simulation\outputs\json\rl_gaits\backward_negfreq_w100_ew08_a20_targetv11_ppo_free_swim_freq_phase_run06.json,C:\Users\ytyla\Documents\GitHub\robot_eel\mujoco_simulation\outputs\csv_png\policy_rerun_best_once\backward_negfreq_w100_ew08_a20_targetv11_ppo_free_swim_freq_phase_run06_policy_rerun_trajectory.csv,C:\Users\ytyla\Documents\GitHub\robot_eel\mujoco_simulation\outputs\csv_png\policy_rerun_best_once\sim_backward_negfreq_w100_ew08_a20_targetv11_ppo_free_swim_freq_phase_run06_policy_rerun_fitted_rotated.png,C:\Users\ytyla\Documents\GitHub\robot_eel\mujoco_simulation\outputs\csv_png\policy_rerun_best_once\backward_negfreq_w100_ew08_a20_targetv11_ppo_free_swim_freq_phase_run06_policy_rerun_summary.json,C:\Users\ytyla\Documents\GitHub\robot_eel\mujoco_simulation\outputs\csv_png\fixed_gait_trajectories_mean\backward_negfreq_w100_ew08_a20_targetv11_ppo_free_swim_freq_phase_run06_trajectory.csv,C:\Users\ytyla\Documents\GitHub\robot_eel\mujoco_simulation\outputs\csv_png\fixed_gait_trajectories_mean\backward_negfreq_w100_ew08_a20_targetv11_ppo_free_swim_freq_phase_run06_trajectory.png,C:\Users\ytyla\Documents\GitHub\robot_eel\mujoco_simulation\outputs\csv_png\fixed_gait_trajectories_mean\backward_negfreq_w100_ew08_a20_targetv11_ppo_free_swim_freq_phase_run06_summary.json,C:\Users\ytyla\Documents\GitHub\robot_eel\mujoco_simulation\outputs\csv_png\fitted_curve_comparison_mean\sim_backward_negfreq_w100_ew08_a20_targetv11_ppo_free_swim_freq_phase_run06_fitted_rotated.png,C:\Users\ytyla\Documents\GitHub\robot_eel\mujoco_simulation\outputs\csv_png\fitted_curve_comparison_mean\backward_negfreq_w100_ew08_a20_targetv11_ppo_free_swim_freq_phase_run06_fitted_summary.json,"{""steady_action_count"": 400, ""steady_reward_max"": -0.08676331533649463, ""steady_reward_mean"": -0.08724251910681356, ""steady_reward_min"": -0.10413609357516439}",C:\Users\ytyla\Documents\GitHub\robot_eel\mujoco_simulation\outputs\csv_png\backward_negfreq_w100_ew08_a20_targetv11_ppo_free_swim_freq_phase_run06_eval,C:\Users\ytyla\Documents\GitHub\robot_eel\mujoco_simulation\outputs\batch_logs\backward_negfreq_w100_ew08_a20_targetv11_ppo_free_swim_freq_phase_run06.train.log,C:\Users\ytyla\Documents\GitHub\robot_eel\mujoco_simulation\outputs\batch_logs\backward_negfreq_w100_ew08_a20_targetv11_ppo_free_swim_freq_phase_run06.eval_summary.json,-34.85369593476177,-0.11841510381123439,0.0006390898574786198,0.009362102105349273,0.4284241446706214,1.000498760500581,-1.0002380324602127,0.5615189294219017,0.5166005281209946,0.6243045172989369,0.6605116223096847,0.5918245250582695,
backward_negfreq_w100_ew08_a20_targetv11_ppo_free_swim_freq_phase_run07,7,done,2026-06-30 19:02:02,2026-06-30 19:21:00,C:\Users\ytyla\Documents\GitHub\robot_eel\mujoco_simulation\outputs\zips\backward_negfreq_w100_ew08_a20_targetv11_ppo_free_swim_freq_phase_run07.zip,C:\Users\ytyla\Documents\GitHub\robot_eel\mujoco_simulation\outputs\csv_png\backward_negfreq_w100_ew08_a20_targetv11_ppo_free_swim_freq_phase_run07_eval\best_model\best_model.zip,C:\Users\ytyla\Documents\GitHub\robot_eel\mujoco_simulation\outputs\csv_png\backward_negfreq_w100_ew08_a20_targetv11_ppo_free_swim_freq_phase_run07_eval_reward.csv,C:\Users\ytyla\Documents\GitHub\robot_eel\mujoco_simulation\outputs\csv_png\backward_negfreq_w100_ew08_a20_targetv11_ppo_free_swim_freq_phase_run07_eval_reward.png,C:\Users\ytyla\Documents\GitHub\robot_eel\mujoco_simulation\outputs\csv_png\backward_negfreq_w100_ew08_a20_targetv11_ppo_free_swim_freq_phase_run07_eval_debug.csv,C:\Users\ytyla\Documents\GitHub\robot_eel\mujoco_simulation\outputs\csv_png\eval_best_policy_curves\sim_backward_negfreq_w100_ew08_a20_targetv11_ppo_free_swim_freq_phase_run07_eval_best_policy_fitted_rotated.png,C:\Users\ytyla\Documents\GitHub\robot_eel\mujoco_simulation\outputs\csv_png\eval_best_policy_curves\backward_negfreq_w100_ew08_a20_targetv11_ppo_free_swim_freq_phase_run07_eval_best_policy_trajectory.csv,C:\Users\ytyla\Documents\GitHub\robot_eel\mujoco_simulation\outputs\csv_png\eval_best_policy_curves\backward_negfreq_w100_ew08_a20_targetv11_ppo_free_swim_freq_phase_run07_eval_best_policy_summary.json,C:\Users\ytyla\Documents\GitHub\robot_eel\mujoco_simulation\outputs\json\rl_gaits\backward_negfreq_w100_ew08_a20_targetv11_ppo_free_swim_freq_phase_run07.json,C:\Users\ytyla\Documents\GitHub\robot_eel\mujoco_simulation\outputs\csv_png\policy_rerun_best_once\backward_negfreq_w100_ew08_a20_targetv11_ppo_free_swim_freq_phase_run07_policy_rerun_trajectory.csv,C:\Users\ytyla\Documents\GitHub\robot_eel\mujoco_simulation\outputs\csv_png\policy_rerun_best_once\sim_backward_negfreq_w100_ew08_a20_targetv11_ppo_free_swim_freq_phase_run07_policy_rerun_fitted_rotated.png,C:\Users\ytyla\Documents\GitHub\robot_eel\mujoco_simulation\outputs\csv_png\policy_rerun_best_once\backward_negfreq_w100_ew08_a20_targetv11_ppo_free_swim_freq_phase_run07_policy_rerun_summary.json,C:\Users\ytyla\Documents\GitHub\robot_eel\mujoco_simulation\outputs\csv_png\fixed_gait_trajectories_mean\backward_negfreq_w100_ew08_a20_targetv11_ppo_free_swim_freq_phase_run07_trajectory.csv,C:\Users\ytyla\Documents\GitHub\robot_eel\mujoco_simulation\outputs\csv_png\fixed_gait_trajectories_mean\backward_negfreq_w100_ew08_a20_targetv11_ppo_free_swim_freq_phase_run07_trajectory.png,C:\Users\ytyla\Documents\GitHub\robot_eel\mujoco_simulation\outputs\csv_png\fixed_gait_trajectories_mean\backward_negfreq_w100_ew08_a20_targetv11_ppo_free_swim_freq_phase_run07_summary.json,C:\Users\ytyla\Documents\GitHub\robot_eel\mujoco_simulation\outputs\csv_png\fitted_curve_comparison_mean\sim_backward_negfreq_w100_ew08_a20_targetv11_ppo_free_swim_freq_phase_run07_fitted_rotated.png,C:\Users\ytyla\Documents\GitHub\robot_eel\mujoco_simulation\outputs\csv_png\fitted_curve_comparison_mean\backward_negfreq_w100_ew08_a20_targetv11_ppo_free_swim_freq_phase_run07_fitted_summary.json,"{""steady_action_count"": 400, ""steady_reward_max"": -0.08619034858458556, ""steady_reward_mean"": -0.08758791208831142, ""steady_reward_min"": -0.11105660819545345}",C:\Users\ytyla\Documents\GitHub\robot_eel\mujoco_simulation\outputs\csv_png\backward_negfreq_w100_ew08_a20_targetv11_ppo_free_swim_freq_phase_run07_eval,C:\Users\ytyla\Documents\GitHub\robot_eel\mujoco_simulation\outputs\batch_logs\backward_negfreq_w100_ew08_a20_targetv11_ppo_free_swim_freq_phase_run07.train.log,C:\Users\ytyla\Documents\GitHub\robot_eel\mujoco_simulation\outputs\batch_logs\backward_negfreq_w100_ew08_a20_targetv11_ppo_free_swim_freq_phase_run07.eval_summary.json,-33.899328980772324,-0.116762862409463,0.002728389667986219,0.014588831691340867,0.39634412715018946,1.0004778093592444,-1.0002284606695175,0.600328084141016,0.6427391183078289,0.6742522042393685,0.6545453107953072,0.6924512511789799,
backward_negfreq_w100_ew08_a20_targetv11_ppo_free_swim_freq_phase_run08,8,done,2026-06-30 19:21:00,2026-06-30 19:39:57,C:\Users\ytyla\Documents\GitHub\robot_eel\mujoco_simulation\outputs\zips\backward_negfreq_w100_ew08_a20_targetv11_ppo_free_swim_freq_phase_run08.zip,C:\Users\ytyla\Documents\GitHub\robot_eel\mujoco_simulation\outputs\csv_png\backward_negfreq_w100_ew08_a20_targetv11_ppo_free_swim_freq_phase_run08_eval\best_model\best_model.zip,C:\Users\ytyla\Documents\GitHub\robot_eel\mujoco_simulation\outputs\csv_png\backward_negfreq_w100_ew08_a20_targetv11_ppo_free_swim_freq_phase_run08_eval_reward.csv,C:\Users\ytyla\Documents\GitHub\robot_eel\mujoco_simulation\outputs\csv_png\backward_negfreq_w100_ew08_a20_targetv11_ppo_free_swim_freq_phase_run08_eval_reward.png,C:\Users\ytyla\Documents\GitHub\robot_eel\mujoco_simulation\outputs\csv_png\backward_negfreq_w100_ew08_a20_targetv11_ppo_free_swim_freq_phase_run08_eval_debug.csv,C:\Users\ytyla\Documents\GitHub\robot_eel\mujoco_simulation\outputs\csv_png\eval_best_policy_curves\sim_backward_negfreq_w100_ew08_a20_targetv11_ppo_free_swim_freq_phase_run08_eval_best_policy_fitted_rotated.png,C:\Users\ytyla\Documents\GitHub\robot_eel\mujoco_simulation\outputs\csv_png\eval_best_policy_curves\backward_negfreq_w100_ew08_a20_targetv11_ppo_free_swim_freq_phase_run08_eval_best_policy_trajectory.csv,C:\Users\ytyla\Documents\GitHub\robot_eel\mujoco_simulation\outputs\csv_png\eval_best_policy_curves\backward_negfreq_w100_ew08_a20_targetv11_ppo_free_swim_freq_phase_run08_eval_best_policy_summary.json,C:\Users\ytyla\Documents\GitHub\robot_eel\mujoco_simulation\outputs\json\rl_gaits\backward_negfreq_w100_ew08_a20_targetv11_ppo_free_swim_freq_phase_run08.json,C:\Users\ytyla\Documents\GitHub\robot_eel\mujoco_simulation\outputs\csv_png\policy_rerun_best_once\backward_negfreq_w100_ew08_a20_targetv11_ppo_free_swim_freq_phase_run08_policy_rerun_trajectory.csv,C:\Users\ytyla\Documents\GitHub\robot_eel\mujoco_simulation\outputs\csv_png\policy_rerun_best_once\sim_backward_negfreq_w100_ew08_a20_targetv11_ppo_free_swim_freq_phase_run08_policy_rerun_fitted_rotated.png,C:\Users\ytyla\Documents\GitHub\robot_eel\mujoco_simulation\outputs\csv_png\policy_rerun_best_once\backward_negfreq_w100_ew08_a20_targetv11_ppo_free_swim_freq_phase_run08_policy_rerun_summary.json,C:\Users\ytyla\Documents\GitHub\robot_eel\mujoco_simulation\outputs\csv_png\fixed_gait_trajectories_mean\backward_negfreq_w100_ew08_a20_targetv11_ppo_free_swim_freq_phase_run08_trajectory.csv,C:\Users\ytyla\Documents\GitHub\robot_eel\mujoco_simulation\outputs\csv_png\fixed_gait_trajectories_mean\backward_negfreq_w100_ew08_a20_targetv11_ppo_free_swim_freq_phase_run08_trajectory.png,C:\Users\ytyla\Documents\GitHub\robot_eel\mujoco_simulation\outputs\csv_png\fixed_gait_trajectories_mean\backward_negfreq_w100_ew08_a20_targetv11_ppo_free_swim_freq_phase_run08_summary.json,C:\Users\ytyla\Documents\GitHub\robot_eel\mujoco_simulation\outputs\csv_png\fitted_curve_comparison_mean\sim_backward_negfreq_w100_ew08_a20_targetv11_ppo_free_swim_freq_phase_run08_fitted_rotated.png,C:\Users\ytyla\Documents\GitHub\robot_eel\mujoco_simulation\outputs\csv_png\fitted_curve_comparison_mean\backward_negfreq_w100_ew08_a20_targetv11_ppo_free_swim_freq_phase_run08_fitted_summary.json,"{""steady_action_count"": 400, ""steady_reward_max"": -0.08452747705123642, ""steady_reward_mean"": -0.08572631537542645, ""steady_reward_min"": -0.10170778695203725}",C:\Users\ytyla\Documents\GitHub\robot_eel\mujoco_simulation\outputs\csv_png\backward_negfreq_w100_ew08_a20_targetv11_ppo_free_swim_freq_phase_run08_eval,C:\Users\ytyla\Documents\GitHub\robot_eel\mujoco_simulation\outputs\batch_logs\backward_negfreq_w100_ew08_a20_targetv11_ppo_free_swim_freq_phase_run08.train.log,C:\Users\ytyla\Documents\GitHub\robot_eel\mujoco_simulation\outputs\batch_logs\backward_negfreq_w100_ew08_a20_targetv11_ppo_free_swim_freq_phase_run08.eval_summary.json,-33.63528946880172,-0.11633240662182413,-0.00011822476862307282,0.009806544164626533,0.4099205639315643,1.0001881854656645,-1.0000923050642014,0.5677367371320724,0.5770134722888469,0.6989930003881455,0.7083620000481605,0.6396131709516049,
backward_negfreq_w100_ew08_a20_targetv11_ppo_free_swim_freq_phase_run09,9,done,2026-06-30 19:39:57,2026-06-30 19:58:52,C:\Users\ytyla\Documents\GitHub\robot_eel\mujoco_simulation\outputs\zips\backward_negfreq_w100_ew08_a20_targetv11_ppo_free_swim_freq_phase_run09.zip,C:\Users\ytyla\Documents\GitHub\robot_eel\mujoco_simulation\outputs\csv_png\backward_negfreq_w100_ew08_a20_targetv11_ppo_free_swim_freq_phase_run09_eval\best_model\best_model.zip,C:\Users\ytyla\Documents\GitHub\robot_eel\mujoco_simulation\outputs\csv_png\backward_negfreq_w100_ew08_a20_targetv11_ppo_free_swim_freq_phase_run09_eval_reward.csv,C:\Users\ytyla\Documents\GitHub\robot_eel\mujoco_simulation\outputs\csv_png\backward_negfreq_w100_ew08_a20_targetv11_ppo_free_swim_freq_phase_run09_eval_reward.png,C:\Users\ytyla\Documents\GitHub\robot_eel\mujoco_simulation\outputs\csv_png\backward_negfreq_w100_ew08_a20_targetv11_ppo_free_swim_freq_phase_run09_eval_debug.csv,C:\Users\ytyla\Documents\GitHub\robot_eel\mujoco_simulation\outputs\csv_png\eval_best_policy_curves\sim_backward_negfreq_w100_ew08_a20_targetv11_ppo_free_swim_freq_phase_run09_eval_best_policy_fitted_rotated.png,C:\Users\ytyla\Documents\GitHub\robot_eel\mujoco_simulation\outputs\csv_png\eval_best_policy_curves\backward_negfreq_w100_ew08_a20_targetv11_ppo_free_swim_freq_phase_run09_eval_best_policy_trajectory.csv,C:\Users\ytyla\Documents\GitHub\robot_eel\mujoco_simulation\outputs\csv_png\eval_best_policy_curves\backward_negfreq_w100_ew08_a20_targetv11_ppo_free_swim_freq_phase_run09_eval_best_policy_summary.json,C:\Users\ytyla\Documents\GitHub\robot_eel\mujoco_simulation\outputs\json\rl_gaits\backward_negfreq_w100_ew08_a20_targetv11_ppo_free_swim_freq_phase_run09.json,C:\Users\ytyla\Documents\GitHub\robot_eel\mujoco_simulation\outputs\csv_png\policy_rerun_best_once\backward_negfreq_w100_ew08_a20_targetv11_ppo_free_swim_freq_phase_run09_policy_rerun_trajectory.csv,C:\Users\ytyla\Documents\GitHub\robot_eel\mujoco_simulation\outputs\csv_png\policy_rerun_best_once\sim_backward_negfreq_w100_ew08_a20_targetv11_ppo_free_swim_freq_phase_run09_policy_rerun_fitted_rotated.png,C:\Users\ytyla\Documents\GitHub\robot_eel\mujoco_simulation\outputs\csv_png\policy_rerun_best_once\backward_negfreq_w100_ew08_a20_targetv11_ppo_free_swim_freq_phase_run09_policy_rerun_summary.json,C:\Users\ytyla\Documents\GitHub\robot_eel\mujoco_simulation\outputs\csv_png\fixed_gait_trajectories_mean\backward_negfreq_w100_ew08_a20_targetv11_ppo_free_swim_freq_phase_run09_trajectory.csv,C:\Users\ytyla\Documents\GitHub\robot_eel\mujoco_simulation\outputs\csv_png\fixed_gait_trajectories_mean\backward_negfreq_w100_ew08_a20_targetv11_ppo_free_swim_freq_phase_run09_trajectory.png,C:\Users\ytyla\Documents\GitHub\robot_eel\mujoco_simulation\outputs\csv_png\fixed_gait_trajectories_mean\backward_negfreq_w100_ew08_a20_targetv11_ppo_free_swim_freq_phase_run09_summary.json,C:\Users\ytyla\Documents\GitHub\robot_eel\mujoco_simulation\outputs\csv_png\fitted_curve_comparison_mean\sim_backward_negfreq_w100_ew08_a20_targetv11_ppo_free_swim_freq_phase_run09_fitted_rotated.png,C:\Users\ytyla\Documents\GitHub\robot_eel\mujoco_simulation\outputs\csv_png\fitted_curve_comparison_mean\backward_negfreq_w100_ew08_a20_targetv11_ppo_free_swim_freq_phase_run09_fitted_summary.json,"{""steady_action_count"": 400, ""steady_reward_max"": -0.08403450613733554, ""steady_reward_mean"": -0.08763999710293349, ""steady_reward_min"": -0.15897349134974093}",C:\Users\ytyla\Documents\GitHub\robot_eel\mujoco_simulation\outputs\csv_png\backward_negfreq_w100_ew08_a20_targetv11_ppo_free_swim_freq_phase_run09_eval,C:\Users\ytyla\Documents\GitHub\robot_eel\mujoco_simulation\outputs\batch_logs\backward_negfreq_w100_ew08_a20_targetv11_ppo_free_swim_freq_phase_run09.train.log,C:\Users\ytyla\Documents\GitHub\robot_eel\mujoco_simulation\outputs\batch_logs\backward_negfreq_w100_ew08_a20_targetv11_ppo_free_swim_freq_phase_run09.eval_summary.json,-33.529771606035794,-0.11558664586615745,0.0032477194570758473,0.016215109263597555,0.37716284575806897,1.001146400351375,-1.0005189992189407,0.6860231322050094,0.7424911696612835,0.6173560509979725,0.7956076722741127,0.6349937221109867,
backward_negfreq_w100_ew08_a20_targetv11_ppo_free_swim_freq_phase_run10,10,done,2026-06-30 19:58:52,2026-06-30 20:18:30,C:\Users\ytyla\Documents\GitHub\robot_eel\mujoco_simulation\outputs\zips\backward_negfreq_w100_ew08_a20_targetv11_ppo_free_swim_freq_phase_run10.zip,C:\Users\ytyla\Documents\GitHub\robot_eel\mujoco_simulation\outputs\csv_png\backward_negfreq_w100_ew08_a20_targetv11_ppo_free_swim_freq_phase_run10_eval\best_model\best_model.zip,C:\Users\ytyla\Documents\GitHub\robot_eel\mujoco_simulation\outputs\csv_png\backward_negfreq_w100_ew08_a20_targetv11_ppo_free_swim_freq_phase_run10_eval_reward.csv,C:\Users\ytyla\Documents\GitHub\robot_eel\mujoco_simulation\outputs\csv_png\backward_negfreq_w100_ew08_a20_targetv11_ppo_free_swim_freq_phase_run10_eval_reward.png,C:\Users\ytyla\Documents\GitHub\robot_eel\mujoco_simulation\outputs\csv_png\backward_negfreq_w100_ew08_a20_targetv11_ppo_free_swim_freq_phase_run10_eval_debug.csv,C:\Users\ytyla\Documents\GitHub\robot_eel\mujoco_simulation\outputs\csv_png\eval_best_policy_curves\sim_backward_negfreq_w100_ew08_a20_targetv11_ppo_free_swim_freq_phase_run10_eval_best_policy_fitted_rotated.png,C:\Users\ytyla\Documents\GitHub\robot_eel\mujoco_simulation\outputs\csv_png\eval_best_policy_curves\backward_negfreq_w100_ew08_a20_targetv11_ppo_free_swim_freq_phase_run10_eval_best_policy_trajectory.csv,C:\Users\ytyla\Documents\GitHub\robot_eel\mujoco_simulation\outputs\csv_png\eval_best_policy_curves\backward_negfreq_w100_ew08_a20_targetv11_ppo_free_swim_freq_phase_run10_eval_best_policy_summary.json,C:\Users\ytyla\Documents\GitHub\robot_eel\mujoco_simulation\outputs\json\rl_gaits\backward_negfreq_w100_ew08_a20_targetv11_ppo_free_swim_freq_phase_run10.json,C:\Users\ytyla\Documents\GitHub\robot_eel\mujoco_simulation\outputs\csv_png\policy_rerun_best_once\backward_negfreq_w100_ew08_a20_targetv11_ppo_free_swim_freq_phase_run10_policy_rerun_trajectory.csv,C:\Users\ytyla\Documents\GitHub\robot_eel\mujoco_simulation\outputs\csv_png\policy_rerun_best_once\sim_backward_negfreq_w100_ew08_a20_targetv11_ppo_free_swim_freq_phase_run10_policy_rerun_fitted_rotated.png,C:\Users\ytyla\Documents\GitHub\robot_eel\mujoco_simulation\outputs\csv_png\policy_rerun_best_once\backward_negfreq_w100_ew08_a20_targetv11_ppo_free_swim_freq_phase_run10_policy_rerun_summary.json,C:\Users\ytyla\Documents\GitHub\robot_eel\mujoco_simulation\outputs\csv_png\fixed_gait_trajectories_mean\backward_negfreq_w100_ew08_a20_targetv11_ppo_free_swim_freq_phase_run10_trajectory.csv,C:\Users\ytyla\Documents\GitHub\robot_eel\mujoco_simulation\outputs\csv_png\fixed_gait_trajectories_mean\backward_negfreq_w100_ew08_a20_targetv11_ppo_free_swim_freq_phase_run10_trajectory.png,C:\Users\ytyla\Documents\GitHub\robot_eel\mujoco_simulation\outputs\csv_png\fixed_gait_trajectories_mean\backward_negfreq_w100_ew08_a20_targetv11_ppo_free_swim_freq_phase_run10_summary.json,C:\Users\ytyla\Documents\GitHub\robot_eel\mujoco_simulation\outputs\csv_png\fitted_curve_comparison_mean\sim_backward_negfreq_w100_ew08_a20_targetv11_ppo_free_swim_freq_phase_run10_fitted_rotated.png,C:\Users\ytyla\Documents\GitHub\robot_eel\mujoco_simulation\outputs\csv_png\fitted_curve_comparison_mean\backward_negfreq_w100_ew08_a20_targetv11_ppo_free_swim_freq_phase_run10_fitted_summary.json,"{""steady_action_count"": 400, ""steady_reward_max"": -0.08487713166147832, ""steady_reward_mean"": -0.08612706969043452, ""steady_reward_min"": -0.08901254373495432}",C:\Users\ytyla\Documents\GitHub\robot_eel\mujoco_simulation\outputs\csv_png\backward_negfreq_w100_ew08_a20_targetv11_ppo_free_swim_freq_phase_run10_eval,C:\Users\ytyla\Documents\GitHub\robot_eel\mujoco_simulation\outputs\batch_logs\backward_negfreq_w100_ew08_a20_targetv11_ppo_free_swim_freq_phase_run10.train.log,C:\Users\ytyla\Documents\GitHub\robot_eel\mujoco_simulation\outputs\batch_logs\backward_negfreq_w100_ew08_a20_targetv11_ppo_free_swim_freq_phase_run10.eval_summary.json,-33.61298467452375,-0.11629103190214633,0.001677705497727906,0.012450454318091435,0.38359053615656796,1.0,-1.0,0.7170514653325081,0.6457660664319992,0.7039221680164337,0.6996675949394703,0.5766616036295891,
