name,mode,direction,target,status,started_at,finished_at,model_zip,gait_json,eval_reward_csv,eval_reward_png,eval_debug_csv,trajectory_csv,trajectory_png,trajectory_summary,fitted_png,fitted_summary,train_log,error
ppo_turn_right_a20_r03_run01,radius,right,0.3,done,2026-06-15 14:37:10,2026-06-15 14:51:14,C:\Users\ytyla\Documents\GitHub\robot_eel\mujoco_simulation\outputs\zips\ppo_turn_right_a20_r03_run01.zip,C:\Users\ytyla\Documents\GitHub\robot_eel\mujoco_simulation\outputs\json\rl_gaits\ppo_turn_right_a20_r03_run01.json,C:\Users\ytyla\Documents\GitHub\robot_eel\mujoco_simulation\outputs\csv_png\ppo_turn_right_a20_r03_run01_eval_reward.csv,C:\Users\ytyla\Documents\GitHub\robot_eel\mujoco_simulation\outputs\csv_png\ppo_turn_right_a20_r03_run01_eval_reward.png,C:\Users\ytyla\Documents\GitHub\robot_eel\mujoco_simulation\outputs\csv_png\ppo_turn_right_a20_r03_run01_eval_debug.csv,C:\Users\ytyla\Documents\GitHub\robot_eel\mujoco_simulation\outputs\csv_png\fixed_gait_trajectories_mean\ppo_turn_right_a20_r03_run01_trajectory.csv,C:\Users\ytyla\Documents\GitHub\robot_eel\mujoco_simulation\outputs\csv_png\fixed_gait_trajectories_mean\ppo_turn_right_a20_r03_run01_trajectory.png,C:\Users\ytyla\Documents\GitHub\robot_eel\mujoco_simulation\outputs\csv_png\fixed_gait_trajectories_mean\ppo_turn_right_a20_r03_run01_summary.json,C:\Users\ytyla\Documents\GitHub\robot_eel\mujoco_simulation\outputs\csv_png\fitted_curve_comparison_mean\sim_ppo_turn_right_a20_r03_run01_fitted_rotated.png,C:\Users\ytyla\Documents\GitHub\robot_eel\mujoco_simulation\outputs\csv_png\fitted_curve_comparison_mean\ppo_turn_right_a20_r03_run01_fitted_summary.json,C:\Users\ytyla\Documents\GitHub\robot_eel\mujoco_simulation\outputs\batch_logs\ppo_turn_right_a20_r03_run01.train.log,
ppo_turn_right_a20_r03_run02,radius,right,0.3,done,2026-06-15 14:51:14,2026-06-15 15:05:20,C:\Users\ytyla\Documents\GitHub\robot_eel\mujoco_simulation\outputs\zips\ppo_turn_right_a20_r03_run02.zip,C:\Users\ytyla\Documents\GitHub\robot_eel\mujoco_simulation\outputs\json\rl_gaits\ppo_turn_right_a20_r03_run02.json,C:\Users\ytyla\Documents\GitHub\robot_eel\mujoco_simulation\outputs\csv_png\ppo_turn_right_a20_r03_run02_eval_reward.csv,C:\Users\ytyla\Documents\GitHub\robot_eel\mujoco_simulation\outputs\csv_png\ppo_turn_right_a20_r03_run02_eval_reward.png,C:\Users\ytyla\Documents\GitHub\robot_eel\mujoco_simulation\outputs\csv_png\ppo_turn_right_a20_r03_run02_eval_debug.csv,C:\Users\ytyla\Documents\GitHub\robot_eel\mujoco_simulation\outputs\csv_png\fixed_gait_trajectories_mean\ppo_turn_right_a20_r03_run02_trajectory.csv,C:\Users\ytyla\Documents\GitHub\robot_eel\mujoco_simulation\outputs\csv_png\fixed_gait_trajectories_mean\ppo_turn_right_a20_r03_run02_trajectory.png,C:\Users\ytyla\Documents\GitHub\robot_eel\mujoco_simulation\outputs\csv_png\fixed_gait_trajectories_mean\ppo_turn_right_a20_r03_run02_summary.json,C:\Users\ytyla\Documents\GitHub\robot_eel\mujoco_simulation\outputs\csv_png\fitted_curve_comparison_mean\sim_ppo_turn_right_a20_r03_run02_fitted_rotated.png,C:\Users\ytyla\Documents\GitHub\robot_eel\mujoco_simulation\outputs\csv_png\fitted_curve_comparison_mean\ppo_turn_right_a20_r03_run02_fitted_summary.json,C:\Users\ytyla\Documents\GitHub\robot_eel\mujoco_simulation\outputs\batch_logs\ppo_turn_right_a20_r03_run02.train.log,
ppo_turn_right_a20_r03_run03,radius,right,0.3,done,2026-06-15 15:05:20,2026-06-15 15:19:21,C:\Users\ytyla\Documents\GitHub\robot_eel\mujoco_simulation\outputs\zips\ppo_turn_right_a20_r03_run03.zip,C:\Users\ytyla\Documents\GitHub\robot_eel\mujoco_simulation\outputs\json\rl_gaits\ppo_turn_right_a20_r03_run03.json,C:\Users\ytyla\Documents\GitHub\robot_eel\mujoco_simulation\outputs\csv_png\ppo_turn_right_a20_r03_run03_eval_reward.csv,C:\Users\ytyla\Documents\GitHub\robot_eel\mujoco_simulation\outputs\csv_png\ppo_turn_right_a20_r03_run03_eval_reward.png,C:\Users\ytyla\Documents\GitHub\robot_eel\mujoco_simulation\outputs\csv_png\ppo_turn_right_a20_r03_run03_eval_debug.csv,C:\Users\ytyla\Documents\GitHub\robot_eel\mujoco_simulation\outputs\csv_png\fixed_gait_trajectories_mean\ppo_turn_right_a20_r03_run03_trajectory.csv,C:\Users\ytyla\Documents\GitHub\robot_eel\mujoco_simulation\outputs\csv_png\fixed_gait_trajectories_mean\ppo_turn_right_a20_r03_run03_trajectory.png,C:\Users\ytyla\Documents\GitHub\robot_eel\mujoco_simulation\outputs\csv_png\fixed_gait_trajectories_mean\ppo_turn_right_a20_r03_run03_summary.json,C:\Users\ytyla\Documents\GitHub\robot_eel\mujoco_simulation\outputs\csv_png\fitted_curve_comparison_mean\sim_ppo_turn_right_a20_r03_run03_fitted_rotated.png,C:\Users\ytyla\Documents\GitHub\robot_eel\mujoco_simulation\outputs\csv_png\fitted_curve_comparison_mean\ppo_turn_right_a20_r03_run03_fitted_summary.json,C:\Users\ytyla\Documents\GitHub\robot_eel\mujoco_simulation\outputs\batch_logs\ppo_turn_right_a20_r03_run03.train.log,
ppo_turn_right_a20_r03_run04,radius,right,0.3,done,2026-06-15 15:19:21,2026-06-15 15:33:23,C:\Users\ytyla\Documents\GitHub\robot_eel\mujoco_simulation\outputs\zips\ppo_turn_right_a20_r03_run04.zip,C:\Users\ytyla\Documents\GitHub\robot_eel\mujoco_simulation\outputs\json\rl_gaits\ppo_turn_right_a20_r03_run04.json,C:\Users\ytyla\Documents\GitHub\robot_eel\mujoco_simulation\outputs\csv_png\ppo_turn_right_a20_r03_run04_eval_reward.csv,C:\Users\ytyla\Documents\GitHub\robot_eel\mujoco_simulation\outputs\csv_png\ppo_turn_right_a20_r03_run04_eval_reward.png,C:\Users\ytyla\Documents\GitHub\robot_eel\mujoco_simulation\outputs\csv_png\ppo_turn_right_a20_r03_run04_eval_debug.csv,C:\Users\ytyla\Documents\GitHub\robot_eel\mujoco_simulation\outputs\csv_png\fixed_gait_trajectories_mean\ppo_turn_right_a20_r03_run04_trajectory.csv,C:\Users\ytyla\Documents\GitHub\robot_eel\mujoco_simulation\outputs\csv_png\fixed_gait_trajectories_mean\ppo_turn_right_a20_r03_run04_trajectory.png,C:\Users\ytyla\Documents\GitHub\robot_eel\mujoco_simulation\outputs\csv_png\fixed_gait_trajectories_mean\ppo_turn_right_a20_r03_run04_summary.json,C:\Users\ytyla\Documents\GitHub\robot_eel\mujoco_simulation\outputs\csv_png\fitted_curve_comparison_mean\sim_ppo_turn_right_a20_r03_run04_fitted_rotated.png,C:\Users\ytyla\Documents\GitHub\robot_eel\mujoco_simulation\outputs\csv_png\fitted_curve_comparison_mean\ppo_turn_right_a20_r03_run04_fitted_summary.json,C:\Users\ytyla\Documents\GitHub\robot_eel\mujoco_simulation\outputs\batch_logs\ppo_turn_right_a20_r03_run04.train.log,
ppo_turn_right_a20_r03_run05,radius,right,0.3,done,2026-06-15 15:33:23,2026-06-15 15:47:11,C:\Users\ytyla\Documents\GitHub\robot_eel\mujoco_simulation\outputs\zips\ppo_turn_right_a20_r03_run05.zip,C:\Users\ytyla\Documents\GitHub\robot_eel\mujoco_simulation\outputs\json\rl_gaits\ppo_turn_right_a20_r03_run05.json,C:\Users\ytyla\Documents\GitHub\robot_eel\mujoco_simulation\outputs\csv_png\ppo_turn_right_a20_r03_run05_eval_reward.csv,C:\Users\ytyla\Documents\GitHub\robot_eel\mujoco_simulation\outputs\csv_png\ppo_turn_right_a20_r03_run05_eval_reward.png,C:\Users\ytyla\Documents\GitHub\robot_eel\mujoco_simulation\outputs\csv_png\ppo_turn_right_a20_r03_run05_eval_debug.csv,C:\Users\ytyla\Documents\GitHub\robot_eel\mujoco_simulation\outputs\csv_png\fixed_gait_trajectories_mean\ppo_turn_right_a20_r03_run05_trajectory.csv,C:\Users\ytyla\Documents\GitHub\robot_eel\mujoco_simulation\outputs\csv_png\fixed_gait_trajectories_mean\ppo_turn_right_a20_r03_run05_trajectory.png,C:\Users\ytyla\Documents\GitHub\robot_eel\mujoco_simulation\outputs\csv_png\fixed_gait_trajectories_mean\ppo_turn_right_a20_r03_run05_summary.json,C:\Users\ytyla\Documents\GitHub\robot_eel\mujoco_simulation\outputs\csv_png\fitted_curve_comparison_mean\sim_ppo_turn_right_a20_r03_run05_fitted_rotated.png,C:\Users\ytyla\Documents\GitHub\robot_eel\mujoco_simulation\outputs\csv_png\fitted_curve_comparison_mean\ppo_turn_right_a20_r03_run05_fitted_summary.json,C:\Users\ytyla\Documents\GitHub\robot_eel\mujoco_simulation\outputs\batch_logs\ppo_turn_right_a20_r03_run05.train.log,
ppo_turn_right_a20_r05_run01,radius,right,0.5,done,2026-06-15 15:47:11,2026-06-15 16:03:26,C:\Users\ytyla\Documents\GitHub\robot_eel\mujoco_simulation\outputs\zips\ppo_turn_right_a20_r05_run01.zip,C:\Users\ytyla\Documents\GitHub\robot_eel\mujoco_simulation\outputs\json\rl_gaits\ppo_turn_right_a20_r05_run01.json,C:\Users\ytyla\Documents\GitHub\robot_eel\mujoco_simulation\outputs\csv_png\ppo_turn_right_a20_r05_run01_eval_reward.csv,C:\Users\ytyla\Documents\GitHub\robot_eel\mujoco_simulation\outputs\csv_png\ppo_turn_right_a20_r05_run01_eval_reward.png,C:\Users\ytyla\Documents\GitHub\robot_eel\mujoco_simulation\outputs\csv_png\ppo_turn_right_a20_r05_run01_eval_debug.csv,C:\Users\ytyla\Documents\GitHub\robot_eel\mujoco_simulation\outputs\csv_png\fixed_gait_trajectories_mean\ppo_turn_right_a20_r05_run01_trajectory.csv,C:\Users\ytyla\Documents\GitHub\robot_eel\mujoco_simulation\outputs\csv_png\fixed_gait_trajectories_mean\ppo_turn_right_a20_r05_run01_trajectory.png,C:\Users\ytyla\Documents\GitHub\robot_eel\mujoco_simulation\outputs\csv_png\fixed_gait_trajectories_mean\ppo_turn_right_a20_r05_run01_summary.json,C:\Users\ytyla\Documents\GitHub\robot_eel\mujoco_simulation\outputs\csv_png\fitted_curve_comparison_mean\sim_ppo_turn_right_a20_r05_run01_fitted_rotated.png,C:\Users\ytyla\Documents\GitHub\robot_eel\mujoco_simulation\outputs\csv_png\fitted_curve_comparison_mean\ppo_turn_right_a20_r05_run01_fitted_summary.json,C:\Users\ytyla\Documents\GitHub\robot_eel\mujoco_simulation\outputs\batch_logs\ppo_turn_right_a20_r05_run01.train.log,
ppo_turn_right_a20_r05_run02,radius,right,0.5,done,2026-06-15 16:03:26,2026-06-15 16:20:56,C:\Users\ytyla\Documents\GitHub\robot_eel\mujoco_simulation\outputs\zips\ppo_turn_right_a20_r05_run02.zip,C:\Users\ytyla\Documents\GitHub\robot_eel\mujoco_simulation\outputs\json\rl_gaits\ppo_turn_right_a20_r05_run02.json,C:\Users\ytyla\Documents\GitHub\robot_eel\mujoco_simulation\outputs\csv_png\ppo_turn_right_a20_r05_run02_eval_reward.csv,C:\Users\ytyla\Documents\GitHub\robot_eel\mujoco_simulation\outputs\csv_png\ppo_turn_right_a20_r05_run02_eval_reward.png,C:\Users\ytyla\Documents\GitHub\robot_eel\mujoco_simulation\outputs\csv_png\ppo_turn_right_a20_r05_run02_eval_debug.csv,C:\Users\ytyla\Documents\GitHub\robot_eel\mujoco_simulation\outputs\csv_png\fixed_gait_trajectories_mean\ppo_turn_right_a20_r05_run02_trajectory.csv,C:\Users\ytyla\Documents\GitHub\robot_eel\mujoco_simulation\outputs\csv_png\fixed_gait_trajectories_mean\ppo_turn_right_a20_r05_run02_trajectory.png,C:\Users\ytyla\Documents\GitHub\robot_eel\mujoco_simulation\outputs\csv_png\fixed_gait_trajectories_mean\ppo_turn_right_a20_r05_run02_summary.json,C:\Users\ytyla\Documents\GitHub\robot_eel\mujoco_simulation\outputs\csv_png\fitted_curve_comparison_mean\sim_ppo_turn_right_a20_r05_run02_fitted_rotated.png,C:\Users\ytyla\Documents\GitHub\robot_eel\mujoco_simulation\outputs\csv_png\fitted_curve_comparison_mean\ppo_turn_right_a20_r05_run02_fitted_summary.json,C:\Users\ytyla\Documents\GitHub\robot_eel\mujoco_simulation\outputs\batch_logs\ppo_turn_right_a20_r05_run02.train.log,
ppo_turn_right_a20_r05_run03,radius,right,0.5,done,2026-06-15 16:20:56,2026-06-15 16:39:24,C:\Users\ytyla\Documents\GitHub\robot_eel\mujoco_simulation\outputs\zips\ppo_turn_right_a20_r05_run03.zip,C:\Users\ytyla\Documents\GitHub\robot_eel\mujoco_simulation\outputs\json\rl_gaits\ppo_turn_right_a20_r05_run03.json,C:\Users\ytyla\Documents\GitHub\robot_eel\mujoco_simulation\outputs\csv_png\ppo_turn_right_a20_r05_run03_eval_reward.csv,C:\Users\ytyla\Documents\GitHub\robot_eel\mujoco_simulation\outputs\csv_png\ppo_turn_right_a20_r05_run03_eval_reward.png,C:\Users\ytyla\Documents\GitHub\robot_eel\mujoco_simulation\outputs\csv_png\ppo_turn_right_a20_r05_run03_eval_debug.csv,C:\Users\ytyla\Documents\GitHub\robot_eel\mujoco_simulation\outputs\csv_png\fixed_gait_trajectories_mean\ppo_turn_right_a20_r05_run03_trajectory.csv,C:\Users\ytyla\Documents\GitHub\robot_eel\mujoco_simulation\outputs\csv_png\fixed_gait_trajectories_mean\ppo_turn_right_a20_r05_run03_trajectory.png,C:\Users\ytyla\Documents\GitHub\robot_eel\mujoco_simulation\outputs\csv_png\fixed_gait_trajectories_mean\ppo_turn_right_a20_r05_run03_summary.json,C:\Users\ytyla\Documents\GitHub\robot_eel\mujoco_simulation\outputs\csv_png\fitted_curve_comparison_mean\sim_ppo_turn_right_a20_r05_run03_fitted_rotated.png,C:\Users\ytyla\Documents\GitHub\robot_eel\mujoco_simulation\outputs\csv_png\fitted_curve_comparison_mean\ppo_turn_right_a20_r05_run03_fitted_summary.json,C:\Users\ytyla\Documents\GitHub\robot_eel\mujoco_simulation\outputs\batch_logs\ppo_turn_right_a20_r05_run03.train.log,
ppo_turn_right_a20_r05_run04,radius,right,0.5,done,2026-06-15 16:39:24,2026-06-15 16:57:10,C:\Users\ytyla\Documents\GitHub\robot_eel\mujoco_simulation\outputs\zips\ppo_turn_right_a20_r05_run04.zip,C:\Users\ytyla\Documents\GitHub\robot_eel\mujoco_simulation\outputs\json\rl_gaits\ppo_turn_right_a20_r05_run04.json,C:\Users\ytyla\Documents\GitHub\robot_eel\mujoco_simulation\outputs\csv_png\ppo_turn_right_a20_r05_run04_eval_reward.csv,C:\Users\ytyla\Documents\GitHub\robot_eel\mujoco_simulation\outputs\csv_png\ppo_turn_right_a20_r05_run04_eval_reward.png,C:\Users\ytyla\Documents\GitHub\robot_eel\mujoco_simulation\outputs\csv_png\ppo_turn_right_a20_r05_run04_eval_debug.csv,C:\Users\ytyla\Documents\GitHub\robot_eel\mujoco_simulation\outputs\csv_png\fixed_gait_trajectories_mean\ppo_turn_right_a20_r05_run04_trajectory.csv,C:\Users\ytyla\Documents\GitHub\robot_eel\mujoco_simulation\outputs\csv_png\fixed_gait_trajectories_mean\ppo_turn_right_a20_r05_run04_trajectory.png,C:\Users\ytyla\Documents\GitHub\robot_eel\mujoco_simulation\outputs\csv_png\fixed_gait_trajectories_mean\ppo_turn_right_a20_r05_run04_summary.json,C:\Users\ytyla\Documents\GitHub\robot_eel\mujoco_simulation\outputs\csv_png\fitted_curve_comparison_mean\sim_ppo_turn_right_a20_r05_run04_fitted_rotated.png,C:\Users\ytyla\Documents\GitHub\robot_eel\mujoco_simulation\outputs\csv_png\fitted_curve_comparison_mean\ppo_turn_right_a20_r05_run04_fitted_summary.json,C:\Users\ytyla\Documents\GitHub\robot_eel\mujoco_simulation\outputs\batch_logs\ppo_turn_right_a20_r05_run04.train.log,
ppo_turn_right_a20_r05_run05,radius,right,0.5,done,2026-06-15 16:57:10,2026-06-15 17:10:55,C:\Users\ytyla\Documents\GitHub\robot_eel\mujoco_simulation\outputs\zips\ppo_turn_right_a20_r05_run05.zip,C:\Users\ytyla\Documents\GitHub\robot_eel\mujoco_simulation\outputs\json\rl_gaits\ppo_turn_right_a20_r05_run05.json,C:\Users\ytyla\Documents\GitHub\robot_eel\mujoco_simulation\outputs\csv_png\ppo_turn_right_a20_r05_run05_eval_reward.csv,C:\Users\ytyla\Documents\GitHub\robot_eel\mujoco_simulation\outputs\csv_png\ppo_turn_right_a20_r05_run05_eval_reward.png,C:\Users\ytyla\Documents\GitHub\robot_eel\mujoco_simulation\outputs\csv_png\ppo_turn_right_a20_r05_run05_eval_debug.csv,C:\Users\ytyla\Documents\GitHub\robot_eel\mujoco_simulation\outputs\csv_png\fixed_gait_trajectories_mean\ppo_turn_right_a20_r05_run05_trajectory.csv,C:\Users\ytyla\Documents\GitHub\robot_eel\mujoco_simulation\outputs\csv_png\fixed_gait_trajectories_mean\ppo_turn_right_a20_r05_run05_trajectory.png,C:\Users\ytyla\Documents\GitHub\robot_eel\mujoco_simulation\outputs\csv_png\fixed_gait_trajectories_mean\ppo_turn_right_a20_r05_run05_summary.json,C:\Users\ytyla\Documents\GitHub\robot_eel\mujoco_simulation\outputs\csv_png\fitted_curve_comparison_mean\sim_ppo_turn_right_a20_r05_run05_fitted_rotated.png,C:\Users\ytyla\Documents\GitHub\robot_eel\mujoco_simulation\outputs\csv_png\fitted_curve_comparison_mean\ppo_turn_right_a20_r05_run05_fitted_summary.json,C:\Users\ytyla\Documents\GitHub\robot_eel\mujoco_simulation\outputs\batch_logs\ppo_turn_right_a20_r05_run05.train.log,
ppo_turn_right_a20_r07_run01,radius,right,0.7,done,2026-06-15 17:10:55,2026-06-15 17:24:35,C:\Users\ytyla\Documents\GitHub\robot_eel\mujoco_simulation\outputs\zips\ppo_turn_right_a20_r07_run01.zip,C:\Users\ytyla\Documents\GitHub\robot_eel\mujoco_simulation\outputs\json\rl_gaits\ppo_turn_right_a20_r07_run01.json,C:\Users\ytyla\Documents\GitHub\robot_eel\mujoco_simulation\outputs\csv_png\ppo_turn_right_a20_r07_run01_eval_reward.csv,C:\Users\ytyla\Documents\GitHub\robot_eel\mujoco_simulation\outputs\csv_png\ppo_turn_right_a20_r07_run01_eval_reward.png,C:\Users\ytyla\Documents\GitHub\robot_eel\mujoco_simulation\outputs\csv_png\ppo_turn_right_a20_r07_run01_eval_debug.csv,C:\Users\ytyla\Documents\GitHub\robot_eel\mujoco_simulation\outputs\csv_png\fixed_gait_trajectories_mean\ppo_turn_right_a20_r07_run01_trajectory.csv,C:\Users\ytyla\Documents\GitHub\robot_eel\mujoco_simulation\outputs\csv_png\fixed_gait_trajectories_mean\ppo_turn_right_a20_r07_run01_trajectory.png,C:\Users\ytyla\Documents\GitHub\robot_eel\mujoco_simulation\outputs\csv_png\fixed_gait_trajectories_mean\ppo_turn_right_a20_r07_run01_summary.json,C:\Users\ytyla\Documents\GitHub\robot_eel\mujoco_simulation\outputs\csv_png\fitted_curve_comparison_mean\sim_ppo_turn_right_a20_r07_run01_fitted_rotated.png,C:\Users\ytyla\Documents\GitHub\robot_eel\mujoco_simulation\outputs\csv_png\fitted_curve_comparison_mean\ppo_turn_right_a20_r07_run01_fitted_summary.json,C:\Users\ytyla\Documents\GitHub\robot_eel\mujoco_simulation\outputs\batch_logs\ppo_turn_right_a20_r07_run01.train.log,
ppo_turn_right_a20_r07_run02,radius,right,0.7,done,2026-06-15 17:24:35,2026-06-15 17:38:22,C:\Users\ytyla\Documents\GitHub\robot_eel\mujoco_simulation\outputs\zips\ppo_turn_right_a20_r07_run02.zip,C:\Users\ytyla\Documents\GitHub\robot_eel\mujoco_simulation\outputs\json\rl_gaits\ppo_turn_right_a20_r07_run02.json,C:\Users\ytyla\Documents\GitHub\robot_eel\mujoco_simulation\outputs\csv_png\ppo_turn_right_a20_r07_run02_eval_reward.csv,C:\Users\ytyla\Documents\GitHub\robot_eel\mujoco_simulation\outputs\csv_png\ppo_turn_right_a20_r07_run02_eval_reward.png,C:\Users\ytyla\Documents\GitHub\robot_eel\mujoco_simulation\outputs\csv_png\ppo_turn_right_a20_r07_run02_eval_debug.csv,C:\Users\ytyla\Documents\GitHub\robot_eel\mujoco_simulation\outputs\csv_png\fixed_gait_trajectories_mean\ppo_turn_right_a20_r07_run02_trajectory.csv,C:\Users\ytyla\Documents\GitHub\robot_eel\mujoco_simulation\outputs\csv_png\fixed_gait_trajectories_mean\ppo_turn_right_a20_r07_run02_trajectory.png,C:\Users\ytyla\Documents\GitHub\robot_eel\mujoco_simulation\outputs\csv_png\fixed_gait_trajectories_mean\ppo_turn_right_a20_r07_run02_summary.json,C:\Users\ytyla\Documents\GitHub\robot_eel\mujoco_simulation\outputs\csv_png\fitted_curve_comparison_mean\sim_ppo_turn_right_a20_r07_run02_fitted_rotated.png,C:\Users\ytyla\Documents\GitHub\robot_eel\mujoco_simulation\outputs\csv_png\fitted_curve_comparison_mean\ppo_turn_right_a20_r07_run02_fitted_summary.json,C:\Users\ytyla\Documents\GitHub\robot_eel\mujoco_simulation\outputs\batch_logs\ppo_turn_right_a20_r07_run02.train.log,
ppo_turn_right_a20_r07_run03,radius,right,0.7,done,2026-06-15 17:38:22,2026-06-15 17:52:23,C:\Users\ytyla\Documents\GitHub\robot_eel\mujoco_simulation\outputs\zips\ppo_turn_right_a20_r07_run03.zip,C:\Users\ytyla\Documents\GitHub\robot_eel\mujoco_simulation\outputs\json\rl_gaits\ppo_turn_right_a20_r07_run03.json,C:\Users\ytyla\Documents\GitHub\robot_eel\mujoco_simulation\outputs\csv_png\ppo_turn_right_a20_r07_run03_eval_reward.csv,C:\Users\ytyla\Documents\GitHub\robot_eel\mujoco_simulation\outputs\csv_png\ppo_turn_right_a20_r07_run03_eval_reward.png,C:\Users\ytyla\Documents\GitHub\robot_eel\mujoco_simulation\outputs\csv_png\ppo_turn_right_a20_r07_run03_eval_debug.csv,C:\Users\ytyla\Documents\GitHub\robot_eel\mujoco_simulation\outputs\csv_png\fixed_gait_trajectories_mean\ppo_turn_right_a20_r07_run03_trajectory.csv,C:\Users\ytyla\Documents\GitHub\robot_eel\mujoco_simulation\outputs\csv_png\fixed_gait_trajectories_mean\ppo_turn_right_a20_r07_run03_trajectory.png,C:\Users\ytyla\Documents\GitHub\robot_eel\mujoco_simulation\outputs\csv_png\fixed_gait_trajectories_mean\ppo_turn_right_a20_r07_run03_summary.json,C:\Users\ytyla\Documents\GitHub\robot_eel\mujoco_simulation\outputs\csv_png\fitted_curve_comparison_mean\sim_ppo_turn_right_a20_r07_run03_fitted_rotated.png,C:\Users\ytyla\Documents\GitHub\robot_eel\mujoco_simulation\outputs\csv_png\fitted_curve_comparison_mean\ppo_turn_right_a20_r07_run03_fitted_summary.json,C:\Users\ytyla\Documents\GitHub\robot_eel\mujoco_simulation\outputs\batch_logs\ppo_turn_right_a20_r07_run03.train.log,
ppo_turn_right_a20_r07_run04,radius,right,0.7,done,2026-06-15 17:52:23,2026-06-15 18:06:05,C:\Users\ytyla\Documents\GitHub\robot_eel\mujoco_simulation\outputs\zips\ppo_turn_right_a20_r07_run04.zip,C:\Users\ytyla\Documents\GitHub\robot_eel\mujoco_simulation\outputs\json\rl_gaits\ppo_turn_right_a20_r07_run04.json,C:\Users\ytyla\Documents\GitHub\robot_eel\mujoco_simulation\outputs\csv_png\ppo_turn_right_a20_r07_run04_eval_reward.csv,C:\Users\ytyla\Documents\GitHub\robot_eel\mujoco_simulation\outputs\csv_png\ppo_turn_right_a20_r07_run04_eval_reward.png,C:\Users\ytyla\Documents\GitHub\robot_eel\mujoco_simulation\outputs\csv_png\ppo_turn_right_a20_r07_run04_eval_debug.csv,C:\Users\ytyla\Documents\GitHub\robot_eel\mujoco_simulation\outputs\csv_png\fixed_gait_trajectories_mean\ppo_turn_right_a20_r07_run04_trajectory.csv,C:\Users\ytyla\Documents\GitHub\robot_eel\mujoco_simulation\outputs\csv_png\fixed_gait_trajectories_mean\ppo_turn_right_a20_r07_run04_trajectory.png,C:\Users\ytyla\Documents\GitHub\robot_eel\mujoco_simulation\outputs\csv_png\fixed_gait_trajectories_mean\ppo_turn_right_a20_r07_run04_summary.json,C:\Users\ytyla\Documents\GitHub\robot_eel\mujoco_simulation\outputs\csv_png\fitted_curve_comparison_mean\sim_ppo_turn_right_a20_r07_run04_fitted_rotated.png,C:\Users\ytyla\Documents\GitHub\robot_eel\mujoco_simulation\outputs\csv_png\fitted_curve_comparison_mean\ppo_turn_right_a20_r07_run04_fitted_summary.json,C:\Users\ytyla\Documents\GitHub\robot_eel\mujoco_simulation\outputs\batch_logs\ppo_turn_right_a20_r07_run04.train.log,
ppo_turn_right_a20_r07_run05,radius,right,0.7,done,2026-06-15 18:06:05,2026-06-15 18:19:40,C:\Users\ytyla\Documents\GitHub\robot_eel\mujoco_simulation\outputs\zips\ppo_turn_right_a20_r07_run05.zip,C:\Users\ytyla\Documents\GitHub\robot_eel\mujoco_simulation\outputs\json\rl_gaits\ppo_turn_right_a20_r07_run05.json,C:\Users\ytyla\Documents\GitHub\robot_eel\mujoco_simulation\outputs\csv_png\ppo_turn_right_a20_r07_run05_eval_reward.csv,C:\Users\ytyla\Documents\GitHub\robot_eel\mujoco_simulation\outputs\csv_png\ppo_turn_right_a20_r07_run05_eval_reward.png,C:\Users\ytyla\Documents\GitHub\robot_eel\mujoco_simulation\outputs\csv_png\ppo_turn_right_a20_r07_run05_eval_debug.csv,C:\Users\ytyla\Documents\GitHub\robot_eel\mujoco_simulation\outputs\csv_png\fixed_gait_trajectories_mean\ppo_turn_right_a20_r07_run05_trajectory.csv,C:\Users\ytyla\Documents\GitHub\robot_eel\mujoco_simulation\outputs\csv_png\fixed_gait_trajectories_mean\ppo_turn_right_a20_r07_run05_trajectory.png,C:\Users\ytyla\Documents\GitHub\robot_eel\mujoco_simulation\outputs\csv_png\fixed_gait_trajectories_mean\ppo_turn_right_a20_r07_run05_summary.json,C:\Users\ytyla\Documents\GitHub\robot_eel\mujoco_simulation\outputs\csv_png\fitted_curve_comparison_mean\sim_ppo_turn_right_a20_r07_run05_fitted_rotated.png,C:\Users\ytyla\Documents\GitHub\robot_eel\mujoco_simulation\outputs\csv_png\fitted_curve_comparison_mean\ppo_turn_right_a20_r07_run05_fitted_summary.json,C:\Users\ytyla\Documents\GitHub\robot_eel\mujoco_simulation\outputs\batch_logs\ppo_turn_right_a20_r07_run05.train.log,
ppo_turn_left_a20_r03_run01,radius,left,0.3,done,2026-06-15 18:19:40,2026-06-15 18:33:25,C:\Users\ytyla\Documents\GitHub\robot_eel\mujoco_simulation\outputs\zips\ppo_turn_left_a20_r03_run01.zip,C:\Users\ytyla\Documents\GitHub\robot_eel\mujoco_simulation\outputs\json\rl_gaits\ppo_turn_left_a20_r03_run01.json,C:\Users\ytyla\Documents\GitHub\robot_eel\mujoco_simulation\outputs\csv_png\ppo_turn_left_a20_r03_run01_eval_reward.csv,C:\Users\ytyla\Documents\GitHub\robot_eel\mujoco_simulation\outputs\csv_png\ppo_turn_left_a20_r03_run01_eval_reward.png,C:\Users\ytyla\Documents\GitHub\robot_eel\mujoco_simulation\outputs\csv_png\ppo_turn_left_a20_r03_run01_eval_debug.csv,C:\Users\ytyla\Documents\GitHub\robot_eel\mujoco_simulation\outputs\csv_png\fixed_gait_trajectories_mean\ppo_turn_left_a20_r03_run01_trajectory.csv,C:\Users\ytyla\Documents\GitHub\robot_eel\mujoco_simulation\outputs\csv_png\fixed_gait_trajectories_mean\ppo_turn_left_a20_r03_run01_trajectory.png,C:\Users\ytyla\Documents\GitHub\robot_eel\mujoco_simulation\outputs\csv_png\fixed_gait_trajectories_mean\ppo_turn_left_a20_r03_run01_summary.json,C:\Users\ytyla\Documents\GitHub\robot_eel\mujoco_simulation\outputs\csv_png\fitted_curve_comparison_mean\sim_ppo_turn_left_a20_r03_run01_fitted_rotated.png,C:\Users\ytyla\Documents\GitHub\robot_eel\mujoco_simulation\outputs\csv_png\fitted_curve_comparison_mean\ppo_turn_left_a20_r03_run01_fitted_summary.json,C:\Users\ytyla\Documents\GitHub\robot_eel\mujoco_simulation\outputs\batch_logs\ppo_turn_left_a20_r03_run01.train.log,
ppo_turn_left_a20_r03_run02,radius,left,0.3,done,2026-06-15 18:33:25,2026-06-15 18:46:55,C:\Users\ytyla\Documents\GitHub\robot_eel\mujoco_simulation\outputs\zips\ppo_turn_left_a20_r03_run02.zip,C:\Users\ytyla\Documents\GitHub\robot_eel\mujoco_simulation\outputs\json\rl_gaits\ppo_turn_left_a20_r03_run02.json,C:\Users\ytyla\Documents\GitHub\robot_eel\mujoco_simulation\outputs\csv_png\ppo_turn_left_a20_r03_run02_eval_reward.csv,C:\Users\ytyla\Documents\GitHub\robot_eel\mujoco_simulation\outputs\csv_png\ppo_turn_left_a20_r03_run02_eval_reward.png,C:\Users\ytyla\Documents\GitHub\robot_eel\mujoco_simulation\outputs\csv_png\ppo_turn_left_a20_r03_run02_eval_debug.csv,C:\Users\ytyla\Documents\GitHub\robot_eel\mujoco_simulation\outputs\csv_png\fixed_gait_trajectories_mean\ppo_turn_left_a20_r03_run02_trajectory.csv,C:\Users\ytyla\Documents\GitHub\robot_eel\mujoco_simulation\outputs\csv_png\fixed_gait_trajectories_mean\ppo_turn_left_a20_r03_run02_trajectory.png,C:\Users\ytyla\Documents\GitHub\robot_eel\mujoco_simulation\outputs\csv_png\fixed_gait_trajectories_mean\ppo_turn_left_a20_r03_run02_summary.json,C:\Users\ytyla\Documents\GitHub\robot_eel\mujoco_simulation\outputs\csv_png\fitted_curve_comparison_mean\sim_ppo_turn_left_a20_r03_run02_fitted_rotated.png,C:\Users\ytyla\Documents\GitHub\robot_eel\mujoco_simulation\outputs\csv_png\fitted_curve_comparison_mean\ppo_turn_left_a20_r03_run02_fitted_summary.json,C:\Users\ytyla\Documents\GitHub\robot_eel\mujoco_simulation\outputs\batch_logs\ppo_turn_left_a20_r03_run02.train.log,
ppo_turn_left_a20_r03_run03,radius,left,0.3,done,2026-06-15 18:46:55,2026-06-15 19:00:32,C:\Users\ytyla\Documents\GitHub\robot_eel\mujoco_simulation\outputs\zips\ppo_turn_left_a20_r03_run03.zip,C:\Users\ytyla\Documents\GitHub\robot_eel\mujoco_simulation\outputs\json\rl_gaits\ppo_turn_left_a20_r03_run03.json,C:\Users\ytyla\Documents\GitHub\robot_eel\mujoco_simulation\outputs\csv_png\ppo_turn_left_a20_r03_run03_eval_reward.csv,C:\Users\ytyla\Documents\GitHub\robot_eel\mujoco_simulation\outputs\csv_png\ppo_turn_left_a20_r03_run03_eval_reward.png,C:\Users\ytyla\Documents\GitHub\robot_eel\mujoco_simulation\outputs\csv_png\ppo_turn_left_a20_r03_run03_eval_debug.csv,C:\Users\ytyla\Documents\GitHub\robot_eel\mujoco_simulation\outputs\csv_png\fixed_gait_trajectories_mean\ppo_turn_left_a20_r03_run03_trajectory.csv,C:\Users\ytyla\Documents\GitHub\robot_eel\mujoco_simulation\outputs\csv_png\fixed_gait_trajectories_mean\ppo_turn_left_a20_r03_run03_trajectory.png,C:\Users\ytyla\Documents\GitHub\robot_eel\mujoco_simulation\outputs\csv_png\fixed_gait_trajectories_mean\ppo_turn_left_a20_r03_run03_summary.json,C:\Users\ytyla\Documents\GitHub\robot_eel\mujoco_simulation\outputs\csv_png\fitted_curve_comparison_mean\sim_ppo_turn_left_a20_r03_run03_fitted_rotated.png,C:\Users\ytyla\Documents\GitHub\robot_eel\mujoco_simulation\outputs\csv_png\fitted_curve_comparison_mean\ppo_turn_left_a20_r03_run03_fitted_summary.json,C:\Users\ytyla\Documents\GitHub\robot_eel\mujoco_simulation\outputs\batch_logs\ppo_turn_left_a20_r03_run03.train.log,
ppo_turn_left_a20_r03_run04,radius,left,0.3,done,2026-06-15 19:00:32,2026-06-15 19:14:17,C:\Users\ytyla\Documents\GitHub\robot_eel\mujoco_simulation\outputs\zips\ppo_turn_left_a20_r03_run04.zip,C:\Users\ytyla\Documents\GitHub\robot_eel\mujoco_simulation\outputs\json\rl_gaits\ppo_turn_left_a20_r03_run04.json,C:\Users\ytyla\Documents\GitHub\robot_eel\mujoco_simulation\outputs\csv_png\ppo_turn_left_a20_r03_run04_eval_reward.csv,C:\Users\ytyla\Documents\GitHub\robot_eel\mujoco_simulation\outputs\csv_png\ppo_turn_left_a20_r03_run04_eval_reward.png,C:\Users\ytyla\Documents\GitHub\robot_eel\mujoco_simulation\outputs\csv_png\ppo_turn_left_a20_r03_run04_eval_debug.csv,C:\Users\ytyla\Documents\GitHub\robot_eel\mujoco_simulation\outputs\csv_png\fixed_gait_trajectories_mean\ppo_turn_left_a20_r03_run04_trajectory.csv,C:\Users\ytyla\Documents\GitHub\robot_eel\mujoco_simulation\outputs\csv_png\fixed_gait_trajectories_mean\ppo_turn_left_a20_r03_run04_trajectory.png,C:\Users\ytyla\Documents\GitHub\robot_eel\mujoco_simulation\outputs\csv_png\fixed_gait_trajectories_mean\ppo_turn_left_a20_r03_run04_summary.json,C:\Users\ytyla\Documents\GitHub\robot_eel\mujoco_simulation\outputs\csv_png\fitted_curve_comparison_mean\sim_ppo_turn_left_a20_r03_run04_fitted_rotated.png,C:\Users\ytyla\Documents\GitHub\robot_eel\mujoco_simulation\outputs\csv_png\fitted_curve_comparison_mean\ppo_turn_left_a20_r03_run04_fitted_summary.json,C:\Users\ytyla\Documents\GitHub\robot_eel\mujoco_simulation\outputs\batch_logs\ppo_turn_left_a20_r03_run04.train.log,
ppo_turn_left_a20_r03_run05,radius,left,0.3,done,2026-06-15 19:14:17,2026-06-15 19:28:31,C:\Users\ytyla\Documents\GitHub\robot_eel\mujoco_simulation\outputs\zips\ppo_turn_left_a20_r03_run05.zip,C:\Users\ytyla\Documents\GitHub\robot_eel\mujoco_simulation\outputs\json\rl_gaits\ppo_turn_left_a20_r03_run05.json,C:\Users\ytyla\Documents\GitHub\robot_eel\mujoco_simulation\outputs\csv_png\ppo_turn_left_a20_r03_run05_eval_reward.csv,C:\Users\ytyla\Documents\GitHub\robot_eel\mujoco_simulation\outputs\csv_png\ppo_turn_left_a20_r03_run05_eval_reward.png,C:\Users\ytyla\Documents\GitHub\robot_eel\mujoco_simulation\outputs\csv_png\ppo_turn_left_a20_r03_run05_eval_debug.csv,C:\Users\ytyla\Documents\GitHub\robot_eel\mujoco_simulation\outputs\csv_png\fixed_gait_trajectories_mean\ppo_turn_left_a20_r03_run05_trajectory.csv,C:\Users\ytyla\Documents\GitHub\robot_eel\mujoco_simulation\outputs\csv_png\fixed_gait_trajectories_mean\ppo_turn_left_a20_r03_run05_trajectory.png,C:\Users\ytyla\Documents\GitHub\robot_eel\mujoco_simulation\outputs\csv_png\fixed_gait_trajectories_mean\ppo_turn_left_a20_r03_run05_summary.json,C:\Users\ytyla\Documents\GitHub\robot_eel\mujoco_simulation\outputs\csv_png\fitted_curve_comparison_mean\sim_ppo_turn_left_a20_r03_run05_fitted_rotated.png,C:\Users\ytyla\Documents\GitHub\robot_eel\mujoco_simulation\outputs\csv_png\fitted_curve_comparison_mean\ppo_turn_left_a20_r03_run05_fitted_summary.json,C:\Users\ytyla\Documents\GitHub\robot_eel\mujoco_simulation\outputs\batch_logs\ppo_turn_left_a20_r03_run05.train.log,
ppo_turn_left_a20_r05_run01,radius,left,0.5,done,2026-06-15 19:28:31,2026-06-15 19:43:14,C:\Users\ytyla\Documents\GitHub\robot_eel\mujoco_simulation\outputs\zips\ppo_turn_left_a20_r05_run01.zip,C:\Users\ytyla\Documents\GitHub\robot_eel\mujoco_simulation\outputs\json\rl_gaits\ppo_turn_left_a20_r05_run01.json,C:\Users\ytyla\Documents\GitHub\robot_eel\mujoco_simulation\outputs\csv_png\ppo_turn_left_a20_r05_run01_eval_reward.csv,C:\Users\ytyla\Documents\GitHub\robot_eel\mujoco_simulation\outputs\csv_png\ppo_turn_left_a20_r05_run01_eval_reward.png,C:\Users\ytyla\Documents\GitHub\robot_eel\mujoco_simulation\outputs\csv_png\ppo_turn_left_a20_r05_run01_eval_debug.csv,C:\Users\ytyla\Documents\GitHub\robot_eel\mujoco_simulation\outputs\csv_png\fixed_gait_trajectories_mean\ppo_turn_left_a20_r05_run01_trajectory.csv,C:\Users\ytyla\Documents\GitHub\robot_eel\mujoco_simulation\outputs\csv_png\fixed_gait_trajectories_mean\ppo_turn_left_a20_r05_run01_trajectory.png,C:\Users\ytyla\Documents\GitHub\robot_eel\mujoco_simulation\outputs\csv_png\fixed_gait_trajectories_mean\ppo_turn_left_a20_r05_run01_summary.json,C:\Users\ytyla\Documents\GitHub\robot_eel\mujoco_simulation\outputs\csv_png\fitted_curve_comparison_mean\sim_ppo_turn_left_a20_r05_run01_fitted_rotated.png,C:\Users\ytyla\Documents\GitHub\robot_eel\mujoco_simulation\outputs\csv_png\fitted_curve_comparison_mean\ppo_turn_left_a20_r05_run01_fitted_summary.json,C:\Users\ytyla\Documents\GitHub\robot_eel\mujoco_simulation\outputs\batch_logs\ppo_turn_left_a20_r05_run01.train.log,
ppo_turn_left_a20_r05_run02,radius,left,0.5,done,2026-06-15 19:43:14,2026-06-15 20:01:13,C:\Users\ytyla\Documents\GitHub\robot_eel\mujoco_simulation\outputs\zips\ppo_turn_left_a20_r05_run02.zip,C:\Users\ytyla\Documents\GitHub\robot_eel\mujoco_simulation\outputs\json\rl_gaits\ppo_turn_left_a20_r05_run02.json,C:\Users\ytyla\Documents\GitHub\robot_eel\mujoco_simulation\outputs\csv_png\ppo_turn_left_a20_r05_run02_eval_reward.csv,C:\Users\ytyla\Documents\GitHub\robot_eel\mujoco_simulation\outputs\csv_png\ppo_turn_left_a20_r05_run02_eval_reward.png,C:\Users\ytyla\Documents\GitHub\robot_eel\mujoco_simulation\outputs\csv_png\ppo_turn_left_a20_r05_run02_eval_debug.csv,C:\Users\ytyla\Documents\GitHub\robot_eel\mujoco_simulation\outputs\csv_png\fixed_gait_trajectories_mean\ppo_turn_left_a20_r05_run02_trajectory.csv,C:\Users\ytyla\Documents\GitHub\robot_eel\mujoco_simulation\outputs\csv_png\fixed_gait_trajectories_mean\ppo_turn_left_a20_r05_run02_trajectory.png,C:\Users\ytyla\Documents\GitHub\robot_eel\mujoco_simulation\outputs\csv_png\fixed_gait_trajectories_mean\ppo_turn_left_a20_r05_run02_summary.json,C:\Users\ytyla\Documents\GitHub\robot_eel\mujoco_simulation\outputs\csv_png\fitted_curve_comparison_mean\sim_ppo_turn_left_a20_r05_run02_fitted_rotated.png,C:\Users\ytyla\Documents\GitHub\robot_eel\mujoco_simulation\outputs\csv_png\fitted_curve_comparison_mean\ppo_turn_left_a20_r05_run02_fitted_summary.json,C:\Users\ytyla\Documents\GitHub\robot_eel\mujoco_simulation\outputs\batch_logs\ppo_turn_left_a20_r05_run02.train.log,
ppo_turn_left_a20_r05_run03,radius,left,0.5,done,2026-06-15 20:01:13,2026-06-15 20:18:34,C:\Users\ytyla\Documents\GitHub\robot_eel\mujoco_simulation\outputs\zips\ppo_turn_left_a20_r05_run03.zip,C:\Users\ytyla\Documents\GitHub\robot_eel\mujoco_simulation\outputs\json\rl_gaits\ppo_turn_left_a20_r05_run03.json,C:\Users\ytyla\Documents\GitHub\robot_eel\mujoco_simulation\outputs\csv_png\ppo_turn_left_a20_r05_run03_eval_reward.csv,C:\Users\ytyla\Documents\GitHub\robot_eel\mujoco_simulation\outputs\csv_png\ppo_turn_left_a20_r05_run03_eval_reward.png,C:\Users\ytyla\Documents\GitHub\robot_eel\mujoco_simulation\outputs\csv_png\ppo_turn_left_a20_r05_run03_eval_debug.csv,C:\Users\ytyla\Documents\GitHub\robot_eel\mujoco_simulation\outputs\csv_png\fixed_gait_trajectories_mean\ppo_turn_left_a20_r05_run03_trajectory.csv,C:\Users\ytyla\Documents\GitHub\robot_eel\mujoco_simulation\outputs\csv_png\fixed_gait_trajectories_mean\ppo_turn_left_a20_r05_run03_trajectory.png,C:\Users\ytyla\Documents\GitHub\robot_eel\mujoco_simulation\outputs\csv_png\fixed_gait_trajectories_mean\ppo_turn_left_a20_r05_run03_summary.json,C:\Users\ytyla\Documents\GitHub\robot_eel\mujoco_simulation\outputs\csv_png\fitted_curve_comparison_mean\sim_ppo_turn_left_a20_r05_run03_fitted_rotated.png,C:\Users\ytyla\Documents\GitHub\robot_eel\mujoco_simulation\outputs\csv_png\fitted_curve_comparison_mean\ppo_turn_left_a20_r05_run03_fitted_summary.json,C:\Users\ytyla\Documents\GitHub\robot_eel\mujoco_simulation\outputs\batch_logs\ppo_turn_left_a20_r05_run03.train.log,
ppo_turn_left_a20_r05_run04,radius,left,0.5,done,2026-06-15 20:18:34,2026-06-15 20:35:30,C:\Users\ytyla\Documents\GitHub\robot_eel\mujoco_simulation\outputs\zips\ppo_turn_left_a20_r05_run04.zip,C:\Users\ytyla\Documents\GitHub\robot_eel\mujoco_simulation\outputs\json\rl_gaits\ppo_turn_left_a20_r05_run04.json,C:\Users\ytyla\Documents\GitHub\robot_eel\mujoco_simulation\outputs\csv_png\ppo_turn_left_a20_r05_run04_eval_reward.csv,C:\Users\ytyla\Documents\GitHub\robot_eel\mujoco_simulation\outputs\csv_png\ppo_turn_left_a20_r05_run04_eval_reward.png,C:\Users\ytyla\Documents\GitHub\robot_eel\mujoco_simulation\outputs\csv_png\ppo_turn_left_a20_r05_run04_eval_debug.csv,C:\Users\ytyla\Documents\GitHub\robot_eel\mujoco_simulation\outputs\csv_png\fixed_gait_trajectories_mean\ppo_turn_left_a20_r05_run04_trajectory.csv,C:\Users\ytyla\Documents\GitHub\robot_eel\mujoco_simulation\outputs\csv_png\fixed_gait_trajectories_mean\ppo_turn_left_a20_r05_run04_trajectory.png,C:\Users\ytyla\Documents\GitHub\robot_eel\mujoco_simulation\outputs\csv_png\fixed_gait_trajectories_mean\ppo_turn_left_a20_r05_run04_summary.json,C:\Users\ytyla\Documents\GitHub\robot_eel\mujoco_simulation\outputs\csv_png\fitted_curve_comparison_mean\sim_ppo_turn_left_a20_r05_run04_fitted_rotated.png,C:\Users\ytyla\Documents\GitHub\robot_eel\mujoco_simulation\outputs\csv_png\fitted_curve_comparison_mean\ppo_turn_left_a20_r05_run04_fitted_summary.json,C:\Users\ytyla\Documents\GitHub\robot_eel\mujoco_simulation\outputs\batch_logs\ppo_turn_left_a20_r05_run04.train.log,
ppo_turn_left_a20_r05_run05,radius,left,0.5,done,2026-06-15 20:35:30,2026-06-15 20:51:40,C:\Users\ytyla\Documents\GitHub\robot_eel\mujoco_simulation\outputs\zips\ppo_turn_left_a20_r05_run05.zip,C:\Users\ytyla\Documents\GitHub\robot_eel\mujoco_simulation\outputs\json\rl_gaits\ppo_turn_left_a20_r05_run05.json,C:\Users\ytyla\Documents\GitHub\robot_eel\mujoco_simulation\outputs\csv_png\ppo_turn_left_a20_r05_run05_eval_reward.csv,C:\Users\ytyla\Documents\GitHub\robot_eel\mujoco_simulation\outputs\csv_png\ppo_turn_left_a20_r05_run05_eval_reward.png,C:\Users\ytyla\Documents\GitHub\robot_eel\mujoco_simulation\outputs\csv_png\ppo_turn_left_a20_r05_run05_eval_debug.csv,C:\Users\ytyla\Documents\GitHub\robot_eel\mujoco_simulation\outputs\csv_png\fixed_gait_trajectories_mean\ppo_turn_left_a20_r05_run05_trajectory.csv,C:\Users\ytyla\Documents\GitHub\robot_eel\mujoco_simulation\outputs\csv_png\fixed_gait_trajectories_mean\ppo_turn_left_a20_r05_run05_trajectory.png,C:\Users\ytyla\Documents\GitHub\robot_eel\mujoco_simulation\outputs\csv_png\fixed_gait_trajectories_mean\ppo_turn_left_a20_r05_run05_summary.json,C:\Users\ytyla\Documents\GitHub\robot_eel\mujoco_simulation\outputs\csv_png\fitted_curve_comparison_mean\sim_ppo_turn_left_a20_r05_run05_fitted_rotated.png,C:\Users\ytyla\Documents\GitHub\robot_eel\mujoco_simulation\outputs\csv_png\fitted_curve_comparison_mean\ppo_turn_left_a20_r05_run05_fitted_summary.json,C:\Users\ytyla\Documents\GitHub\robot_eel\mujoco_simulation\outputs\batch_logs\ppo_turn_left_a20_r05_run05.train.log,
ppo_turn_left_a20_r07_run01,radius,left,0.7,done,2026-06-15 20:51:40,2026-06-15 21:07:44,C:\Users\ytyla\Documents\GitHub\robot_eel\mujoco_simulation\outputs\zips\ppo_turn_left_a20_r07_run01.zip,C:\Users\ytyla\Documents\GitHub\robot_eel\mujoco_simulation\outputs\json\rl_gaits\ppo_turn_left_a20_r07_run01.json,C:\Users\ytyla\Documents\GitHub\robot_eel\mujoco_simulation\outputs\csv_png\ppo_turn_left_a20_r07_run01_eval_reward.csv,C:\Users\ytyla\Documents\GitHub\robot_eel\mujoco_simulation\outputs\csv_png\ppo_turn_left_a20_r07_run01_eval_reward.png,C:\Users\ytyla\Documents\GitHub\robot_eel\mujoco_simulation\outputs\csv_png\ppo_turn_left_a20_r07_run01_eval_debug.csv,C:\Users\ytyla\Documents\GitHub\robot_eel\mujoco_simulation\outputs\csv_png\fixed_gait_trajectories_mean\ppo_turn_left_a20_r07_run01_trajectory.csv,C:\Users\ytyla\Documents\GitHub\robot_eel\mujoco_simulation\outputs\csv_png\fixed_gait_trajectories_mean\ppo_turn_left_a20_r07_run01_trajectory.png,C:\Users\ytyla\Documents\GitHub\robot_eel\mujoco_simulation\outputs\csv_png\fixed_gait_trajectories_mean\ppo_turn_left_a20_r07_run01_summary.json,C:\Users\ytyla\Documents\GitHub\robot_eel\mujoco_simulation\outputs\csv_png\fitted_curve_comparison_mean\sim_ppo_turn_left_a20_r07_run01_fitted_rotated.png,C:\Users\ytyla\Documents\GitHub\robot_eel\mujoco_simulation\outputs\csv_png\fitted_curve_comparison_mean\ppo_turn_left_a20_r07_run01_fitted_summary.json,C:\Users\ytyla\Documents\GitHub\robot_eel\mujoco_simulation\outputs\batch_logs\ppo_turn_left_a20_r07_run01.train.log,
ppo_turn_left_a20_r07_run02,radius,left,0.7,done,2026-06-15 21:07:44,2026-06-15 21:23:51,C:\Users\ytyla\Documents\GitHub\robot_eel\mujoco_simulation\outputs\zips\ppo_turn_left_a20_r07_run02.zip,C:\Users\ytyla\Documents\GitHub\robot_eel\mujoco_simulation\outputs\json\rl_gaits\ppo_turn_left_a20_r07_run02.json,C:\Users\ytyla\Documents\GitHub\robot_eel\mujoco_simulation\outputs\csv_png\ppo_turn_left_a20_r07_run02_eval_reward.csv,C:\Users\ytyla\Documents\GitHub\robot_eel\mujoco_simulation\outputs\csv_png\ppo_turn_left_a20_r07_run02_eval_reward.png,C:\Users\ytyla\Documents\GitHub\robot_eel\mujoco_simulation\outputs\csv_png\ppo_turn_left_a20_r07_run02_eval_debug.csv,C:\Users\ytyla\Documents\GitHub\robot_eel\mujoco_simulation\outputs\csv_png\fixed_gait_trajectories_mean\ppo_turn_left_a20_r07_run02_trajectory.csv,C:\Users\ytyla\Documents\GitHub\robot_eel\mujoco_simulation\outputs\csv_png\fixed_gait_trajectories_mean\ppo_turn_left_a20_r07_run02_trajectory.png,C:\Users\ytyla\Documents\GitHub\robot_eel\mujoco_simulation\outputs\csv_png\fixed_gait_trajectories_mean\ppo_turn_left_a20_r07_run02_summary.json,C:\Users\ytyla\Documents\GitHub\robot_eel\mujoco_simulation\outputs\csv_png\fitted_curve_comparison_mean\sim_ppo_turn_left_a20_r07_run02_fitted_rotated.png,C:\Users\ytyla\Documents\GitHub\robot_eel\mujoco_simulation\outputs\csv_png\fitted_curve_comparison_mean\ppo_turn_left_a20_r07_run02_fitted_summary.json,C:\Users\ytyla\Documents\GitHub\robot_eel\mujoco_simulation\outputs\batch_logs\ppo_turn_left_a20_r07_run02.train.log,
ppo_turn_left_a20_r07_run03,radius,left,0.7,done,2026-06-15 21:23:51,2026-06-15 21:40:11,C:\Users\ytyla\Documents\GitHub\robot_eel\mujoco_simulation\outputs\zips\ppo_turn_left_a20_r07_run03.zip,C:\Users\ytyla\Documents\GitHub\robot_eel\mujoco_simulation\outputs\json\rl_gaits\ppo_turn_left_a20_r07_run03.json,C:\Users\ytyla\Documents\GitHub\robot_eel\mujoco_simulation\outputs\csv_png\ppo_turn_left_a20_r07_run03_eval_reward.csv,C:\Users\ytyla\Documents\GitHub\robot_eel\mujoco_simulation\outputs\csv_png\ppo_turn_left_a20_r07_run03_eval_reward.png,C:\Users\ytyla\Documents\GitHub\robot_eel\mujoco_simulation\outputs\csv_png\ppo_turn_left_a20_r07_run03_eval_debug.csv,C:\Users\ytyla\Documents\GitHub\robot_eel\mujoco_simulation\outputs\csv_png\fixed_gait_trajectories_mean\ppo_turn_left_a20_r07_run03_trajectory.csv,C:\Users\ytyla\Documents\GitHub\robot_eel\mujoco_simulation\outputs\csv_png\fixed_gait_trajectories_mean\ppo_turn_left_a20_r07_run03_trajectory.png,C:\Users\ytyla\Documents\GitHub\robot_eel\mujoco_simulation\outputs\csv_png\fixed_gait_trajectories_mean\ppo_turn_left_a20_r07_run03_summary.json,C:\Users\ytyla\Documents\GitHub\robot_eel\mujoco_simulation\outputs\csv_png\fitted_curve_comparison_mean\sim_ppo_turn_left_a20_r07_run03_fitted_rotated.png,C:\Users\ytyla\Documents\GitHub\robot_eel\mujoco_simulation\outputs\csv_png\fitted_curve_comparison_mean\ppo_turn_left_a20_r07_run03_fitted_summary.json,C:\Users\ytyla\Documents\GitHub\robot_eel\mujoco_simulation\outputs\batch_logs\ppo_turn_left_a20_r07_run03.train.log,
ppo_turn_left_a20_r07_run04,radius,left,0.7,done,2026-06-15 21:40:11,2026-06-15 22:04:20,C:\Users\ytyla\Documents\GitHub\robot_eel\mujoco_simulation\outputs\zips\ppo_turn_left_a20_r07_run04.zip,C:\Users\ytyla\Documents\GitHub\robot_eel\mujoco_simulation\outputs\json\rl_gaits\ppo_turn_left_a20_r07_run04.json,C:\Users\ytyla\Documents\GitHub\robot_eel\mujoco_simulation\outputs\csv_png\ppo_turn_left_a20_r07_run04_eval_reward.csv,C:\Users\ytyla\Documents\GitHub\robot_eel\mujoco_simulation\outputs\csv_png\ppo_turn_left_a20_r07_run04_eval_reward.png,C:\Users\ytyla\Documents\GitHub\robot_eel\mujoco_simulation\outputs\csv_png\ppo_turn_left_a20_r07_run04_eval_debug.csv,C:\Users\ytyla\Documents\GitHub\robot_eel\mujoco_simulation\outputs\csv_png\fixed_gait_trajectories_mean\ppo_turn_left_a20_r07_run04_trajectory.csv,C:\Users\ytyla\Documents\GitHub\robot_eel\mujoco_simulation\outputs\csv_png\fixed_gait_trajectories_mean\ppo_turn_left_a20_r07_run04_trajectory.png,C:\Users\ytyla\Documents\GitHub\robot_eel\mujoco_simulation\outputs\csv_png\fixed_gait_trajectories_mean\ppo_turn_left_a20_r07_run04_summary.json,C:\Users\ytyla\Documents\GitHub\robot_eel\mujoco_simulation\outputs\csv_png\fitted_curve_comparison_mean\sim_ppo_turn_left_a20_r07_run04_fitted_rotated.png,C:\Users\ytyla\Documents\GitHub\robot_eel\mujoco_simulation\outputs\csv_png\fitted_curve_comparison_mean\ppo_turn_left_a20_r07_run04_fitted_summary.json,C:\Users\ytyla\Documents\GitHub\robot_eel\mujoco_simulation\outputs\batch_logs\ppo_turn_left_a20_r07_run04.train.log,
ppo_turn_left_a20_r07_run05,radius,left,0.7,done,2026-06-15 22:04:20,2026-06-15 22:19:03,C:\Users\ytyla\Documents\GitHub\robot_eel\mujoco_simulation\outputs\zips\ppo_turn_left_a20_r07_run05.zip,C:\Users\ytyla\Documents\GitHub\robot_eel\mujoco_simulation\outputs\json\rl_gaits\ppo_turn_left_a20_r07_run05.json,C:\Users\ytyla\Documents\GitHub\robot_eel\mujoco_simulation\outputs\csv_png\ppo_turn_left_a20_r07_run05_eval_reward.csv,C:\Users\ytyla\Documents\GitHub\robot_eel\mujoco_simulation\outputs\csv_png\ppo_turn_left_a20_r07_run05_eval_reward.png,C:\Users\ytyla\Documents\GitHub\robot_eel\mujoco_simulation\outputs\csv_png\ppo_turn_left_a20_r07_run05_eval_debug.csv,C:\Users\ytyla\Documents\GitHub\robot_eel\mujoco_simulation\outputs\csv_png\fixed_gait_trajectories_mean\ppo_turn_left_a20_r07_run05_trajectory.csv,C:\Users\ytyla\Documents\GitHub\robot_eel\mujoco_simulation\outputs\csv_png\fixed_gait_trajectories_mean\ppo_turn_left_a20_r07_run05_trajectory.png,C:\Users\ytyla\Documents\GitHub\robot_eel\mujoco_simulation\outputs\csv_png\fixed_gait_trajectories_mean\ppo_turn_left_a20_r07_run05_summary.json,C:\Users\ytyla\Documents\GitHub\robot_eel\mujoco_simulation\outputs\csv_png\fitted_curve_comparison_mean\sim_ppo_turn_left_a20_r07_run05_fitted_rotated.png,C:\Users\ytyla\Documents\GitHub\robot_eel\mujoco_simulation\outputs\csv_png\fitted_curve_comparison_mean\ppo_turn_left_a20_r07_run05_fitted_summary.json,C:\Users\ytyla\Documents\GitHub\robot_eel\mujoco_simulation\outputs\batch_logs\ppo_turn_left_a20_r07_run05.train.log,
ppo_turn_right_a20_y03_run01,yaw,right,0.3,done,2026-06-15 22:19:03,2026-06-15 22:33:36,C:\Users\ytyla\Documents\GitHub\robot_eel\mujoco_simulation\outputs\zips\ppo_turn_right_a20_y03_run01.zip,C:\Users\ytyla\Documents\GitHub\robot_eel\mujoco_simulation\outputs\json\rl_gaits\ppo_turn_right_a20_y03_run01.json,C:\Users\ytyla\Documents\GitHub\robot_eel\mujoco_simulation\outputs\csv_png\ppo_turn_right_a20_y03_run01_eval_reward.csv,C:\Users\ytyla\Documents\GitHub\robot_eel\mujoco_simulation\outputs\csv_png\ppo_turn_right_a20_y03_run01_eval_reward.png,C:\Users\ytyla\Documents\GitHub\robot_eel\mujoco_simulation\outputs\csv_png\ppo_turn_right_a20_y03_run01_eval_debug.csv,C:\Users\ytyla\Documents\GitHub\robot_eel\mujoco_simulation\outputs\csv_png\fixed_gait_trajectories_mean\ppo_turn_right_a20_y03_run01_trajectory.csv,C:\Users\ytyla\Documents\GitHub\robot_eel\mujoco_simulation\outputs\csv_png\fixed_gait_trajectories_mean\ppo_turn_right_a20_y03_run01_trajectory.png,C:\Users\ytyla\Documents\GitHub\robot_eel\mujoco_simulation\outputs\csv_png\fixed_gait_trajectories_mean\ppo_turn_right_a20_y03_run01_summary.json,C:\Users\ytyla\Documents\GitHub\robot_eel\mujoco_simulation\outputs\csv_png\fitted_curve_comparison_mean\sim_ppo_turn_right_a20_y03_run01_fitted_rotated.png,C:\Users\ytyla\Documents\GitHub\robot_eel\mujoco_simulation\outputs\csv_png\fitted_curve_comparison_mean\ppo_turn_right_a20_y03_run01_fitted_summary.json,C:\Users\ytyla\Documents\GitHub\robot_eel\mujoco_simulation\outputs\batch_logs\ppo_turn_right_a20_y03_run01.train.log,
ppo_turn_right_a20_y03_run02,yaw,right,0.3,done,2026-06-15 22:33:36,2026-06-15 22:48:17,C:\Users\ytyla\Documents\GitHub\robot_eel\mujoco_simulation\outputs\zips\ppo_turn_right_a20_y03_run02.zip,C:\Users\ytyla\Documents\GitHub\robot_eel\mujoco_simulation\outputs\json\rl_gaits\ppo_turn_right_a20_y03_run02.json,C:\Users\ytyla\Documents\GitHub\robot_eel\mujoco_simulation\outputs\csv_png\ppo_turn_right_a20_y03_run02_eval_reward.csv,C:\Users\ytyla\Documents\GitHub\robot_eel\mujoco_simulation\outputs\csv_png\ppo_turn_right_a20_y03_run02_eval_reward.png,C:\Users\ytyla\Documents\GitHub\robot_eel\mujoco_simulation\outputs\csv_png\ppo_turn_right_a20_y03_run02_eval_debug.csv,C:\Users\ytyla\Documents\GitHub\robot_eel\mujoco_simulation\outputs\csv_png\fixed_gait_trajectories_mean\ppo_turn_right_a20_y03_run02_trajectory.csv,C:\Users\ytyla\Documents\GitHub\robot_eel\mujoco_simulation\outputs\csv_png\fixed_gait_trajectories_mean\ppo_turn_right_a20_y03_run02_trajectory.png,C:\Users\ytyla\Documents\GitHub\robot_eel\mujoco_simulation\outputs\csv_png\fixed_gait_trajectories_mean\ppo_turn_right_a20_y03_run02_summary.json,C:\Users\ytyla\Documents\GitHub\robot_eel\mujoco_simulation\outputs\csv_png\fitted_curve_comparison_mean\sim_ppo_turn_right_a20_y03_run02_fitted_rotated.png,C:\Users\ytyla\Documents\GitHub\robot_eel\mujoco_simulation\outputs\csv_png\fitted_curve_comparison_mean\ppo_turn_right_a20_y03_run02_fitted_summary.json,C:\Users\ytyla\Documents\GitHub\robot_eel\mujoco_simulation\outputs\batch_logs\ppo_turn_right_a20_y03_run02.train.log,
ppo_turn_right_a20_y03_run03,yaw,right,0.3,done,2026-06-15 22:48:17,2026-06-15 23:03:23,C:\Users\ytyla\Documents\GitHub\robot_eel\mujoco_simulation\outputs\zips\ppo_turn_right_a20_y03_run03.zip,C:\Users\ytyla\Documents\GitHub\robot_eel\mujoco_simulation\outputs\json\rl_gaits\ppo_turn_right_a20_y03_run03.json,C:\Users\ytyla\Documents\GitHub\robot_eel\mujoco_simulation\outputs\csv_png\ppo_turn_right_a20_y03_run03_eval_reward.csv,C:\Users\ytyla\Documents\GitHub\robot_eel\mujoco_simulation\outputs\csv_png\ppo_turn_right_a20_y03_run03_eval_reward.png,C:\Users\ytyla\Documents\GitHub\robot_eel\mujoco_simulation\outputs\csv_png\ppo_turn_right_a20_y03_run03_eval_debug.csv,C:\Users\ytyla\Documents\GitHub\robot_eel\mujoco_simulation\outputs\csv_png\fixed_gait_trajectories_mean\ppo_turn_right_a20_y03_run03_trajectory.csv,C:\Users\ytyla\Documents\GitHub\robot_eel\mujoco_simulation\outputs\csv_png\fixed_gait_trajectories_mean\ppo_turn_right_a20_y03_run03_trajectory.png,C:\Users\ytyla\Documents\GitHub\robot_eel\mujoco_simulation\outputs\csv_png\fixed_gait_trajectories_mean\ppo_turn_right_a20_y03_run03_summary.json,C:\Users\ytyla\Documents\GitHub\robot_eel\mujoco_simulation\outputs\csv_png\fitted_curve_comparison_mean\sim_ppo_turn_right_a20_y03_run03_fitted_rotated.png,C:\Users\ytyla\Documents\GitHub\robot_eel\mujoco_simulation\outputs\csv_png\fitted_curve_comparison_mean\ppo_turn_right_a20_y03_run03_fitted_summary.json,C:\Users\ytyla\Documents\GitHub\robot_eel\mujoco_simulation\outputs\batch_logs\ppo_turn_right_a20_y03_run03.train.log,
ppo_turn_right_a20_y03_run04,yaw,right,0.3,done,2026-06-15 23:03:23,2026-06-15 23:16:06,C:\Users\ytyla\Documents\GitHub\robot_eel\mujoco_simulation\outputs\zips\ppo_turn_right_a20_y03_run04.zip,C:\Users\ytyla\Documents\GitHub\robot_eel\mujoco_simulation\outputs\json\rl_gaits\ppo_turn_right_a20_y03_run04.json,C:\Users\ytyla\Documents\GitHub\robot_eel\mujoco_simulation\outputs\csv_png\ppo_turn_right_a20_y03_run04_eval_reward.csv,C:\Users\ytyla\Documents\GitHub\robot_eel\mujoco_simulation\outputs\csv_png\ppo_turn_right_a20_y03_run04_eval_reward.png,C:\Users\ytyla\Documents\GitHub\robot_eel\mujoco_simulation\outputs\csv_png\ppo_turn_right_a20_y03_run04_eval_debug.csv,C:\Users\ytyla\Documents\GitHub\robot_eel\mujoco_simulation\outputs\csv_png\fixed_gait_trajectories_mean\ppo_turn_right_a20_y03_run04_trajectory.csv,C:\Users\ytyla\Documents\GitHub\robot_eel\mujoco_simulation\outputs\csv_png\fixed_gait_trajectories_mean\ppo_turn_right_a20_y03_run04_trajectory.png,C:\Users\ytyla\Documents\GitHub\robot_eel\mujoco_simulation\outputs\csv_png\fixed_gait_trajectories_mean\ppo_turn_right_a20_y03_run04_summary.json,C:\Users\ytyla\Documents\GitHub\robot_eel\mujoco_simulation\outputs\csv_png\fitted_curve_comparison_mean\sim_ppo_turn_right_a20_y03_run04_fitted_rotated.png,C:\Users\ytyla\Documents\GitHub\robot_eel\mujoco_simulation\outputs\csv_png\fitted_curve_comparison_mean\ppo_turn_right_a20_y03_run04_fitted_summary.json,C:\Users\ytyla\Documents\GitHub\robot_eel\mujoco_simulation\outputs\batch_logs\ppo_turn_right_a20_y03_run04.train.log,
ppo_turn_right_a20_y03_run05,yaw,right,0.3,done,2026-06-15 23:16:06,2026-06-15 23:27:33,C:\Users\ytyla\Documents\GitHub\robot_eel\mujoco_simulation\outputs\zips\ppo_turn_right_a20_y03_run05.zip,C:\Users\ytyla\Documents\GitHub\robot_eel\mujoco_simulation\outputs\json\rl_gaits\ppo_turn_right_a20_y03_run05.json,C:\Users\ytyla\Documents\GitHub\robot_eel\mujoco_simulation\outputs\csv_png\ppo_turn_right_a20_y03_run05_eval_reward.csv,C:\Users\ytyla\Documents\GitHub\robot_eel\mujoco_simulation\outputs\csv_png\ppo_turn_right_a20_y03_run05_eval_reward.png,C:\Users\ytyla\Documents\GitHub\robot_eel\mujoco_simulation\outputs\csv_png\ppo_turn_right_a20_y03_run05_eval_debug.csv,C:\Users\ytyla\Documents\GitHub\robot_eel\mujoco_simulation\outputs\csv_png\fixed_gait_trajectories_mean\ppo_turn_right_a20_y03_run05_trajectory.csv,C:\Users\ytyla\Documents\GitHub\robot_eel\mujoco_simulation\outputs\csv_png\fixed_gait_trajectories_mean\ppo_turn_right_a20_y03_run05_trajectory.png,C:\Users\ytyla\Documents\GitHub\robot_eel\mujoco_simulation\outputs\csv_png\fixed_gait_trajectories_mean\ppo_turn_right_a20_y03_run05_summary.json,C:\Users\ytyla\Documents\GitHub\robot_eel\mujoco_simulation\outputs\csv_png\fitted_curve_comparison_mean\sim_ppo_turn_right_a20_y03_run05_fitted_rotated.png,C:\Users\ytyla\Documents\GitHub\robot_eel\mujoco_simulation\outputs\csv_png\fitted_curve_comparison_mean\ppo_turn_right_a20_y03_run05_fitted_summary.json,C:\Users\ytyla\Documents\GitHub\robot_eel\mujoco_simulation\outputs\batch_logs\ppo_turn_right_a20_y03_run05.train.log,
ppo_turn_right_a20_y05_run01,yaw,right,0.5,done,2026-06-15 23:27:33,2026-06-15 23:42:24,C:\Users\ytyla\Documents\GitHub\robot_eel\mujoco_simulation\outputs\zips\ppo_turn_right_a20_y05_run01.zip,C:\Users\ytyla\Documents\GitHub\robot_eel\mujoco_simulation\outputs\json\rl_gaits\ppo_turn_right_a20_y05_run01.json,C:\Users\ytyla\Documents\GitHub\robot_eel\mujoco_simulation\outputs\csv_png\ppo_turn_right_a20_y05_run01_eval_reward.csv,C:\Users\ytyla\Documents\GitHub\robot_eel\mujoco_simulation\outputs\csv_png\ppo_turn_right_a20_y05_run01_eval_reward.png,C:\Users\ytyla\Documents\GitHub\robot_eel\mujoco_simulation\outputs\csv_png\ppo_turn_right_a20_y05_run01_eval_debug.csv,C:\Users\ytyla\Documents\GitHub\robot_eel\mujoco_simulation\outputs\csv_png\fixed_gait_trajectories_mean\ppo_turn_right_a20_y05_run01_trajectory.csv,C:\Users\ytyla\Documents\GitHub\robot_eel\mujoco_simulation\outputs\csv_png\fixed_gait_trajectories_mean\ppo_turn_right_a20_y05_run01_trajectory.png,C:\Users\ytyla\Documents\GitHub\robot_eel\mujoco_simulation\outputs\csv_png\fixed_gait_trajectories_mean\ppo_turn_right_a20_y05_run01_summary.json,C:\Users\ytyla\Documents\GitHub\robot_eel\mujoco_simulation\outputs\csv_png\fitted_curve_comparison_mean\sim_ppo_turn_right_a20_y05_run01_fitted_rotated.png,C:\Users\ytyla\Documents\GitHub\robot_eel\mujoco_simulation\outputs\csv_png\fitted_curve_comparison_mean\ppo_turn_right_a20_y05_run01_fitted_summary.json,C:\Users\ytyla\Documents\GitHub\robot_eel\mujoco_simulation\outputs\batch_logs\ppo_turn_right_a20_y05_run01.train.log,
ppo_turn_right_a20_y05_run02,yaw,right,0.5,done,2026-06-15 23:42:24,2026-06-15 23:59:57,C:\Users\ytyla\Documents\GitHub\robot_eel\mujoco_simulation\outputs\zips\ppo_turn_right_a20_y05_run02.zip,C:\Users\ytyla\Documents\GitHub\robot_eel\mujoco_simulation\outputs\json\rl_gaits\ppo_turn_right_a20_y05_run02.json,C:\Users\ytyla\Documents\GitHub\robot_eel\mujoco_simulation\outputs\csv_png\ppo_turn_right_a20_y05_run02_eval_reward.csv,C:\Users\ytyla\Documents\GitHub\robot_eel\mujoco_simulation\outputs\csv_png\ppo_turn_right_a20_y05_run02_eval_reward.png,C:\Users\ytyla\Documents\GitHub\robot_eel\mujoco_simulation\outputs\csv_png\ppo_turn_right_a20_y05_run02_eval_debug.csv,C:\Users\ytyla\Documents\GitHub\robot_eel\mujoco_simulation\outputs\csv_png\fixed_gait_trajectories_mean\ppo_turn_right_a20_y05_run02_trajectory.csv,C:\Users\ytyla\Documents\GitHub\robot_eel\mujoco_simulation\outputs\csv_png\fixed_gait_trajectories_mean\ppo_turn_right_a20_y05_run02_trajectory.png,C:\Users\ytyla\Documents\GitHub\robot_eel\mujoco_simulation\outputs\csv_png\fixed_gait_trajectories_mean\ppo_turn_right_a20_y05_run02_summary.json,C:\Users\ytyla\Documents\GitHub\robot_eel\mujoco_simulation\outputs\csv_png\fitted_curve_comparison_mean\sim_ppo_turn_right_a20_y05_run02_fitted_rotated.png,C:\Users\ytyla\Documents\GitHub\robot_eel\mujoco_simulation\outputs\csv_png\fitted_curve_comparison_mean\ppo_turn_right_a20_y05_run02_fitted_summary.json,C:\Users\ytyla\Documents\GitHub\robot_eel\mujoco_simulation\outputs\batch_logs\ppo_turn_right_a20_y05_run02.train.log,
ppo_turn_right_a20_y05_run03,yaw,right,0.5,done,2026-06-15 23:59:57,2026-06-16 00:15:59,C:\Users\ytyla\Documents\GitHub\robot_eel\mujoco_simulation\outputs\zips\ppo_turn_right_a20_y05_run03.zip,C:\Users\ytyla\Documents\GitHub\robot_eel\mujoco_simulation\outputs\json\rl_gaits\ppo_turn_right_a20_y05_run03.json,C:\Users\ytyla\Documents\GitHub\robot_eel\mujoco_simulation\outputs\csv_png\ppo_turn_right_a20_y05_run03_eval_reward.csv,C:\Users\ytyla\Documents\GitHub\robot_eel\mujoco_simulation\outputs\csv_png\ppo_turn_right_a20_y05_run03_eval_reward.png,C:\Users\ytyla\Documents\GitHub\robot_eel\mujoco_simulation\outputs\csv_png\ppo_turn_right_a20_y05_run03_eval_debug.csv,C:\Users\ytyla\Documents\GitHub\robot_eel\mujoco_simulation\outputs\csv_png\fixed_gait_trajectories_mean\ppo_turn_right_a20_y05_run03_trajectory.csv,C:\Users\ytyla\Documents\GitHub\robot_eel\mujoco_simulation\outputs\csv_png\fixed_gait_trajectories_mean\ppo_turn_right_a20_y05_run03_trajectory.png,C:\Users\ytyla\Documents\GitHub\robot_eel\mujoco_simulation\outputs\csv_png\fixed_gait_trajectories_mean\ppo_turn_right_a20_y05_run03_summary.json,C:\Users\ytyla\Documents\GitHub\robot_eel\mujoco_simulation\outputs\csv_png\fitted_curve_comparison_mean\sim_ppo_turn_right_a20_y05_run03_fitted_rotated.png,C:\Users\ytyla\Documents\GitHub\robot_eel\mujoco_simulation\outputs\csv_png\fitted_curve_comparison_mean\ppo_turn_right_a20_y05_run03_fitted_summary.json,C:\Users\ytyla\Documents\GitHub\robot_eel\mujoco_simulation\outputs\batch_logs\ppo_turn_right_a20_y05_run03.train.log,
ppo_turn_right_a20_y05_run04,yaw,right,0.5,done,2026-06-16 00:15:59,2026-06-16 00:34:09,C:\Users\ytyla\Documents\GitHub\robot_eel\mujoco_simulation\outputs\zips\ppo_turn_right_a20_y05_run04.zip,C:\Users\ytyla\Documents\GitHub\robot_eel\mujoco_simulation\outputs\json\rl_gaits\ppo_turn_right_a20_y05_run04.json,C:\Users\ytyla\Documents\GitHub\robot_eel\mujoco_simulation\outputs\csv_png\ppo_turn_right_a20_y05_run04_eval_reward.csv,C:\Users\ytyla\Documents\GitHub\robot_eel\mujoco_simulation\outputs\csv_png\ppo_turn_right_a20_y05_run04_eval_reward.png,C:\Users\ytyla\Documents\GitHub\robot_eel\mujoco_simulation\outputs\csv_png\ppo_turn_right_a20_y05_run04_eval_debug.csv,C:\Users\ytyla\Documents\GitHub\robot_eel\mujoco_simulation\outputs\csv_png\fixed_gait_trajectories_mean\ppo_turn_right_a20_y05_run04_trajectory.csv,C:\Users\ytyla\Documents\GitHub\robot_eel\mujoco_simulation\outputs\csv_png\fixed_gait_trajectories_mean\ppo_turn_right_a20_y05_run04_trajectory.png,C:\Users\ytyla\Documents\GitHub\robot_eel\mujoco_simulation\outputs\csv_png\fixed_gait_trajectories_mean\ppo_turn_right_a20_y05_run04_summary.json,C:\Users\ytyla\Documents\GitHub\robot_eel\mujoco_simulation\outputs\csv_png\fitted_curve_comparison_mean\sim_ppo_turn_right_a20_y05_run04_fitted_rotated.png,C:\Users\ytyla\Documents\GitHub\robot_eel\mujoco_simulation\outputs\csv_png\fitted_curve_comparison_mean\ppo_turn_right_a20_y05_run04_fitted_summary.json,C:\Users\ytyla\Documents\GitHub\robot_eel\mujoco_simulation\outputs\batch_logs\ppo_turn_right_a20_y05_run04.train.log,
ppo_turn_right_a20_y05_run05,yaw,right,0.5,done,2026-06-16 00:34:09,2026-06-16 00:53:30,C:\Users\ytyla\Documents\GitHub\robot_eel\mujoco_simulation\outputs\zips\ppo_turn_right_a20_y05_run05.zip,C:\Users\ytyla\Documents\GitHub\robot_eel\mujoco_simulation\outputs\json\rl_gaits\ppo_turn_right_a20_y05_run05.json,C:\Users\ytyla\Documents\GitHub\robot_eel\mujoco_simulation\outputs\csv_png\ppo_turn_right_a20_y05_run05_eval_reward.csv,C:\Users\ytyla\Documents\GitHub\robot_eel\mujoco_simulation\outputs\csv_png\ppo_turn_right_a20_y05_run05_eval_reward.png,C:\Users\ytyla\Documents\GitHub\robot_eel\mujoco_simulation\outputs\csv_png\ppo_turn_right_a20_y05_run05_eval_debug.csv,C:\Users\ytyla\Documents\GitHub\robot_eel\mujoco_simulation\outputs\csv_png\fixed_gait_trajectories_mean\ppo_turn_right_a20_y05_run05_trajectory.csv,C:\Users\ytyla\Documents\GitHub\robot_eel\mujoco_simulation\outputs\csv_png\fixed_gait_trajectories_mean\ppo_turn_right_a20_y05_run05_trajectory.png,C:\Users\ytyla\Documents\GitHub\robot_eel\mujoco_simulation\outputs\csv_png\fixed_gait_trajectories_mean\ppo_turn_right_a20_y05_run05_summary.json,C:\Users\ytyla\Documents\GitHub\robot_eel\mujoco_simulation\outputs\csv_png\fitted_curve_comparison_mean\sim_ppo_turn_right_a20_y05_run05_fitted_rotated.png,C:\Users\ytyla\Documents\GitHub\robot_eel\mujoco_simulation\outputs\csv_png\fitted_curve_comparison_mean\ppo_turn_right_a20_y05_run05_fitted_summary.json,C:\Users\ytyla\Documents\GitHub\robot_eel\mujoco_simulation\outputs\batch_logs\ppo_turn_right_a20_y05_run05.train.log,
ppo_turn_right_a20_y07_run01,yaw,right,0.7,done,2026-06-16 00:53:30,2026-06-16 01:11:11,C:\Users\ytyla\Documents\GitHub\robot_eel\mujoco_simulation\outputs\zips\ppo_turn_right_a20_y07_run01.zip,C:\Users\ytyla\Documents\GitHub\robot_eel\mujoco_simulation\outputs\json\rl_gaits\ppo_turn_right_a20_y07_run01.json,C:\Users\ytyla\Documents\GitHub\robot_eel\mujoco_simulation\outputs\csv_png\ppo_turn_right_a20_y07_run01_eval_reward.csv,C:\Users\ytyla\Documents\GitHub\robot_eel\mujoco_simulation\outputs\csv_png\ppo_turn_right_a20_y07_run01_eval_reward.png,C:\Users\ytyla\Documents\GitHub\robot_eel\mujoco_simulation\outputs\csv_png\ppo_turn_right_a20_y07_run01_eval_debug.csv,C:\Users\ytyla\Documents\GitHub\robot_eel\mujoco_simulation\outputs\csv_png\fixed_gait_trajectories_mean\ppo_turn_right_a20_y07_run01_trajectory.csv,C:\Users\ytyla\Documents\GitHub\robot_eel\mujoco_simulation\outputs\csv_png\fixed_gait_trajectories_mean\ppo_turn_right_a20_y07_run01_trajectory.png,C:\Users\ytyla\Documents\GitHub\robot_eel\mujoco_simulation\outputs\csv_png\fixed_gait_trajectories_mean\ppo_turn_right_a20_y07_run01_summary.json,C:\Users\ytyla\Documents\GitHub\robot_eel\mujoco_simulation\outputs\csv_png\fitted_curve_comparison_mean\sim_ppo_turn_right_a20_y07_run01_fitted_rotated.png,C:\Users\ytyla\Documents\GitHub\robot_eel\mujoco_simulation\outputs\csv_png\fitted_curve_comparison_mean\ppo_turn_right_a20_y07_run01_fitted_summary.json,C:\Users\ytyla\Documents\GitHub\robot_eel\mujoco_simulation\outputs\batch_logs\ppo_turn_right_a20_y07_run01.train.log,
ppo_turn_right_a20_y07_run02,yaw,right,0.7,done,2026-06-16 01:11:11,2026-06-16 01:28:09,C:\Users\ytyla\Documents\GitHub\robot_eel\mujoco_simulation\outputs\zips\ppo_turn_right_a20_y07_run02.zip,C:\Users\ytyla\Documents\GitHub\robot_eel\mujoco_simulation\outputs\json\rl_gaits\ppo_turn_right_a20_y07_run02.json,C:\Users\ytyla\Documents\GitHub\robot_eel\mujoco_simulation\outputs\csv_png\ppo_turn_right_a20_y07_run02_eval_reward.csv,C:\Users\ytyla\Documents\GitHub\robot_eel\mujoco_simulation\outputs\csv_png\ppo_turn_right_a20_y07_run02_eval_reward.png,C:\Users\ytyla\Documents\GitHub\robot_eel\mujoco_simulation\outputs\csv_png\ppo_turn_right_a20_y07_run02_eval_debug.csv,C:\Users\ytyla\Documents\GitHub\robot_eel\mujoco_simulation\outputs\csv_png\fixed_gait_trajectories_mean\ppo_turn_right_a20_y07_run02_trajectory.csv,C:\Users\ytyla\Documents\GitHub\robot_eel\mujoco_simulation\outputs\csv_png\fixed_gait_trajectories_mean\ppo_turn_right_a20_y07_run02_trajectory.png,C:\Users\ytyla\Documents\GitHub\robot_eel\mujoco_simulation\outputs\csv_png\fixed_gait_trajectories_mean\ppo_turn_right_a20_y07_run02_summary.json,C:\Users\ytyla\Documents\GitHub\robot_eel\mujoco_simulation\outputs\csv_png\fitted_curve_comparison_mean\sim_ppo_turn_right_a20_y07_run02_fitted_rotated.png,C:\Users\ytyla\Documents\GitHub\robot_eel\mujoco_simulation\outputs\csv_png\fitted_curve_comparison_mean\ppo_turn_right_a20_y07_run02_fitted_summary.json,C:\Users\ytyla\Documents\GitHub\robot_eel\mujoco_simulation\outputs\batch_logs\ppo_turn_right_a20_y07_run02.train.log,
ppo_turn_right_a20_y07_run03,yaw,right,0.7,done,2026-06-16 01:28:09,2026-06-16 01:44:08,C:\Users\ytyla\Documents\GitHub\robot_eel\mujoco_simulation\outputs\zips\ppo_turn_right_a20_y07_run03.zip,C:\Users\ytyla\Documents\GitHub\robot_eel\mujoco_simulation\outputs\json\rl_gaits\ppo_turn_right_a20_y07_run03.json,C:\Users\ytyla\Documents\GitHub\robot_eel\mujoco_simulation\outputs\csv_png\ppo_turn_right_a20_y07_run03_eval_reward.csv,C:\Users\ytyla\Documents\GitHub\robot_eel\mujoco_simulation\outputs\csv_png\ppo_turn_right_a20_y07_run03_eval_reward.png,C:\Users\ytyla\Documents\GitHub\robot_eel\mujoco_simulation\outputs\csv_png\ppo_turn_right_a20_y07_run03_eval_debug.csv,C:\Users\ytyla\Documents\GitHub\robot_eel\mujoco_simulation\outputs\csv_png\fixed_gait_trajectories_mean\ppo_turn_right_a20_y07_run03_trajectory.csv,C:\Users\ytyla\Documents\GitHub\robot_eel\mujoco_simulation\outputs\csv_png\fixed_gait_trajectories_mean\ppo_turn_right_a20_y07_run03_trajectory.png,C:\Users\ytyla\Documents\GitHub\robot_eel\mujoco_simulation\outputs\csv_png\fixed_gait_trajectories_mean\ppo_turn_right_a20_y07_run03_summary.json,C:\Users\ytyla\Documents\GitHub\robot_eel\mujoco_simulation\outputs\csv_png\fitted_curve_comparison_mean\sim_ppo_turn_right_a20_y07_run03_fitted_rotated.png,C:\Users\ytyla\Documents\GitHub\robot_eel\mujoco_simulation\outputs\csv_png\fitted_curve_comparison_mean\ppo_turn_right_a20_y07_run03_fitted_summary.json,C:\Users\ytyla\Documents\GitHub\robot_eel\mujoco_simulation\outputs\batch_logs\ppo_turn_right_a20_y07_run03.train.log,
ppo_turn_right_a20_y07_run04,yaw,right,0.7,done,2026-06-16 01:44:08,2026-06-16 02:00:15,C:\Users\ytyla\Documents\GitHub\robot_eel\mujoco_simulation\outputs\zips\ppo_turn_right_a20_y07_run04.zip,C:\Users\ytyla\Documents\GitHub\robot_eel\mujoco_simulation\outputs\json\rl_gaits\ppo_turn_right_a20_y07_run04.json,C:\Users\ytyla\Documents\GitHub\robot_eel\mujoco_simulation\outputs\csv_png\ppo_turn_right_a20_y07_run04_eval_reward.csv,C:\Users\ytyla\Documents\GitHub\robot_eel\mujoco_simulation\outputs\csv_png\ppo_turn_right_a20_y07_run04_eval_reward.png,C:\Users\ytyla\Documents\GitHub\robot_eel\mujoco_simulation\outputs\csv_png\ppo_turn_right_a20_y07_run04_eval_debug.csv,C:\Users\ytyla\Documents\GitHub\robot_eel\mujoco_simulation\outputs\csv_png\fixed_gait_trajectories_mean\ppo_turn_right_a20_y07_run04_trajectory.csv,C:\Users\ytyla\Documents\GitHub\robot_eel\mujoco_simulation\outputs\csv_png\fixed_gait_trajectories_mean\ppo_turn_right_a20_y07_run04_trajectory.png,C:\Users\ytyla\Documents\GitHub\robot_eel\mujoco_simulation\outputs\csv_png\fixed_gait_trajectories_mean\ppo_turn_right_a20_y07_run04_summary.json,C:\Users\ytyla\Documents\GitHub\robot_eel\mujoco_simulation\outputs\csv_png\fitted_curve_comparison_mean\sim_ppo_turn_right_a20_y07_run04_fitted_rotated.png,C:\Users\ytyla\Documents\GitHub\robot_eel\mujoco_simulation\outputs\csv_png\fitted_curve_comparison_mean\ppo_turn_right_a20_y07_run04_fitted_summary.json,C:\Users\ytyla\Documents\GitHub\robot_eel\mujoco_simulation\outputs\batch_logs\ppo_turn_right_a20_y07_run04.train.log,
ppo_turn_right_a20_y07_run05,yaw,right,0.7,done,2026-06-16 02:00:15,2026-06-16 02:16:36,C:\Users\ytyla\Documents\GitHub\robot_eel\mujoco_simulation\outputs\zips\ppo_turn_right_a20_y07_run05.zip,C:\Users\ytyla\Documents\GitHub\robot_eel\mujoco_simulation\outputs\json\rl_gaits\ppo_turn_right_a20_y07_run05.json,C:\Users\ytyla\Documents\GitHub\robot_eel\mujoco_simulation\outputs\csv_png\ppo_turn_right_a20_y07_run05_eval_reward.csv,C:\Users\ytyla\Documents\GitHub\robot_eel\mujoco_simulation\outputs\csv_png\ppo_turn_right_a20_y07_run05_eval_reward.png,C:\Users\ytyla\Documents\GitHub\robot_eel\mujoco_simulation\outputs\csv_png\ppo_turn_right_a20_y07_run05_eval_debug.csv,C:\Users\ytyla\Documents\GitHub\robot_eel\mujoco_simulation\outputs\csv_png\fixed_gait_trajectories_mean\ppo_turn_right_a20_y07_run05_trajectory.csv,C:\Users\ytyla\Documents\GitHub\robot_eel\mujoco_simulation\outputs\csv_png\fixed_gait_trajectories_mean\ppo_turn_right_a20_y07_run05_trajectory.png,C:\Users\ytyla\Documents\GitHub\robot_eel\mujoco_simulation\outputs\csv_png\fixed_gait_trajectories_mean\ppo_turn_right_a20_y07_run05_summary.json,C:\Users\ytyla\Documents\GitHub\robot_eel\mujoco_simulation\outputs\csv_png\fitted_curve_comparison_mean\sim_ppo_turn_right_a20_y07_run05_fitted_rotated.png,C:\Users\ytyla\Documents\GitHub\robot_eel\mujoco_simulation\outputs\csv_png\fitted_curve_comparison_mean\ppo_turn_right_a20_y07_run05_fitted_summary.json,C:\Users\ytyla\Documents\GitHub\robot_eel\mujoco_simulation\outputs\batch_logs\ppo_turn_right_a20_y07_run05.train.log,
ppo_turn_left_a20_y03_run01,yaw,left,0.3,done,2026-06-16 02:16:36,2026-06-16 02:32:50,C:\Users\ytyla\Documents\GitHub\robot_eel\mujoco_simulation\outputs\zips\ppo_turn_left_a20_y03_run01.zip,C:\Users\ytyla\Documents\GitHub\robot_eel\mujoco_simulation\outputs\json\rl_gaits\ppo_turn_left_a20_y03_run01.json,C:\Users\ytyla\Documents\GitHub\robot_eel\mujoco_simulation\outputs\csv_png\ppo_turn_left_a20_y03_run01_eval_reward.csv,C:\Users\ytyla\Documents\GitHub\robot_eel\mujoco_simulation\outputs\csv_png\ppo_turn_left_a20_y03_run01_eval_reward.png,C:\Users\ytyla\Documents\GitHub\robot_eel\mujoco_simulation\outputs\csv_png\ppo_turn_left_a20_y03_run01_eval_debug.csv,C:\Users\ytyla\Documents\GitHub\robot_eel\mujoco_simulation\outputs\csv_png\fixed_gait_trajectories_mean\ppo_turn_left_a20_y03_run01_trajectory.csv,C:\Users\ytyla\Documents\GitHub\robot_eel\mujoco_simulation\outputs\csv_png\fixed_gait_trajectories_mean\ppo_turn_left_a20_y03_run01_trajectory.png,C:\Users\ytyla\Documents\GitHub\robot_eel\mujoco_simulation\outputs\csv_png\fixed_gait_trajectories_mean\ppo_turn_left_a20_y03_run01_summary.json,C:\Users\ytyla\Documents\GitHub\robot_eel\mujoco_simulation\outputs\csv_png\fitted_curve_comparison_mean\sim_ppo_turn_left_a20_y03_run01_fitted_rotated.png,C:\Users\ytyla\Documents\GitHub\robot_eel\mujoco_simulation\outputs\csv_png\fitted_curve_comparison_mean\ppo_turn_left_a20_y03_run01_fitted_summary.json,C:\Users\ytyla\Documents\GitHub\robot_eel\mujoco_simulation\outputs\batch_logs\ppo_turn_left_a20_y03_run01.train.log,
ppo_turn_left_a20_y03_run02,yaw,left,0.3,done,2026-06-16 02:32:50,2026-06-16 02:49:00,C:\Users\ytyla\Documents\GitHub\robot_eel\mujoco_simulation\outputs\zips\ppo_turn_left_a20_y03_run02.zip,C:\Users\ytyla\Documents\GitHub\robot_eel\mujoco_simulation\outputs\json\rl_gaits\ppo_turn_left_a20_y03_run02.json,C:\Users\ytyla\Documents\GitHub\robot_eel\mujoco_simulation\outputs\csv_png\ppo_turn_left_a20_y03_run02_eval_reward.csv,C:\Users\ytyla\Documents\GitHub\robot_eel\mujoco_simulation\outputs\csv_png\ppo_turn_left_a20_y03_run02_eval_reward.png,C:\Users\ytyla\Documents\GitHub\robot_eel\mujoco_simulation\outputs\csv_png\ppo_turn_left_a20_y03_run02_eval_debug.csv,C:\Users\ytyla\Documents\GitHub\robot_eel\mujoco_simulation\outputs\csv_png\fixed_gait_trajectories_mean\ppo_turn_left_a20_y03_run02_trajectory.csv,C:\Users\ytyla\Documents\GitHub\robot_eel\mujoco_simulation\outputs\csv_png\fixed_gait_trajectories_mean\ppo_turn_left_a20_y03_run02_trajectory.png,C:\Users\ytyla\Documents\GitHub\robot_eel\mujoco_simulation\outputs\csv_png\fixed_gait_trajectories_mean\ppo_turn_left_a20_y03_run02_summary.json,C:\Users\ytyla\Documents\GitHub\robot_eel\mujoco_simulation\outputs\csv_png\fitted_curve_comparison_mean\sim_ppo_turn_left_a20_y03_run02_fitted_rotated.png,C:\Users\ytyla\Documents\GitHub\robot_eel\mujoco_simulation\outputs\csv_png\fitted_curve_comparison_mean\ppo_turn_left_a20_y03_run02_fitted_summary.json,C:\Users\ytyla\Documents\GitHub\robot_eel\mujoco_simulation\outputs\batch_logs\ppo_turn_left_a20_y03_run02.train.log,
ppo_turn_left_a20_y03_run03,yaw,left,0.3,done,2026-06-16 02:49:00,2026-06-16 03:05:09,C:\Users\ytyla\Documents\GitHub\robot_eel\mujoco_simulation\outputs\zips\ppo_turn_left_a20_y03_run03.zip,C:\Users\ytyla\Documents\GitHub\robot_eel\mujoco_simulation\outputs\json\rl_gaits\ppo_turn_left_a20_y03_run03.json,C:\Users\ytyla\Documents\GitHub\robot_eel\mujoco_simulation\outputs\csv_png\ppo_turn_left_a20_y03_run03_eval_reward.csv,C:\Users\ytyla\Documents\GitHub\robot_eel\mujoco_simulation\outputs\csv_png\ppo_turn_left_a20_y03_run03_eval_reward.png,C:\Users\ytyla\Documents\GitHub\robot_eel\mujoco_simulation\outputs\csv_png\ppo_turn_left_a20_y03_run03_eval_debug.csv,C:\Users\ytyla\Documents\GitHub\robot_eel\mujoco_simulation\outputs\csv_png\fixed_gait_trajectories_mean\ppo_turn_left_a20_y03_run03_trajectory.csv,C:\Users\ytyla\Documents\GitHub\robot_eel\mujoco_simulation\outputs\csv_png\fixed_gait_trajectories_mean\ppo_turn_left_a20_y03_run03_trajectory.png,C:\Users\ytyla\Documents\GitHub\robot_eel\mujoco_simulation\outputs\csv_png\fixed_gait_trajectories_mean\ppo_turn_left_a20_y03_run03_summary.json,C:\Users\ytyla\Documents\GitHub\robot_eel\mujoco_simulation\outputs\csv_png\fitted_curve_comparison_mean\sim_ppo_turn_left_a20_y03_run03_fitted_rotated.png,C:\Users\ytyla\Documents\GitHub\robot_eel\mujoco_simulation\outputs\csv_png\fitted_curve_comparison_mean\ppo_turn_left_a20_y03_run03_fitted_summary.json,C:\Users\ytyla\Documents\GitHub\robot_eel\mujoco_simulation\outputs\batch_logs\ppo_turn_left_a20_y03_run03.train.log,
ppo_turn_left_a20_y03_run04,yaw,left,0.3,done,2026-06-16 03:05:09,2026-06-16 03:21:42,C:\Users\ytyla\Documents\GitHub\robot_eel\mujoco_simulation\outputs\zips\ppo_turn_left_a20_y03_run04.zip,C:\Users\ytyla\Documents\GitHub\robot_eel\mujoco_simulation\outputs\json\rl_gaits\ppo_turn_left_a20_y03_run04.json,C:\Users\ytyla\Documents\GitHub\robot_eel\mujoco_simulation\outputs\csv_png\ppo_turn_left_a20_y03_run04_eval_reward.csv,C:\Users\ytyla\Documents\GitHub\robot_eel\mujoco_simulation\outputs\csv_png\ppo_turn_left_a20_y03_run04_eval_reward.png,C:\Users\ytyla\Documents\GitHub\robot_eel\mujoco_simulation\outputs\csv_png\ppo_turn_left_a20_y03_run04_eval_debug.csv,C:\Users\ytyla\Documents\GitHub\robot_eel\mujoco_simulation\outputs\csv_png\fixed_gait_trajectories_mean\ppo_turn_left_a20_y03_run04_trajectory.csv,C:\Users\ytyla\Documents\GitHub\robot_eel\mujoco_simulation\outputs\csv_png\fixed_gait_trajectories_mean\ppo_turn_left_a20_y03_run04_trajectory.png,C:\Users\ytyla\Documents\GitHub\robot_eel\mujoco_simulation\outputs\csv_png\fixed_gait_trajectories_mean\ppo_turn_left_a20_y03_run04_summary.json,C:\Users\ytyla\Documents\GitHub\robot_eel\mujoco_simulation\outputs\csv_png\fitted_curve_comparison_mean\sim_ppo_turn_left_a20_y03_run04_fitted_rotated.png,C:\Users\ytyla\Documents\GitHub\robot_eel\mujoco_simulation\outputs\csv_png\fitted_curve_comparison_mean\ppo_turn_left_a20_y03_run04_fitted_summary.json,C:\Users\ytyla\Documents\GitHub\robot_eel\mujoco_simulation\outputs\batch_logs\ppo_turn_left_a20_y03_run04.train.log,
ppo_turn_left_a20_y03_run05,yaw,left,0.3,done,2026-06-16 03:21:42,2026-06-16 03:38:27,C:\Users\ytyla\Documents\GitHub\robot_eel\mujoco_simulation\outputs\zips\ppo_turn_left_a20_y03_run05.zip,C:\Users\ytyla\Documents\GitHub\robot_eel\mujoco_simulation\outputs\json\rl_gaits\ppo_turn_left_a20_y03_run05.json,C:\Users\ytyla\Documents\GitHub\robot_eel\mujoco_simulation\outputs\csv_png\ppo_turn_left_a20_y03_run05_eval_reward.csv,C:\Users\ytyla\Documents\GitHub\robot_eel\mujoco_simulation\outputs\csv_png\ppo_turn_left_a20_y03_run05_eval_reward.png,C:\Users\ytyla\Documents\GitHub\robot_eel\mujoco_simulation\outputs\csv_png\ppo_turn_left_a20_y03_run05_eval_debug.csv,C:\Users\ytyla\Documents\GitHub\robot_eel\mujoco_simulation\outputs\csv_png\fixed_gait_trajectories_mean\ppo_turn_left_a20_y03_run05_trajectory.csv,C:\Users\ytyla\Documents\GitHub\robot_eel\mujoco_simulation\outputs\csv_png\fixed_gait_trajectories_mean\ppo_turn_left_a20_y03_run05_trajectory.png,C:\Users\ytyla\Documents\GitHub\robot_eel\mujoco_simulation\outputs\csv_png\fixed_gait_trajectories_mean\ppo_turn_left_a20_y03_run05_summary.json,C:\Users\ytyla\Documents\GitHub\robot_eel\mujoco_simulation\outputs\csv_png\fitted_curve_comparison_mean\sim_ppo_turn_left_a20_y03_run05_fitted_rotated.png,C:\Users\ytyla\Documents\GitHub\robot_eel\mujoco_simulation\outputs\csv_png\fitted_curve_comparison_mean\ppo_turn_left_a20_y03_run05_fitted_summary.json,C:\Users\ytyla\Documents\GitHub\robot_eel\mujoco_simulation\outputs\batch_logs\ppo_turn_left_a20_y03_run05.train.log,
ppo_turn_left_a20_y05_run01,yaw,left,0.5,done,2026-06-16 03:38:27,2026-06-16 03:55:20,C:\Users\ytyla\Documents\GitHub\robot_eel\mujoco_simulation\outputs\zips\ppo_turn_left_a20_y05_run01.zip,C:\Users\ytyla\Documents\GitHub\robot_eel\mujoco_simulation\outputs\json\rl_gaits\ppo_turn_left_a20_y05_run01.json,C:\Users\ytyla\Documents\GitHub\robot_eel\mujoco_simulation\outputs\csv_png\ppo_turn_left_a20_y05_run01_eval_reward.csv,C:\Users\ytyla\Documents\GitHub\robot_eel\mujoco_simulation\outputs\csv_png\ppo_turn_left_a20_y05_run01_eval_reward.png,C:\Users\ytyla\Documents\GitHub\robot_eel\mujoco_simulation\outputs\csv_png\ppo_turn_left_a20_y05_run01_eval_debug.csv,C:\Users\ytyla\Documents\GitHub\robot_eel\mujoco_simulation\outputs\csv_png\fixed_gait_trajectories_mean\ppo_turn_left_a20_y05_run01_trajectory.csv,C:\Users\ytyla\Documents\GitHub\robot_eel\mujoco_simulation\outputs\csv_png\fixed_gait_trajectories_mean\ppo_turn_left_a20_y05_run01_trajectory.png,C:\Users\ytyla\Documents\GitHub\robot_eel\mujoco_simulation\outputs\csv_png\fixed_gait_trajectories_mean\ppo_turn_left_a20_y05_run01_summary.json,C:\Users\ytyla\Documents\GitHub\robot_eel\mujoco_simulation\outputs\csv_png\fitted_curve_comparison_mean\sim_ppo_turn_left_a20_y05_run01_fitted_rotated.png,C:\Users\ytyla\Documents\GitHub\robot_eel\mujoco_simulation\outputs\csv_png\fitted_curve_comparison_mean\ppo_turn_left_a20_y05_run01_fitted_summary.json,C:\Users\ytyla\Documents\GitHub\robot_eel\mujoco_simulation\outputs\batch_logs\ppo_turn_left_a20_y05_run01.train.log,
ppo_turn_left_a20_y05_run02,yaw,left,0.5,done,2026-06-16 03:55:20,2026-06-16 04:12:32,C:\Users\ytyla\Documents\GitHub\robot_eel\mujoco_simulation\outputs\zips\ppo_turn_left_a20_y05_run02.zip,C:\Users\ytyla\Documents\GitHub\robot_eel\mujoco_simulation\outputs\json\rl_gaits\ppo_turn_left_a20_y05_run02.json,C:\Users\ytyla\Documents\GitHub\robot_eel\mujoco_simulation\outputs\csv_png\ppo_turn_left_a20_y05_run02_eval_reward.csv,C:\Users\ytyla\Documents\GitHub\robot_eel\mujoco_simulation\outputs\csv_png\ppo_turn_left_a20_y05_run02_eval_reward.png,C:\Users\ytyla\Documents\GitHub\robot_eel\mujoco_simulation\outputs\csv_png\ppo_turn_left_a20_y05_run02_eval_debug.csv,C:\Users\ytyla\Documents\GitHub\robot_eel\mujoco_simulation\outputs\csv_png\fixed_gait_trajectories_mean\ppo_turn_left_a20_y05_run02_trajectory.csv,C:\Users\ytyla\Documents\GitHub\robot_eel\mujoco_simulation\outputs\csv_png\fixed_gait_trajectories_mean\ppo_turn_left_a20_y05_run02_trajectory.png,C:\Users\ytyla\Documents\GitHub\robot_eel\mujoco_simulation\outputs\csv_png\fixed_gait_trajectories_mean\ppo_turn_left_a20_y05_run02_summary.json,C:\Users\ytyla\Documents\GitHub\robot_eel\mujoco_simulation\outputs\csv_png\fitted_curve_comparison_mean\sim_ppo_turn_left_a20_y05_run02_fitted_rotated.png,C:\Users\ytyla\Documents\GitHub\robot_eel\mujoco_simulation\outputs\csv_png\fitted_curve_comparison_mean\ppo_turn_left_a20_y05_run02_fitted_summary.json,C:\Users\ytyla\Documents\GitHub\robot_eel\mujoco_simulation\outputs\batch_logs\ppo_turn_left_a20_y05_run02.train.log,
ppo_turn_left_a20_y05_run03,yaw,left,0.5,done,2026-06-16 04:12:32,2026-06-16 04:29:37,C:\Users\ytyla\Documents\GitHub\robot_eel\mujoco_simulation\outputs\zips\ppo_turn_left_a20_y05_run03.zip,C:\Users\ytyla\Documents\GitHub\robot_eel\mujoco_simulation\outputs\json\rl_gaits\ppo_turn_left_a20_y05_run03.json,C:\Users\ytyla\Documents\GitHub\robot_eel\mujoco_simulation\outputs\csv_png\ppo_turn_left_a20_y05_run03_eval_reward.csv,C:\Users\ytyla\Documents\GitHub\robot_eel\mujoco_simulation\outputs\csv_png\ppo_turn_left_a20_y05_run03_eval_reward.png,C:\Users\ytyla\Documents\GitHub\robot_eel\mujoco_simulation\outputs\csv_png\ppo_turn_left_a20_y05_run03_eval_debug.csv,C:\Users\ytyla\Documents\GitHub\robot_eel\mujoco_simulation\outputs\csv_png\fixed_gait_trajectories_mean\ppo_turn_left_a20_y05_run03_trajectory.csv,C:\Users\ytyla\Documents\GitHub\robot_eel\mujoco_simulation\outputs\csv_png\fixed_gait_trajectories_mean\ppo_turn_left_a20_y05_run03_trajectory.png,C:\Users\ytyla\Documents\GitHub\robot_eel\mujoco_simulation\outputs\csv_png\fixed_gait_trajectories_mean\ppo_turn_left_a20_y05_run03_summary.json,C:\Users\ytyla\Documents\GitHub\robot_eel\mujoco_simulation\outputs\csv_png\fitted_curve_comparison_mean\sim_ppo_turn_left_a20_y05_run03_fitted_rotated.png,C:\Users\ytyla\Documents\GitHub\robot_eel\mujoco_simulation\outputs\csv_png\fitted_curve_comparison_mean\ppo_turn_left_a20_y05_run03_fitted_summary.json,C:\Users\ytyla\Documents\GitHub\robot_eel\mujoco_simulation\outputs\batch_logs\ppo_turn_left_a20_y05_run03.train.log,
ppo_turn_left_a20_y05_run04,yaw,left,0.5,done,2026-06-16 04:29:37,2026-06-16 04:46:49,C:\Users\ytyla\Documents\GitHub\robot_eel\mujoco_simulation\outputs\zips\ppo_turn_left_a20_y05_run04.zip,C:\Users\ytyla\Documents\GitHub\robot_eel\mujoco_simulation\outputs\json\rl_gaits\ppo_turn_left_a20_y05_run04.json,C:\Users\ytyla\Documents\GitHub\robot_eel\mujoco_simulation\outputs\csv_png\ppo_turn_left_a20_y05_run04_eval_reward.csv,C:\Users\ytyla\Documents\GitHub\robot_eel\mujoco_simulation\outputs\csv_png\ppo_turn_left_a20_y05_run04_eval_reward.png,C:\Users\ytyla\Documents\GitHub\robot_eel\mujoco_simulation\outputs\csv_png\ppo_turn_left_a20_y05_run04_eval_debug.csv,C:\Users\ytyla\Documents\GitHub\robot_eel\mujoco_simulation\outputs\csv_png\fixed_gait_trajectories_mean\ppo_turn_left_a20_y05_run04_trajectory.csv,C:\Users\ytyla\Documents\GitHub\robot_eel\mujoco_simulation\outputs\csv_png\fixed_gait_trajectories_mean\ppo_turn_left_a20_y05_run04_trajectory.png,C:\Users\ytyla\Documents\GitHub\robot_eel\mujoco_simulation\outputs\csv_png\fixed_gait_trajectories_mean\ppo_turn_left_a20_y05_run04_summary.json,C:\Users\ytyla\Documents\GitHub\robot_eel\mujoco_simulation\outputs\csv_png\fitted_curve_comparison_mean\sim_ppo_turn_left_a20_y05_run04_fitted_rotated.png,C:\Users\ytyla\Documents\GitHub\robot_eel\mujoco_simulation\outputs\csv_png\fitted_curve_comparison_mean\ppo_turn_left_a20_y05_run04_fitted_summary.json,C:\Users\ytyla\Documents\GitHub\robot_eel\mujoco_simulation\outputs\batch_logs\ppo_turn_left_a20_y05_run04.train.log,
ppo_turn_left_a20_y05_run05,yaw,left,0.5,done,2026-06-16 04:46:49,2026-06-16 05:03:56,C:\Users\ytyla\Documents\GitHub\robot_eel\mujoco_simulation\outputs\zips\ppo_turn_left_a20_y05_run05.zip,C:\Users\ytyla\Documents\GitHub\robot_eel\mujoco_simulation\outputs\json\rl_gaits\ppo_turn_left_a20_y05_run05.json,C:\Users\ytyla\Documents\GitHub\robot_eel\mujoco_simulation\outputs\csv_png\ppo_turn_left_a20_y05_run05_eval_reward.csv,C:\Users\ytyla\Documents\GitHub\robot_eel\mujoco_simulation\outputs\csv_png\ppo_turn_left_a20_y05_run05_eval_reward.png,C:\Users\ytyla\Documents\GitHub\robot_eel\mujoco_simulation\outputs\csv_png\ppo_turn_left_a20_y05_run05_eval_debug.csv,C:\Users\ytyla\Documents\GitHub\robot_eel\mujoco_simulation\outputs\csv_png\fixed_gait_trajectories_mean\ppo_turn_left_a20_y05_run05_trajectory.csv,C:\Users\ytyla\Documents\GitHub\robot_eel\mujoco_simulation\outputs\csv_png\fixed_gait_trajectories_mean\ppo_turn_left_a20_y05_run05_trajectory.png,C:\Users\ytyla\Documents\GitHub\robot_eel\mujoco_simulation\outputs\csv_png\fixed_gait_trajectories_mean\ppo_turn_left_a20_y05_run05_summary.json,C:\Users\ytyla\Documents\GitHub\robot_eel\mujoco_simulation\outputs\csv_png\fitted_curve_comparison_mean\sim_ppo_turn_left_a20_y05_run05_fitted_rotated.png,C:\Users\ytyla\Documents\GitHub\robot_eel\mujoco_simulation\outputs\csv_png\fitted_curve_comparison_mean\ppo_turn_left_a20_y05_run05_fitted_summary.json,C:\Users\ytyla\Documents\GitHub\robot_eel\mujoco_simulation\outputs\batch_logs\ppo_turn_left_a20_y05_run05.train.log,
ppo_turn_left_a20_y07_run01,yaw,left,0.7,done,2026-06-16 05:03:56,2026-06-16 05:21:27,C:\Users\ytyla\Documents\GitHub\robot_eel\mujoco_simulation\outputs\zips\ppo_turn_left_a20_y07_run01.zip,C:\Users\ytyla\Documents\GitHub\robot_eel\mujoco_simulation\outputs\json\rl_gaits\ppo_turn_left_a20_y07_run01.json,C:\Users\ytyla\Documents\GitHub\robot_eel\mujoco_simulation\outputs\csv_png\ppo_turn_left_a20_y07_run01_eval_reward.csv,C:\Users\ytyla\Documents\GitHub\robot_eel\mujoco_simulation\outputs\csv_png\ppo_turn_left_a20_y07_run01_eval_reward.png,C:\Users\ytyla\Documents\GitHub\robot_eel\mujoco_simulation\outputs\csv_png\ppo_turn_left_a20_y07_run01_eval_debug.csv,C:\Users\ytyla\Documents\GitHub\robot_eel\mujoco_simulation\outputs\csv_png\fixed_gait_trajectories_mean\ppo_turn_left_a20_y07_run01_trajectory.csv,C:\Users\ytyla\Documents\GitHub\robot_eel\mujoco_simulation\outputs\csv_png\fixed_gait_trajectories_mean\ppo_turn_left_a20_y07_run01_trajectory.png,C:\Users\ytyla\Documents\GitHub\robot_eel\mujoco_simulation\outputs\csv_png\fixed_gait_trajectories_mean\ppo_turn_left_a20_y07_run01_summary.json,C:\Users\ytyla\Documents\GitHub\robot_eel\mujoco_simulation\outputs\csv_png\fitted_curve_comparison_mean\sim_ppo_turn_left_a20_y07_run01_fitted_rotated.png,C:\Users\ytyla\Documents\GitHub\robot_eel\mujoco_simulation\outputs\csv_png\fitted_curve_comparison_mean\ppo_turn_left_a20_y07_run01_fitted_summary.json,C:\Users\ytyla\Documents\GitHub\robot_eel\mujoco_simulation\outputs\batch_logs\ppo_turn_left_a20_y07_run01.train.log,
ppo_turn_left_a20_y07_run02,yaw,left,0.7,done,2026-06-16 05:21:27,2026-06-16 05:38:57,C:\Users\ytyla\Documents\GitHub\robot_eel\mujoco_simulation\outputs\zips\ppo_turn_left_a20_y07_run02.zip,C:\Users\ytyla\Documents\GitHub\robot_eel\mujoco_simulation\outputs\json\rl_gaits\ppo_turn_left_a20_y07_run02.json,C:\Users\ytyla\Documents\GitHub\robot_eel\mujoco_simulation\outputs\csv_png\ppo_turn_left_a20_y07_run02_eval_reward.csv,C:\Users\ytyla\Documents\GitHub\robot_eel\mujoco_simulation\outputs\csv_png\ppo_turn_left_a20_y07_run02_eval_reward.png,C:\Users\ytyla\Documents\GitHub\robot_eel\mujoco_simulation\outputs\csv_png\ppo_turn_left_a20_y07_run02_eval_debug.csv,C:\Users\ytyla\Documents\GitHub\robot_eel\mujoco_simulation\outputs\csv_png\fixed_gait_trajectories_mean\ppo_turn_left_a20_y07_run02_trajectory.csv,C:\Users\ytyla\Documents\GitHub\robot_eel\mujoco_simulation\outputs\csv_png\fixed_gait_trajectories_mean\ppo_turn_left_a20_y07_run02_trajectory.png,C:\Users\ytyla\Documents\GitHub\robot_eel\mujoco_simulation\outputs\csv_png\fixed_gait_trajectories_mean\ppo_turn_left_a20_y07_run02_summary.json,C:\Users\ytyla\Documents\GitHub\robot_eel\mujoco_simulation\outputs\csv_png\fitted_curve_comparison_mean\sim_ppo_turn_left_a20_y07_run02_fitted_rotated.png,C:\Users\ytyla\Documents\GitHub\robot_eel\mujoco_simulation\outputs\csv_png\fitted_curve_comparison_mean\ppo_turn_left_a20_y07_run02_fitted_summary.json,C:\Users\ytyla\Documents\GitHub\robot_eel\mujoco_simulation\outputs\batch_logs\ppo_turn_left_a20_y07_run02.train.log,
ppo_turn_left_a20_y07_run03,yaw,left,0.7,done,2026-06-16 05:38:57,2026-06-16 05:56:24,C:\Users\ytyla\Documents\GitHub\robot_eel\mujoco_simulation\outputs\zips\ppo_turn_left_a20_y07_run03.zip,C:\Users\ytyla\Documents\GitHub\robot_eel\mujoco_simulation\outputs\json\rl_gaits\ppo_turn_left_a20_y07_run03.json,C:\Users\ytyla\Documents\GitHub\robot_eel\mujoco_simulation\outputs\csv_png\ppo_turn_left_a20_y07_run03_eval_reward.csv,C:\Users\ytyla\Documents\GitHub\robot_eel\mujoco_simulation\outputs\csv_png\ppo_turn_left_a20_y07_run03_eval_reward.png,C:\Users\ytyla\Documents\GitHub\robot_eel\mujoco_simulation\outputs\csv_png\ppo_turn_left_a20_y07_run03_eval_debug.csv,C:\Users\ytyla\Documents\GitHub\robot_eel\mujoco_simulation\outputs\csv_png\fixed_gait_trajectories_mean\ppo_turn_left_a20_y07_run03_trajectory.csv,C:\Users\ytyla\Documents\GitHub\robot_eel\mujoco_simulation\outputs\csv_png\fixed_gait_trajectories_mean\ppo_turn_left_a20_y07_run03_trajectory.png,C:\Users\ytyla\Documents\GitHub\robot_eel\mujoco_simulation\outputs\csv_png\fixed_gait_trajectories_mean\ppo_turn_left_a20_y07_run03_summary.json,C:\Users\ytyla\Documents\GitHub\robot_eel\mujoco_simulation\outputs\csv_png\fitted_curve_comparison_mean\sim_ppo_turn_left_a20_y07_run03_fitted_rotated.png,C:\Users\ytyla\Documents\GitHub\robot_eel\mujoco_simulation\outputs\csv_png\fitted_curve_comparison_mean\ppo_turn_left_a20_y07_run03_fitted_summary.json,C:\Users\ytyla\Documents\GitHub\robot_eel\mujoco_simulation\outputs\batch_logs\ppo_turn_left_a20_y07_run03.train.log,
ppo_turn_left_a20_y07_run04,yaw,left,0.7,done,2026-06-16 05:56:24,2026-06-16 06:13:45,C:\Users\ytyla\Documents\GitHub\robot_eel\mujoco_simulation\outputs\zips\ppo_turn_left_a20_y07_run04.zip,C:\Users\ytyla\Documents\GitHub\robot_eel\mujoco_simulation\outputs\json\rl_gaits\ppo_turn_left_a20_y07_run04.json,C:\Users\ytyla\Documents\GitHub\robot_eel\mujoco_simulation\outputs\csv_png\ppo_turn_left_a20_y07_run04_eval_reward.csv,C:\Users\ytyla\Documents\GitHub\robot_eel\mujoco_simulation\outputs\csv_png\ppo_turn_left_a20_y07_run04_eval_reward.png,C:\Users\ytyla\Documents\GitHub\robot_eel\mujoco_simulation\outputs\csv_png\ppo_turn_left_a20_y07_run04_eval_debug.csv,C:\Users\ytyla\Documents\GitHub\robot_eel\mujoco_simulation\outputs\csv_png\fixed_gait_trajectories_mean\ppo_turn_left_a20_y07_run04_trajectory.csv,C:\Users\ytyla\Documents\GitHub\robot_eel\mujoco_simulation\outputs\csv_png\fixed_gait_trajectories_mean\ppo_turn_left_a20_y07_run04_trajectory.png,C:\Users\ytyla\Documents\GitHub\robot_eel\mujoco_simulation\outputs\csv_png\fixed_gait_trajectories_mean\ppo_turn_left_a20_y07_run04_summary.json,C:\Users\ytyla\Documents\GitHub\robot_eel\mujoco_simulation\outputs\csv_png\fitted_curve_comparison_mean\sim_ppo_turn_left_a20_y07_run04_fitted_rotated.png,C:\Users\ytyla\Documents\GitHub\robot_eel\mujoco_simulation\outputs\csv_png\fitted_curve_comparison_mean\ppo_turn_left_a20_y07_run04_fitted_summary.json,C:\Users\ytyla\Documents\GitHub\robot_eel\mujoco_simulation\outputs\batch_logs\ppo_turn_left_a20_y07_run04.train.log,
ppo_turn_left_a20_y07_run05,yaw,left,0.7,done,2026-06-16 06:13:45,2026-06-16 06:30:53,C:\Users\ytyla\Documents\GitHub\robot_eel\mujoco_simulation\outputs\zips\ppo_turn_left_a20_y07_run05.zip,C:\Users\ytyla\Documents\GitHub\robot_eel\mujoco_simulation\outputs\json\rl_gaits\ppo_turn_left_a20_y07_run05.json,C:\Users\ytyla\Documents\GitHub\robot_eel\mujoco_simulation\outputs\csv_png\ppo_turn_left_a20_y07_run05_eval_reward.csv,C:\Users\ytyla\Documents\GitHub\robot_eel\mujoco_simulation\outputs\csv_png\ppo_turn_left_a20_y07_run05_eval_reward.png,C:\Users\ytyla\Documents\GitHub\robot_eel\mujoco_simulation\outputs\csv_png\ppo_turn_left_a20_y07_run05_eval_debug.csv,C:\Users\ytyla\Documents\GitHub\robot_eel\mujoco_simulation\outputs\csv_png\fixed_gait_trajectories_mean\ppo_turn_left_a20_y07_run05_trajectory.csv,C:\Users\ytyla\Documents\GitHub\robot_eel\mujoco_simulation\outputs\csv_png\fixed_gait_trajectories_mean\ppo_turn_left_a20_y07_run05_trajectory.png,C:\Users\ytyla\Documents\GitHub\robot_eel\mujoco_simulation\outputs\csv_png\fixed_gait_trajectories_mean\ppo_turn_left_a20_y07_run05_summary.json,C:\Users\ytyla\Documents\GitHub\robot_eel\mujoco_simulation\outputs\csv_png\fitted_curve_comparison_mean\sim_ppo_turn_left_a20_y07_run05_fitted_rotated.png,C:\Users\ytyla\Documents\GitHub\robot_eel\mujoco_simulation\outputs\csv_png\fitted_curve_comparison_mean\ppo_turn_left_a20_y07_run05_fitted_summary.json,C:\Users\ytyla\Documents\GitHub\robot_eel\mujoco_simulation\outputs\batch_logs\ppo_turn_left_a20_y07_run05.train.log,
